bhk,propertytype,location,sqft,totalprice
3,Flat,Ahmedabad,1346,15700000
4,Flat,Ahmedabad,1872,17500000
4,Flat,Ahmedabad,1650,20200000
5,Flat,Ahmedabad,10201,86700000
3,Flat,Ahmedabad,968,10400000
4,Flat,Ahmedabad,4608,29400000
4,Flat,Ahmedabad,5680,66200000
4,Flat,Ahmedabad,4941,44500000
3,Flat,Ahmedabad,1199,18500000
5,Flat,Ahmedabad,4863,31400000
3,Flat,Ahmedabad,966,7970000
3,Flat,Ahmedabad,1300,10000000
4,Flat,Ahmedabad,3829,42300000
3,Flat,Ahmedabad,2520,13000000
5,Flat,Ahmedabad,3415,34100000
5,Flat,Ahmedabad,2974,38800000
4,Flat,Ahmedabad,5599,25200000
3,Flat,Ahmedabad,1926,16399999
5,Flat,Ahmedabad,2772,27700000
4,Flat,Ahmedabad,3133,18000000
3,Flat,Ahmedabad,861,8000000
3,Flat,Ahmedabad,1529,6509999
4,Villa,Ahmedabad,6975,100000000
2,Flat,Ahmedabad,1305,5270000
4,Flat,Ahmedabad,1824,19000000
6,Flat,Ahmedabad,6841,103300000
4,Flat,Ahmedabad,1928,14900000
5,Flat,Ahmedabad,2772,28000000
4,Villa,Ahmedabad,4104,50000000
4,Flat,Ahmedabad,3100,11299999
3,Flat,Ahmedabad,1300,10400000
3,Flat,Ahmedabad,963,9600000
4,Flat,Ahmedabad,2580,15000000
5,Flat,Ahmedabad,6840,61500000
3,Flat,Ahmedabad,968,7759999
4,Flat,Ahmedabad,4349,41300000
3,Flat,Ahmedabad,2493,12100000
4,Flat,Ahmedabad,2363,32200000
4,Flat,Ahmedabad,3351,19400000
4,Flat,Ahmedabad,3900,18300000
4,Flat,Ahmedabad,2118,15400000
4,Flat,Ahmedabad,3260,16299999
3,Flat,Ahmedabad,1827,6290000
3,Flat,Ahmedabad,1080,7030000
3,Flat,Ahmedabad,896,7000000
4,Flat,Ahmedabad,3827,29200000
4,Flat,Ahmedabad,4415,23500000
2,Flat,Ahmedabad,1350,5450000
3,Flat,Ahmedabad,3042,14500000
3,Flat,Ahmedabad,1935,8550000
3,Flat,Ahmedabad,1935,10800000
4,Flat,Ahmedabad,1545,15600000
4,Flat,Ahmedabad,2008,32200000
3,Flat,Ahmedabad,787,6940000
3,Flat,Ahmedabad,1386,17000000
4,Flat,Ahmedabad,1743,20600000
4,Flat,Ahmedabad,2376,14300000
4,Flat,Ahmedabad,3335,57600000
4,Flat,Ahmedabad,1750,20600000
3,Flat,Ahmedabad,890,5350000
3,Flat,Ahmedabad,1801,6840000
4,Flat,Ahmedabad,2124,17800000
5,Flat,Ahmedabad,8015,73700000
3,Flat,Ahmedabad,1750,8330000
4,Flat,Ahmedabad,1765,21200000
4,Flat,Ahmedabad,2035,35000000
3,Flat,Ahmedabad,1445,13100000
3,Flat,Ahmedabad,945,7350000
5,Flat,Ahmedabad,7650,80300000
3,Flat,Ahmedabad,1850,9000000
3,Flat,Ahmedabad,1458,17500000
3,Flat,Ahmedabad,800,7000000
3,Flat,Ahmedabad,1015,15400000
2,Flat,Ahmedabad,809,5600000
5,Flat,Ahmedabad,6623,95000000
5,Flat,Ahmedabad,3000,41000000
4,Flat,Ahmedabad,2163,25400000
3,Flat,Ahmedabad,1046,11500000
4,Flat,Ahmedabad,1639,25000000
3,Flat,Ahmedabad,1550,6800000
3,Flat,Ahmedabad,1260,8400000
4,Villa,Ahmedabad,2700,34200000
3,Flat,Ahmedabad,1500,9000000
5,Flat,Ahmedabad,4311,82200000
2,Flat,Ahmedabad,740,5400000
4,Flat,Ahmedabad,1703,14700000
4,Flat,Ahmedabad,4464,31200000
4,Flat,Ahmedabad,3187,43200000
3,Flat,Ahmedabad,1260,10400000
3,Flat,Ahmedabad,1750,7530000
3,Flat,Ahmedabad,968,7220000
2,Flat,Ahmedabad,647,5170000
4,Flat,Ahmedabad,4130,24700000
3,Flat,Ahmedabad,1150,12100000
4,Flat,Ahmedabad,2385,28900000
4,Flat,Ahmedabad,1810,17500000
4,Flat,Ahmedabad,6100,57900000
3,Flat,Ahmedabad,1795,7540000
3,Flat,Ahmedabad,2368,18000000
3,Flat,Ahmedabad,1350,20000000
4,Flat,Ahmedabad,1382,13300000
4,Flat,Ahmedabad,2396,27200000
4,Flat,Ahmedabad,1760,40000000
4,Flat,Ahmedabad,3240,35100000
4,Flat,Ahmedabad,2237,35800000
3,Flat,Ahmedabad,1065,11100000
3,Flat,Ahmedabad,968,7000000
3,Flat,Ahmedabad,836,6900000
3,Flat,Ahmedabad,886,7100000
3,Flat,Ahmedabad,1178,10400000
4,Flat,Ahmedabad,2065,23000000
4,Flat,Ahmedabad,3625,62600000
4,Flat,Ahmedabad,2350,42300000
5,Villa,Ahmedabad,6300,80000000
3,Flat,Ahmedabad,968,8450000
3,Flat,Ahmedabad,968,6830000
3,Flat,Ahmedabad,1035,10800000
3,Flat,Ahmedabad,1760,8500000
3,Flat,Ahmedabad,1413,12700000
3,Flat,Ahmedabad,1066,10700000
3,Flat,Ahmedabad,1316,17500000
3,Flat,Ahmedabad,1936,11200000
2,Flat,Ahmedabad,647,6000000
4,Flat,Ahmedabad,2034,20500000
4,Flat,Ahmedabad,1830,15600000
3,Flat,Ahmedabad,1411,12800000
3,Flat,Ahmedabad,1150,8890000
4,Flat,Ahmedabad,2100,27400000
4,Flat,Ahmedabad,1382,15000000
3,Flat,Ahmedabad,968,7040000
2,Flat,Ahmedabad,610,5000000
4,Flat,Ahmedabad,6315,45700000
4,Flat,Ahmedabad,5750,60900000
4,Flat,Ahmedabad,2475,40100000
4,Flat,Ahmedabad,3829,42500000
4,Flat,Ahmedabad,2350,40500000
4,Flat,Ahmedabad,3829,43800000
4,House,Ahmedabad,1521,32500000
3,Flat,Ahmedabad,1946,23500000
4,Flat,Ahmedabad,1810,19100000
5,Villa,Ahmedabad,3150,40000000
2,Flat,Ahmedabad,1210,5400000
1,Flat,Ahmedabad,585,5050000
3,Flat,Ahmedabad,968,8400000
2,Flat,Ahmedabad,1053,5500000
4,Villa,Ahmedabad,4158,13799999
3,Flat,Ahmedabad,1435,7000000
2,Villa,Ahmedabad,5814,40000000
3,Flat,Ahmedabad,2148,11399999
2,Flat,Ahmedabad,972,3800000
3,Flat,Ahmedabad,1510,6400000
4,Flat,Ahmedabad,3080,47500000
3,Flat,Ahmedabad,1197,11000000
5,Flat,Ahmedabad,3849,21000000
3,Flat,Ahmedabad,560,9000000
3,Flat,Ahmedabad,1232,8200000
3,House,Ahmedabad,3150,60000000
4,House,Ahmedabad,1515,13500000
3,Flat,Ahmedabad,1178,9640000
3,House,Ahmedabad,900,9700000
3,Flat,Ahmedabad,935,8370000
3,Flat,Ahmedabad,1435,9500000
4,Flat,Ahmedabad,2200,36500000
4,Flat,Ahmedabad,2133,20200000
4,Flat,Ahmedabad,3829,41700000
3,Villa,Ahmedabad,1890,5500000
3,Flat,Ahmedabad,1118,11800000
3,Flat,Ahmedabad,1450,7000000
4,Flat,Ahmedabad,1500,17500000
5,Flat,Ahmedabad,3850,45500000
4,Flat,Ahmedabad,2035,17200000
3,Flat,Ahmedabad,1100,8970000
3,Flat,Ahmedabad,990,8400000
3,Flat,Ahmedabad,1260,12500000
5,Flat,Ahmedabad,4420,66500000
2,Flat,Ahmedabad,805,3100000
3,Flat,Ahmedabad,600,6000000
3,Flat,Ahmedabad,990,6870000
4,Flat,Ahmedabad,2124,19600000
2,Flat,Ahmedabad,857,5500000
3,Villa,Ahmedabad,1800,27500000
2,Flat,Ahmedabad,999,4700000
4,Villa,Ahmedabad,3195,35800000
4,Flat,Ahmedabad,2589,27500000
2,Flat,Ahmedabad,700,5480000
3,Flat,Ahmedabad,1000,8200000
3,Flat,Ahmedabad,1106,6850000
2,Flat,Ahmedabad,737,4500000
3,Flat,Ahmedabad,1435,17800000
3,Flat,Ahmedabad,1085,9000000
2,Flat,Ahmedabad,724,6800000
4,Flat,Ahmedabad,3650,36000000
4,Flat,Ahmedabad,2780,22000000
2,Flat,Ahmedabad,777,8000000
2,Flat,Ahmedabad,900,8700000
3,Flat,Ahmedabad,1260,12000000
2,Flat,Ahmedabad,1269,7100000
3,Flat,Ahmedabad,1217,10500000
2,House,Ahmedabad,1575,16000000
3,Flat,Ahmedabad,1600,19500000
2,Flat,Ahmedabad,1323,4100000
2,Flat,Ahmedabad,577,4500000
3,Flat,Ahmedabad,808,6500000
3,Flat,Ahmedabad,2250,14000000
1,Flat,Ahmedabad,580,3550000
4,House,Ahmedabad,1935,38500000
4,Flat,Ahmedabad,2200,19600000
2,Flat,Ahmedabad,749,3550000
3,Flat,Ahmedabad,963,9200000
3,Flat,Ahmedabad,968,8000000
2,Flat,Ahmedabad,696,4500000
3,Flat,Ahmedabad,850,7800000
2,Flat,Ahmedabad,819,7000000
3,Flat,Ahmedabad,2340,26000000
2,Flat,Ahmedabad,573,4000000
2,Flat,Ahmedabad,850,5660000
3,Flat,Ahmedabad,1260,18500000
3,Villa,Ahmedabad,2100,26500000
2,Flat,Ahmedabad,900,7500000
3,Flat,Ahmedabad,1393,10500000
2,Flat,Ahmedabad,850,5000000
4,Flat,Ahmedabad,1908,19000000
4,Villa,Ahmedabad,1575,19500000
2,Flat,Ahmedabad,466,4100000
3,Flat,Ahmedabad,1337,9900000
4,Flat,Ahmedabad,3440,30000000
2,Flat,Ahmedabad,674,6000000
1,Flat,Ahmedabad,422,2800000
3,Flat,Ahmedabad,912,9500000
5,House,Ahmedabad,3420,88900000
3,Flat,Ahmedabad,1503,5500000
1,Flat,Ahmedabad,486,3500000
3,Flat,Ahmedabad,774,4900000
4,Villa,Ahmedabad,3735,33500000
3,Flat,Ahmedabad,750,9000000
2,Flat,Ahmedabad,819,5280000
2,Flat,Ahmedabad,840,4600000
3,Flat,Ahmedabad,2043,12200000
3,Flat,Ahmedabad,839,11000000
2,Flat,Ahmedabad,810,4200000
2,Flat,Ahmedabad,976,6500000
3,Flat,Ahmedabad,1431,12500000
3,House,Ahmedabad,1266,8500000
2,Flat,Ahmedabad,1530,9500000
3,Flat,Ahmedabad,1267,13000000
4,Flat,Ahmedabad,2590,24000000
3,Flat,Ahmedabad,1710,12000000
2,Flat,Ahmedabad,938,7200000
2,Flat,Ahmedabad,770,5000000
2,Flat,Ahmedabad,882,4200000
4,Villa,Ahmedabad,1134,23000000
2,Flat,Ahmedabad,913,6000000
2,Flat,Ahmedabad,1085,4900000
2,Flat,Ahmedabad,1001,6700000
2,Flat,Ahmedabad,1305,6000000
4,Flat,Ahmedabad,2340,10900000
5,Flat,Ahmedabad,2638,17500000
2,Flat,Ahmedabad,670,3300000
2,Flat,Ahmedabad,735,4700000
3,Flat,Ahmedabad,1155,9000000
3,Villa,Ahmedabad,567,15000000
4,Villa,Ahmedabad,4095,45000000
2,Flat,Ahmedabad,907,7650000
4,Villa,Ahmedabad,1953,38000000
2,Flat,Ahmedabad,812,5800000
3,Flat,Ahmedabad,1304,24000000
2,Flat,Ahmedabad,693,4400000
3,House,Ahmedabad,1134,25000000
3,Flat,Ahmedabad,1050,7000000
5,House,Ahmedabad,2016,50000000
3,Flat,Ahmedabad,546,6500000
3,Flat,Ahmedabad,1330,8000000
4,Villa,Ahmedabad,1750,52500000
4,House,Ahmedabad,1680,49000000
4,Flat,Ahmedabad,2456,19000000
2,Flat,Ahmedabad,618,6500000
4,Flat,Ahmedabad,2005,26500000
3,Flat,Ahmedabad,1935,17000000
1,Flat,Ahmedabad,441,2500000
3,Flat,Ahmedabad,1044,7500000
1,Flat,Ahmedabad,648,3500000
3,Flat,Ahmedabad,1899,7500000
3,Flat,Ahmedabad,1980,30000000
3,House,Ahmedabad,1430,20000000
2,House,Ahmedabad,990,7490000
2,House,Amritsar,1080,9000000
2,Flat,Amritsar,1039,6200000
2,House,Amritsar,1503,7500000
2,House,Amritsar,1125,3800000
3,House,Amritsar,1100,6000000
3,Villa,Amritsar,900,7000000
2,House,Amritsar,1080,3850000
2,Flat,Amritsar,750,1500000
2,House,Amritsar,680,2100000
3,House,Amritsar,750,4000000
2,House,Amritsar,1000,2600000
2,House,Amritsar,167,7600000
3,House,Amritsar,1400,5600000
2,House,Amritsar,630,2500000
2,Flat,Amritsar,1500,4400000
3,House,Amritsar,1700,7500000
3,House,Amritsar,892,5500000
3,House,Amritsar,2500,8000000
3,Flat,Amritsar,1500,4500000
3,House,Amritsar,3000,35000000
3,House,Amritsar,1350,4200000
3,House,Amritsar,1944,4000000
2,House,Amritsar,1500,3300000
2,House,Amritsar,152,5000000
2,House,Amritsar,235,15000000
2,Flat,Amritsar,1650,4500000
2,House,Amritsar,800,4000000
3,House,Amritsar,900,4600000
3,House,Amritsar,1250,4200000
3,House,Amritsar,900,6500000
3,House,Amritsar,1350,7500000
2,Flat,Amritsar,700,1500000
2,House,Amritsar,1500,18000000
3,House,Amritsar,1404,5000000
3,House,Amritsar,450,2500000
3,House,Amritsar,800,6500000
2,House,Amritsar,675,1600000
3,House,Amritsar,612,250000
3,House,Amritsar,1404,4700000
3,House,Amritsar,850,2000000
3,House,Amritsar,1000,5500000
2,House,Amritsar,468,1500000
3,House,Amritsar,1800,4000000
3,House,Amritsar,1200,6500000
3,Villa,Amritsar,1080,2400000
3,House,Amritsar,1000,3500000
3,House,Amritsar,1614,8500000
2,House,Amritsar,900,4000000
3,House,Amritsar,1030,6000000
3,House,Amritsar,945,2800000
3,House,Amritsar,2200,15000000
2,House,Amritsar,1125,3100000
2,House,Amritsar,1350,11000000
2,Villa,Amritsar,900,2950000
3,House,Amritsar,2100,6500000
3,House,Amritsar,1088,9000000
2,House,Amritsar,810,2800000
2,Villa,Amritsar,3015,14000000
2,House,Amritsar,1350,4000000
3,Flat,Amritsar,2086,9000000
3,House,Amritsar,1420,6500000
3,House,Amritsar,2500,5000000
2,House,Amritsar,1836,4800000
3,House,Amritsar,1600,7000000
3,House,Amritsar,2180,7000000
2,House,Amritsar,513,1600000
2,House,Amritsar,700,1700000
3,House,Amritsar,3487,12500000
3,House,Amritsar,1620,3700000
3,House,Amritsar,2500,60000000
2,House,Amritsar,565,7500000
2,House,Amritsar,700,2400000
2,House,Amritsar,900,2500000
3,House,Amritsar,137,9500000
2,House,Amritsar,927,2850000
2,House,Amritsar,1500,10000000
3,House,Amritsar,1350,1850000
2,House,Amritsar,1132,2550000
3,House,Amritsar,1800,3500000
3,House,Amritsar,765,450000000
3,House,Amritsar,410,1900000
3,House,Amritsar,990,2800000
3,Flat,Amritsar,1300,4000000
3,House,Amritsar,1512,4500000
3,Villa,Amritsar,2700,14000000
3,House,Amritsar,288,1600000
2,House,Amritsar,936,5300000
3,House,Amritsar,630,1000000
3,House,Amritsar,4275,8700000
2,House,Amritsar,1125,3000000
3,House,Amritsar,585,4500000
2,House,Amritsar,115,2000000
2,House,Amritsar,1887,5000000
3,House,Amritsar,1250,2700000
3,House,Amritsar,990,2700000
2,House,Amritsar,900,1600000
2,Flat,Amritsar,1700,3700000
2,House,Amritsar,1584,4500000
3,Villa,Amritsar,1035,9840000
2,House,Amritsar,850,2100000
2,House,Amritsar,1000,3000000
3,Flat,Amritsar,1550,4700000
3,House,Amritsar,495,2500000
3,House,Amritsar,270,15000000
3,House,Amritsar,963,7500000
3,House,Amritsar,1000,3000000
2,House,Amritsar,720,3000000
2,House,Amritsar,450,1100000
3,House,Amritsar,900,780000
3,House,Amritsar,667,140000
3,House,Amritsar,1296,2200000
2,House,Amritsar,576,550000
2,House,Amritsar,1400,1500000
3,House,Amritsar,1701,1500000
2,House,Amritsar,1350,1300000
2,House,Amritsar,1226,4500000
2,House,Amritsar,1062,3900000
3,House,Amritsar,600,5000000
3,House,Amritsar,1260,2800000
2,House,Amritsar,3600,14000000
2,House,Amritsar,3600,14500000
3,Villa,Amritsar,2200,4500000
2,House,Amritsar,450,1500000
2,House,Amritsar,294,2500000
3,House,Amritsar,783,3800000
3,House,Amritsar,1215,2000000
3,House,Amritsar,1256,2800000
3,House,Amritsar,1256,2300000
3,House,Amritsar,1256,9300000
3,House,Amritsar,1256,1470000
2,House,Amritsar,1256,1800000
2,House,Amritsar,1256,5000000
3,House,Amritsar,1256,2250000
3,House,Amritsar,1256,980000
2,House,Amritsar,1256,1750000
2,Flat,Bangalore,1254,10600000
3,Flat,Bangalore,2582,61800000
3,Flat,Bangalore,2084,20800000
2,Flat,Bangalore,1241,11399999
4,Flat,Bangalore,2120,26200000
3,Flat,Bangalore,1933,12100000
2,Flat,Bangalore,1194,14000000
3,Flat,Bangalore,1480,14000000
4,Flat,Bangalore,2697,29000000
2,Flat,Bangalore,875,8440000
2,Flat,Bangalore,1270,14300000
3,Flat,Bangalore,1563,8750000
3,Flat,Bangalore,1666,19900000
3,Flat,Bangalore,1402,11200000
3,Flat,Bangalore,2315,38200000
3,Flat,Bangalore,2112,21400000
3,Flat,Bangalore,645,9230000
3,Flat,Bangalore,1243,11500000
3,Flat,Bangalore,1074,14900000
3,Flat,Bangalore,1575,16800000
4,Flat,Bangalore,2157,26500000
3,Flat,Bangalore,1427,21700000
3,Flat,Bangalore,2409,29400000
3,Flat,Bangalore,1570,13000000
3,Villa,Bangalore,3000,90000000
2,Flat,Bangalore,971,8140000
3,Flat,Bangalore,1494,14900000
3,Flat,Bangalore,1676,34700000
5,Flat,Bangalore,3582,83200000
3,Flat,Bangalore,2084,21900000
4,Flat,Bangalore,2350,71900000
3,Flat,Bangalore,1461,23700000
4,Villa,Bangalore,3490,49100000
3,Flat,Bangalore,1842,26400000
3,Flat,Bangalore,1850,19900000
4,Flat,Bangalore,2211,48500000
4,Flat,Bangalore,4044,64000000
3,Flat,Bangalore,1644,11900000
4,Flat,Bangalore,2094,16700000
4,Flat,Bangalore,2512,30900000
3,Flat,Bangalore,1613,23300000
3,Flat,Bangalore,1595,15800000
5,Flat,Bangalore,6000,70000000
2,Flat,Bangalore,857,15000000
3,Flat,Bangalore,3600,70600000
4,Flat,Bangalore,2168,24300000
4,Flat,Bangalore,1860,36800000
4,Villa,Bangalore,3260,56800000
3,Flat,Bangalore,1150,17300000
3,Flat,Bangalore,2170,21300000
2,Flat,Bangalore,865,8209999
3,Flat,Bangalore,1242,10000000
3,Flat,Bangalore,1660,19800000
3,Flat,Bangalore,1885,27200000
2,Flat,Bangalore,883,9050000
4,Flat,Bangalore,2421,34300000
4,Flat,Bangalore,1759,31600000
3,Flat,Bangalore,2375,53500000
3,Flat,Bangalore,1509,17900000
3,Flat,Bangalore,1539,13300000
4,Villa,Bangalore,6000,138200000
3,Flat,Bangalore,2186,25299999
3,Flat,Bangalore,1850,13799999
3,Flat,Bangalore,1389,10800000
5,Flat,Bangalore,8900,174600000
3,Flat,Bangalore,1906,17500000
4,Flat,Bangalore,2813,38800000
2,Flat,Bangalore,1205,10900000
3,Flat,Bangalore,1462,12500000
3,Flat,Bangalore,1554,16800000
3,Flat,Bangalore,2172,21300000
3,Flat,Bangalore,1870,24200000
4,Flat,Bangalore,2471,35000000
3,Flat,Bangalore,1427,13500000
3,Flat,Bangalore,2017,21100000
2,Flat,Bangalore,1191,16700000
3,Flat,Bangalore,1998,23100000
3,Flat,Bangalore,1785,25200000
4,Flat,Bangalore,2145,21300000
4,Flat,Bangalore,2218,40800000
3,Flat,Bangalore,1862,16600000
3,Flat,Bangalore,2004,28400000
3,Flat,Bangalore,1759,13700000
3,Flat,Bangalore,1785,20000000
4,Flat,Bangalore,2662,31600000
4,Flat,Bangalore,2553,27100000
4,Flat,Bangalore,2670,74800000
4,Flat,Bangalore,3740,49100000
4,Villa,Bangalore,2640,40500000
3,Flat,Bangalore,1075,15300000
4,Villa,Bangalore,3899,39700000
2,Flat,Bangalore,1447,17800000
4,Flat,Bangalore,1474,28000000
3,Flat,Bangalore,1470,14500000
5,Villa,Bangalore,4235,50000000
3,Flat,Bangalore,1931,32799999
4,Flat,Bangalore,2662,30800000
3,Flat,Bangalore,1334,11500000
4,Villa,Bangalore,3261,28200000
3,Flat,Bangalore,1575,20200000
2,Flat,Bangalore,1312,12900000
2,Flat,Bangalore,1644,15600000
2,Flat,Bangalore,1131,9570000
3,Flat,Bangalore,1485,12700000
3,Flat,Bangalore,1447,14300000
3,Flat,Bangalore,1785,18600000
3,Flat,Bangalore,1750,19700000
3,Flat,Bangalore,1661,15700000
4,Villa,Bangalore,3205,26900000
2,Flat,Bangalore,1143,9500000
4,Flat,Bangalore,2730,36200000
3,Flat,Bangalore,2188,25000000
3,Flat,Bangalore,1705,23600000
2,Flat,Bangalore,1354,12700000
2,Flat,Bangalore,920,6050000
4,Flat,Bangalore,2371,21300000
2,Flat,Bangalore,1175,14500000
3,Flat,Bangalore,1764,12300000
2,Flat,Bangalore,933,6780000
3,Flat,Bangalore,1616,11000000
1,Flat,Bangalore,680,3750000
3,Flat,Bangalore,1715,22599999
3,Flat,Bangalore,1649,12800000
3,Flat,Bangalore,1892,23200000
3,Flat,Bangalore,1967,14300000
2,Flat,Bangalore,1524,16800000
3,Flat,Bangalore,1931,15500000
3,Flat,Bangalore,1550,14700000
3,Flat,Bangalore,1601,14800000
3,Flat,Bangalore,1660,16800000
3,Flat,Bangalore,1693,17100000
2,Flat,Bangalore,1168,10200000
3,Flat,Bangalore,1625,12000000
4,House,Bangalore,3291,22200000
2,Flat,Bangalore,1345,15100000
3,Flat,Bangalore,1540,10000000
3,Flat,Bangalore,2152,23000000
3,Flat,Bangalore,1800,12600000
3,Flat,Bangalore,1770,18700000
4,House,Bangalore,3201,27700000
3,Flat,Bangalore,1885,12800000
2,Flat,Bangalore,1310,18500000
3,Flat,Bangalore,1600,12500000
3,Flat,Bangalore,1560,17500000
2,Flat,Bangalore,1225,17100000
3,Flat,Bangalore,1841,18400000
3,Flat,Bangalore,1638,15700000
2,Flat,Bangalore,1260,12800000
3,Villa,Bangalore,2750,18500000
3,Flat,Bangalore,2122,24500000
4,Flat,Bangalore,2000,45000000
2,Flat,Bangalore,1225,8570000
3,Flat,Bangalore,1685,17400000
3,Flat,Bangalore,1900,22500000
3,Flat,Bangalore,1200,17500000
4,Flat,Bangalore,2250,21300000
2,Flat,Bangalore,1417,14100000
1,Flat,Bangalore,767,7909999
3,Flat,Bangalore,1916,13300000
4,Flat,Bangalore,1645,37000000
2,Flat,Bangalore,1125,7370000
4,Flat,Bangalore,2481,33200000
3,Flat,Bangalore,2500,55000000
2,Flat,Bangalore,1155,13500000
2,Flat,Bangalore,1025,10800000
3,Flat,Bangalore,1599,18800000
3,Flat,Bangalore,1890,32000000
3,Flat,Bangalore,1891,16000000
3,Villa,Bangalore,2000,20000000
3,Flat,Bangalore,850,15500000
3,Flat,Bangalore,1680,9160000
3,Flat,Bangalore,1441,8209999
3,Flat,Bangalore,1277,21900000
3,Flat,Bangalore,1200,5200000
4,Villa,Bangalore,2870,39500000
3,Villa,Bangalore,1350,11000000
3,Flat,Bangalore,1531,15000000
5,Villa,Bangalore,3180,25099999
2,Flat,Bangalore,725,8100000
3,Flat,Bangalore,1545,25299999
3,Flat,Bangalore,1071,13200000
3,Flat,Bangalore,1540,8300000
2,Flat,Bangalore,934,17000000
3,Flat,Bangalore,1645,27000000
4,Flat,Bangalore,5800,98000000
2,Flat,Bangalore,923,10600000
3,Flat,Bangalore,1223,17500000
2,Flat,Bangalore,870,11000000
3,Flat,Bangalore,1800,25700000
2,Flat,Bangalore,1000,17500000
3,Flat,Bangalore,1760,34000000
3,Flat,Bangalore,1430,21300000
4,Villa,Bangalore,5600,65000000
3,Flat,Bangalore,1865,55300000
3,Flat,Bangalore,2050,32000000
3,Flat,Bangalore,1121,29000000
3,Flat,Bangalore,1350,25000000
3,Flat,Bangalore,1650,27500000
2,Flat,Bangalore,815,10700000
2,Flat,Bangalore,1141,12800000
3,Flat,Bangalore,1800,29900000
2,Flat,Bangalore,900,8300000
3,Flat,Bangalore,1786,17400000
4,Flat,Bangalore,2845,27000000
4,Flat,Bangalore,1986,42400000
4,Flat,Bangalore,7792,120000000
4,Villa,Bangalore,1700,30000000
2,Flat,Bangalore,895,4800000
2,Flat,Bangalore,1035,13300000
2,Flat,Bangalore,638,12000000
3,Flat,Bangalore,1506,13000000
3,Flat,Bangalore,1411,16900000
4,Flat,Bangalore,3095,18500000
3,Flat,Bangalore,1300,16500000
3,Flat,Bangalore,1520,26800000
3,Flat,Bangalore,985,6140000
3,Flat,Bangalore,1900,27500000
3,Flat,Bangalore,1008,14000000
2,Flat,Bangalore,899,11200000
3,Flat,Bangalore,1194,18000000
3,Flat,Bangalore,1020,18800000
3,Flat,Bangalore,1574,22000000
3,Flat,Bangalore,1606,14200000
3,Flat,Bangalore,1900,27400000
2,Flat,Bangalore,888,7500000
3,Flat,Bangalore,1522,16800000
2,Flat,Bangalore,830,12400000
3,Flat,Bangalore,1748,11000000
1,Flat,Bangalore,633,4800000
2,Flat,Bangalore,1355,19000000
3,Flat,Bangalore,1480,12000000
3,Flat,Bangalore,2500,34000000
4,Flat,Bangalore,2500,28500000
2,Flat,Bangalore,1305,9790000
3,Flat,Bangalore,1732,12100000
3,Flat,Bangalore,1470,21500000
3,Flat,Bangalore,1611,23300000
3,Flat,Bangalore,1317,26000000
3,Flat,Bangalore,1209,9630000
4,Flat,Bangalore,2244,33000000
4,Villa,Bangalore,2655,22000000
2,Flat,Bangalore,1000,10000000
2,Flat,Bangalore,1152,7259999
2,Flat,Bangalore,1100,12583100
3,Flat,Bangalore,1662,53500000
3,Flat,Bangalore,1515,14500000
4,Villa,Bangalore,2870,39000000
2,Flat,Bangalore,718,13500000
2,Flat,Bangalore,1040,5800000
3,Flat,Bangalore,1551,23200000
4,Flat,Bangalore,2118,8580000
3,Flat,Bangalore,2000,28600000
3,Flat,Bangalore,1298,29500000
3,Flat,Bangalore,1247,14700000
3,Flat,Bangalore,1135,28300000
3,Flat,Bangalore,1770,20000000
3,Flat,Bangalore,1729,9330000
5,Villa,Bangalore,2900,56000000
2,Flat,Bangalore,1110,7530000
4,Villa,Bangalore,2600,69000000
2,Flat,Bangalore,880,9710000
3,Flat,Bangalore,1252,12500000
3,Flat,Bangalore,1411,22500000
3,Flat,Bangalore,1295,17900000
5,Villa,Bangalore,2325,41000000
2,Flat,Bangalore,929,7400000
3,House,Bangalore,2675,14000000
2,Flat,Bangalore,1199,6800000
4,Flat,Bangalore,5000,62500000
2,Flat,Bangalore,1300,12000000
3,Flat,Bangalore,1141,15000000
3,Flat,Bangalore,1615,12700000
3,Flat,Bangalore,1770,19100000
3,Flat,Bangalore,1350,9560000
2,Flat,Bangalore,1175,13000000
3,Flat,Bangalore,1624,21100000
3,Flat,Bangalore,1074,13000000
2,Flat,Bangalore,811,5130000
3,Flat,Bangalore,750,9000000
4,Flat,Bangalore,2379,26400000
4,Villa,Bangalore,2403,26900000
3,House,Bhilai,1000,3200000
2,Flat,Bhilai,690,2200000
3,Flat,Bhilai,1100,3700000
3,House,Bhilai,1200,6100000
2,Flat,Bhilai,1000,2000000
3,Flat,Bhilai,900,3000000
2,House,Bhilai,1100,4500000
2,House,Bhilai,1300,9000000
2,Flat,Bhilai,1076,3900000
2,Flat,Bhilai,750,2800000
2,Flat,Bhilai,800,2200000
3,Flat,Bhilai,1288,5600000
3,Flat,Bhilai,950,5000000
3,House,Bhilai,1000,3500000
2,House,Bhilai,900,8500000
3,Flat,Bhilai,800,2700000
2,Flat,Bhilai,800,1600000
3,Villa,Bhilai,2300,5200000
3,House,Bhilai,1900,5500000
3,Flat,Bhilai,1352,4800000
3,House,Bhilai,1695,6000000
2,House,Bhilai,1250,4700000
2,Flat,Bhilai,1035,1800000
2,Villa,Bhilai,795,2200000
3,Villa,Bhilai,1800,11000000
3,Flat,Bhilai,960,6000000
2,Flat,Bhilai,661,2000000
3,Villa,Bhilai,1018,5250000
3,House,Bhilai,1500,6500000
3,Flat,Bhilai,1600,4500000
2,Flat,Bhilai,1100,2600000
3,House,Bhilai,1600,3600000
2,Flat,Bhilai,775,1200000
3,House,Bhilai,1800,3300000
2,House,Bhilai,1055,5000000
2,House,Bhilai,1500,10000000
2,House,Bhilai,750,4500000
2,Flat,Bhilai,1400,2800000
2,House,Bhilai,2200,9000000
3,Flat,Bhilai,1256,4900000
3,Flat,Bhilai,900,3200000
3,House,Bhilai,1500,3400000
3,Flat,Bhilai,1800,3100000
3,Flat,Bhilai,1302,2500000
2,Flat,Bhilai,1000,2100000
3,Flat,Bhilai,2182,8300000
3,Flat,Bhilai,1196,4500000
3,House,Bhilai,1320,12000000
3,Flat,Bhilai,1600,7500000
3,Flat,Bhilai,2050,7750000
3,Flat,Bhilai,1320,3600000
3,Villa,Bhilai,775,2800000
2,House,Bhilai,250,3300000
2,Flat,Bhilai,650,1850000
3,Flat,Bhilai,1102,3600000
2,Flat,Bhilai,900,3000000
2,Flat,Bhilai,1757,3200000
2,Flat,Bhilai,770,2500000
3,House,Bhilai,740,4800000
3,Flat,Bhilai,1200,3500000
3,Flat,Bhilai,2200,5000000
2,Flat,Bhilai,535,1850000
2,Flat,Bhilai,650,2500000
2,House,Bhilai,570,2400000
3,Flat,Bhilai,1302,2050000
3,Flat,Bhilai,950,3600000
3,House,Bhilai,1960,8000000
2,Flat,Bhilai,810,2000000
3,House,Bhilai,2400,7600000
3,Flat,Bhilai,1280,5500000
2,House,Bhilai,1150,2200000
2,Flat,Bhilai,1000,3500000
2,House,Bhilai,750,2550000
3,Flat,Bhilai,1200,4000000
2,Flat,Bhilai,1025,1650000
2,House,Bhilai,1100,5350000
2,Flat,Bhilai,1075,2900000
2,Flat,Bhilai,850,1610000
2,Flat,Bhilai,850,2800000
3,Flat,Bhilai,840,2200000
3,Villa,Bhilai,1536,3500000
3,House,Bhilai,1500,4000000
2,Flat,Bhilai,1035,1600000
2,Flat,Bhilai,450,1200000
3,Flat,Bhilai,900,2600000
3,House,Bhilai,1200,7000000
3,Flat,Bhilai,1302,2900000
2,House,Bhilai,800,3000000
3,Flat,Bhilai,1340,2500000
2,House,Bhilai,1000,2550000
3,Flat,Bhilai,1250,2700000
2,Flat,Bhilai,1025,2300000
3,Flat,Bhilai,1646,4500000
3,House,Bhilai,850,3500000
2,Flat,Bhilai,800,2490000
2,Flat,Bhilai,1000,2400000
2,Flat,Bhilai,850,2300000
3,House,Bhilai,1121,15000000
3,Flat,Bhilai,900,2800000
2,House,Bhilai,1100,9700000
2,House,Bhilai,750,2100000
2,Flat,Bhilai,750,1450000
3,Flat,Bhilai,1950,4200000
2,Flat,Bhilai,888,2700000
2,Villa,Bhilai,1280,680000
2,Flat,Bhilai,850,1000000
3,Flat,Bhilai,1210,2000000
3,Flat,Bhilai,1302,2000000
2,House,Bhilai,2000,5000000
3,Villa,Bhilai,1600,5500000
2,Flat,Bhilai,880,1889999
2,House,Bhilai,973,4700000
2,Flat,Bhilai,813,3200000
3,Flat,Bhilai,1648,5200000
3,Flat,Bhilai,1200,2500000
2,Flat,Bhilai,750,210000
2,House,Bhilai,450,700000
3,House,Bhilai,1100,2200000
2,House,Bhilai,1250,2800000
3,House,Bhilai,2200,5500000
2,Flat,Bhilai,1146,1900000
3,Flat,Bhilai,1146,5500000
3,House,Bhilai,1146,4004191
3,Flat,Bhopal,1650,4590000
3,Flat,Bhopal,1726,7800000
3,Villa,Bhopal,1779,15000000
3,Villa,Bhopal,810,8690000
3,Flat,Bhopal,1638,5990000
2,Flat,Bhopal,650,2800000
3,Villa,Bhopal,840,7600000
3,House,Bhopal,1000,15000000
2,Flat,Bhopal,894,2950000
3,House,Bhopal,1100,6200000
2,Flat,Bhopal,754,2500000
3,Flat,Bhopal,1100,5550000
3,House,Bhopal,1130,4700000
2,Flat,Bhopal,1021,2600000
3,House,Bhopal,1250,9500000
2,Flat,Bhopal,1105,2650000
3,Flat,Bhopal,1240,6500000
2,Flat,Bhopal,667,2430000
2,House,Bhopal,2400,8000000
3,Flat,Bhopal,1176,3500000
3,Flat,Bhopal,1782,4200000
2,House,Bhopal,800,1500000
2,Flat,Bhopal,785,2350000
3,Flat,Bhopal,1119,5000000
3,House,Bhopal,1200,10300000
3,Flat,Bhopal,1050,6000000
2,House,Bhopal,1453,8000000
3,Flat,Bhopal,1700,5500000
3,Flat,Bhopal,1460,3500000
2,Flat,Bhopal,1150,4000000
2,House,Bhopal,2000,14900000
3,Flat,Bhopal,920,4500000
3,House,Bhopal,1602,11500000
2,Flat,Bhopal,750,2800000
2,House,Bhopal,900,3500000
3,Flat,Bhopal,960,3000000
3,Flat,Bhopal,1450,3990000
3,Flat,Bhopal,1200,3500000
2,Flat,Bhopal,650,1600000
2,Flat,Bhopal,750,3200000
3,Flat,Bhopal,1380,4900000
3,Flat,Bhopal,1074,2600000
3,Flat,Bhopal,1005,9000000
3,Flat,Bhopal,1246,3500000
3,Flat,Bhopal,2012,24000000
3,Flat,Bhopal,1669,6500000
3,House,Bhopal,1600,6600000
2,Flat,Bhopal,1000,8000000
3,Flat,Bhopal,950,4100000
3,Villa,Bhopal,1500,6500000
3,Flat,Bhopal,1800,25000000
3,House,Bhopal,1400,6500000
3,Flat,Bhopal,1920,9500000
3,House,Bhopal,1400,7000000
2,Flat,Bhopal,800,2000000
2,Flat,Bhopal,740,2600000
3,House,Bhopal,1250,4500000
3,Flat,Bhopal,1000,4000000
3,Flat,Bhopal,1260,3590000
3,Flat,Bhopal,2157,17000000
3,Flat,Bhopal,1250,6200000
3,Flat,Bhopal,950,4800000
2,Flat,Bhopal,700,3000000
3,Villa,Bhopal,1590,7000000
2,Flat,Bhopal,880,2800000
3,Flat,Bhopal,1500,5000000
3,House,Bhopal,1220,4000000
3,Flat,Bhopal,910,2700000
3,House,Bhopal,1000,17500000
2,Flat,Bhopal,600,2500000
2,Flat,Bhopal,784,2850000
2,Flat,Bhopal,715,2100000
3,Villa,Bhopal,1800,7500000
3,Villa,Bhopal,1216,5800000
3,Flat,Bhopal,940,3300000
2,House,Bhopal,1950,4200000
3,House,Bhopal,2000,9000000
2,House,Bhopal,1150,6000000
2,Flat,Bhopal,650,2300000
2,House,Bhopal,600,2500000
2,House,Bhopal,600,3000000
3,Villa,Bhopal,1500,13000000
3,Villa,Bhopal,840,8500000
3,Flat,Bhopal,829,2800000
2,Flat,Bhopal,1150,3500000
2,Flat,Bhopal,480,1700000
3,Flat,Bhopal,1340,4300000
2,Flat,Bhopal,500,1030000
3,Flat,Bhopal,750,5100000
3,Flat,Bhopal,1300,3600000
3,Flat,Bhopal,1205,3900000
3,House,Bhopal,650,6000000
3,Flat,Bhopal,1200,6500000
2,Flat,Bhopal,1100,7500000
2,Flat,Bhopal,800,4500000
3,Flat,Bhopal,750,2500000
3,Flat,Bhopal,880,3800000
2,Flat,Bhopal,550,2000000
3,Flat,Bhopal,1200,5500000
3,Villa,Bhopal,1100,6500000
2,Flat,Bhopal,814,3700000
2,Flat,Bhopal,800,3300000
2,Flat,Bhopal,900,3000000
2,House,Bhopal,3050,7800000
3,House,Bhopal,600,7000000
2,House,Bhopal,1540,4200000
3,Flat,Bhopal,1300,3000000
2,Flat,Bhopal,750,2000000
2,Flat,Bhopal,1200,3500000
2,Villa,Bhopal,600,1800000
2,Flat,Bhopal,592,3500000
3,House,Bhopal,1500,3800000
3,House,Bhopal,1500,8000000
3,House,Bhopal,1350,3600000
3,Villa,Bhopal,2400,47500000
3,Villa,Bhopal,1550,5900000
3,House,Bhopal,900,1500000
2,Flat,Bhopal,600,1400000
3,Villa,Bhopal,2400,15000000
2,House,Bhopal,800,5500000
3,Flat,Bhopal,1000,5500000
3,Villa,Bhopal,900,6000000
2,House,Bhopal,690,2500000
2,House,Bhopal,2100,14000000
3,Flat,Bhopal,1250,7000000
2,Flat,Bhopal,850,2500000
3,Flat,Bhopal,1350,4000000
3,Flat,Bhopal,1180,6000000
2,House,Bhopal,768,9000000
3,Flat,Bhopal,1205,2800000
3,Flat,Bhopal,1185,6300000
3,Villa,Bhopal,1250,7000000
3,Flat,Bhopal,1400,3000000
2,Flat,Bhopal,740,6000000
2,Flat,Bhopal,800,9000000
2,Flat,Bhopal,1068,2800000
3,Flat,Bhopal,1372,3500000
2,House,Bhopal,600,1900000
2,Flat,Bhopal,800,3700000
2,Flat,Bhopal,550,1400000
2,Flat,Bhopal,1080,3600000
2,Flat,Bhopal,950,3000000
3,House,Bhopal,1123,9500000
3,Flat,Bhopal,1527,4500000
2,Flat,Bhopal,1200,3300000
2,Flat,Bhopal,700,2600000
2,Flat,Bhopal,1100,2700000
2,Flat,Bhopal,600,2700000
3,House,Bhopal,720,3200000
2,Flat,Bhopal,612,3310000
3,Flat,Bhopal,1200,3300000
2,Flat,Bhopal,918,2750000
3,Flat,Bhopal,315,1800000
2,Flat,Bhopal,1150,3750000
3,Villa,Bhopal,1750,6400000
2,Flat,Bhopal,735,3200000
3,House,Bhopal,1130,4200000
3,Flat,Bhopal,1100,2260000
3,Flat,Bhopal,1400,2880000
2,Flat,Bhopal,1250,2570000
2,House,Bhopal,1000,2450000
3,Flat,Bhopal,1180,2430000
2,Flat,Bhopal,700,1800000
2,Flat,Bhopal,800,3400000
3,Flat,Bhopal,1500,3500000
3,House,Bhopal,1400,7200000
3,Flat,Bhopal,1000,3450000
3,Flat,Bhopal,1024,4200000
3,House,Bhopal,1300,6000000
3,House,Bhopal,2000,8000000
3,Flat,Bhopal,1350,3500000
3,Flat,Bhopal,1076,3600000
3,Flat,Bhopal,1235,2500000
2,Flat,Bhopal,1059,3500000
2,Flat,Bhopal,750,3000000
3,Flat,Bhopal,1600,3290000
3,Flat,Bhopal,1150,2500000
3,Flat,Bhopal,3000,5000000
2,House,Bhopal,1200,11500000
3,Flat,Bhopal,1200,7000000
2,Flat,Bhopal,675,3100000
2,Flat,Bhopal,1100,2800000
3,Flat,Bhopal,1300,3500000
3,House,Bhopal,2097,15000000
2,House,Bhopal,1000,5000000
2,Flat,Bhopal,400,1400000
2,Villa,Bhopal,1500,15000000
2,Flat,Bhopal,625,2400000
3,House,Bhopal,1570,7500000
3,House,Bhopal,1100,3000000
2,Flat,Bhopal,965,2200000
3,House,Bhopal,870,7000000
2,Flat,Bhopal,550,1300000
2,House,Bhopal,900,2400000
2,Flat,Bhopal,680,2500000
2,Flat,Bhopal,800,2400000
3,Flat,Bhopal,780,5500000
3,House,Bhopal,1400,6400000
2,Flat,Bhopal,406,1000000
2,Flat,Bhopal,800,2110000
2,House,Bhopal,950,2330000
2,House,Bhopal,1100,2690000
2,Flat,Bhopal,504,1350000
2,House,Bhopal,514,2800000
2,Flat,Bhopal,600,1900000
3,House,Bhopal,1500,9500000
3,House,Bhopal,1800,3000000
2,House,Bhopal,650,3000000
2,Flat,Bhopal,900,1200000
2,House,Bhopal,1800,7500000
3,Flat,Bhopal,1176,4500000
3,Flat,Bhopal,1000,3400000
2,Flat,Bhopal,939,2600000
3,House,Bhopal,3000,25000000
3,Flat,Bhopal,1000,3700000
2,Flat,Bhopal,966,4500000
3,House,Bhopal,350,3310000
2,Flat,Bhopal,750,1960000
2,House,Bhopal,900,4000000
3,Flat,Bhopal,1240,2550000
2,Flat,Bhopal,1000,3000000
3,House,Bhopal,1600,3100000
2,Flat,Bhopal,900,2470000
2,House,Bhopal,1500,6500000
3,House,Bhopal,1068,9000000
2,Flat,Bhopal,900,2500000
3,Flat,Bhopal,950,3500000
2,Flat,Bhopal,900,3500000
2,Flat,Bhopal,1484,3400000
3,Flat,Bhopal,1500,4000000
3,House,Bhopal,800,4690000
3,Flat,Bhopal,1800,6500000
3,Flat,Bhopal,915,3100000
2,House,Bhopal,992,6200000
2,Flat,Bhopal,575,2000000
2,Flat,Bhopal,967,3700000
3,Flat,Bhopal,1500,7800000
3,Flat,Bhopal,1203,3000000
2,Flat,Bhopal,500,1400000
3,Villa,Bhopal,1040,10500000
3,House,Bhopal,1500,12500000
3,House,Bhopal,675,4200000
2,Flat,Bhopal,600,1600000
2,Flat,Bhopal,700,2700000
3,Flat,Bhopal,1300,7000000
3,Villa,Bhopal,1055,5000000
3,Flat,Bhopal,1582,5000000
2,Flat,Bhopal,600,2600000
3,Flat,Bhopal,1365,3500000
3,Flat,Bhopal,1705,3620000
2,Flat,Bhopal,1790,6590000
3,Villa,Bhopal,1250,5450000
3,Flat,Bhopal,2200,30000000
3,Villa,Bhopal,1456,7000000
3,Flat,Bhopal,1000,3600000
3,Flat,Bhopal,1900,4200000
3,House,Bhopal,1400,3200000
2,Flat,Bhopal,500,1950000
3,House,Bhopal,945,3500000
3,House,Bhopal,1275,4000000
2,Flat,Bhopal,950,2300000
3,Flat,Bhopal,1200,4000000
3,House,Bhopal,2200,15000000
2,House,Bhopal,900,6000000
3,Flat,Bhopal,980,5500000
3,Flat,Bhopal,1504,4250000
3,Villa,Bhopal,1504,10000000
3,House,Bhopal,1504,3670000
3,Flat,Bhubaneswar,1211,23000000
3,Flat,Bhubaneswar,2365,20600000
3,Flat,Bhubaneswar,1931,16800000
3,Flat,Bhubaneswar,1277,10900000
3,Flat,Bhubaneswar,1996,12300000
3,Flat,Bhubaneswar,2050,14700000
3,Flat,Bhubaneswar,2638,22599999
3,Flat,Bhubaneswar,1304,12500000
3,Flat,Bhubaneswar,1649,9590000
3,Flat,Bhubaneswar,1534,14500000
3,Flat,Bhubaneswar,1173,10700000
3,Flat,Bhubaneswar,1687,22799999
3,Flat,Bhubaneswar,1698,22900000
3,Flat,Bhubaneswar,1503,21300000
3,Flat,Bhubaneswar,1721,10700000
3,Flat,Bhubaneswar,1069,12200000
3,Flat,Bhubaneswar,2200,19200000
2,Flat,Bhubaneswar,1566,11500000
3,Flat,Bhubaneswar,1004,12700000
3,Flat,Bhubaneswar,1200,17500000
3,Flat,Bhubaneswar,1247,10600000
3,Flat,Bhubaneswar,2440,23100000
3,Flat,Bhubaneswar,1359,15300000
3,Flat,Bhubaneswar,2095,13899999
3,Flat,Bhubaneswar,1696,9800000
3,Flat,Bhubaneswar,1150,9940000
3,Flat,Bhubaneswar,1292,14500000
3,Flat,Bhubaneswar,2025,15300000
3,Flat,Bhubaneswar,2586,19300000
3,Flat,Bhubaneswar,1329,17700000
3,Flat,Bhubaneswar,1747,11299999
3,Flat,Bhubaneswar,1608,10900000
3,Flat,Bhubaneswar,1919,12000000
3,Flat,Bhubaneswar,1456,8000000
3,Flat,Bhubaneswar,968,14200000
3,Flat,Bhubaneswar,1011,15600000
3,Flat,Bhubaneswar,2095,12500000
2,Flat,Bhubaneswar,704,7200000
3,Flat,Bhubaneswar,1821,10700000
3,Villa,Bhubaneswar,1850,10200000
2,Flat,Bhubaneswar,785,8320000
3,Flat,Bhubaneswar,1494,30000000
3,Villa,Bhubaneswar,2550,16500000
3,Flat,Bhubaneswar,1175,9500000
3,Flat,Bhubaneswar,2165,12900000
3,Flat,Bhubaneswar,2363,21900000
3,Flat,Bhubaneswar,1480,8000000
3,Flat,Bhubaneswar,1193,9520000
3,Flat,Bhubaneswar,1450,9430000
2,Flat,Bhubaneswar,856,7630000
3,Flat,Bhubaneswar,1085,9810000
3,Flat,Bhubaneswar,1600,15000000
3,Villa,Bhubaneswar,1500,7500000
3,Flat,Bhubaneswar,1540,8500000
3,Flat,Bhubaneswar,1570,12500000
2,Flat,Bhubaneswar,800,8500000
3,Flat,Bhubaneswar,1301,11200000
3,Flat,Bhubaneswar,1950,11000000
3,Flat,Bhubaneswar,998,21000000
3,Flat,Bhubaneswar,1424,5980000
3,Flat,Bhubaneswar,1508,7159999
3,Flat,Bhubaneswar,1073,7900000
2,Flat,Bhubaneswar,776,6230000
3,Flat,Bhubaneswar,951,8470000
3,Flat,Bhubaneswar,1625,12100000
2,Flat,Bhubaneswar,1200,12000000
2,Flat,Bhubaneswar,1000,6500000
2,Flat,Bhubaneswar,1162,8500000
3,Flat,Bhubaneswar,1756,18500000
3,Flat,Bhubaneswar,958,12500000
2,Flat,Bhubaneswar,778,8000000
3,Flat,Bhubaneswar,1150,8500000
3,Flat,Bhubaneswar,1612,13000000
2,Flat,Bhubaneswar,665,2060000
3,Villa,Bhubaneswar,1987,7700000
2,Flat,Bhubaneswar,890,6500000
3,Villa,Bhubaneswar,1650,16500000
3,Flat,Bhubaneswar,1466,7200000
3,Flat,Bhubaneswar,1300,6800000
3,Flat,Bhubaneswar,1740,9220000
3,Flat,Bhubaneswar,2713,20299999
2,Flat,Bhubaneswar,1085,5550000
2,Flat,Bhubaneswar,1284,7600000
3,Flat,Bhubaneswar,1087,7600000
3,Flat,Bhubaneswar,1473,10900000
2,Flat,Bhubaneswar,807,6550000
2,Flat,Bhubaneswar,900,3400000
2,Flat,Bhubaneswar,1065,6500000
3,House,Bhubaneswar,1950,7700000
3,Villa,Bhubaneswar,1985,7700000
2,Flat,Bhubaneswar,1252,7190000
3,Flat,Bhubaneswar,1055,10900000
3,Flat,Bhubaneswar,1050,15000000
2,Flat,Bhubaneswar,1420,7000000
2,Flat,Bhubaneswar,951,6200000
3,Flat,Bhubaneswar,1295,6800000
3,Flat,Bhubaneswar,1200,7000000
3,Flat,Bhubaneswar,1883,15400000
3,Villa,Bhubaneswar,1250,7200000
2,Flat,Bhubaneswar,900,7100000
3,Flat,Bhubaneswar,1170,11000000
3,Flat,Bhubaneswar,1750,14000000
2,Flat,Bhubaneswar,750,4800000
3,Flat,Bhubaneswar,755,8309999
2,Flat,Bhubaneswar,630,6900000
3,Villa,Bhubaneswar,2636,11600000
3,Villa,Bhubaneswar,1920,9500000
3,Flat,Bhubaneswar,1050,10800000
2,Flat,Bhubaneswar,805,4000000
3,Flat,Bhubaneswar,1395,16000000
2,Flat,Bhubaneswar,831,4300000
3,Flat,Bhubaneswar,1710,27500000
3,House,Bhubaneswar,1800,8000000
2,Flat,Bhubaneswar,950,10500000
2,Flat,Bhubaneswar,720,5600000
3,Villa,Bhubaneswar,1200,12000000
2,Flat,Bhubaneswar,993,7000000
3,Flat,Bhubaneswar,1368,5500000
3,Villa,Bhubaneswar,2200,21000000
3,Flat,Bhubaneswar,1500,11000000
3,Flat,Bhubaneswar,1245,9300000
3,Flat,Bhubaneswar,1050,6400000
2,Flat,Bhubaneswar,1133,5100000
2,Flat,Bhubaneswar,700,4600000
2,Flat,Bhubaneswar,800,4200000
3,Flat,Bhubaneswar,1590,11500000
3,Flat,Bhubaneswar,1130,7170000
3,Flat,Bhubaneswar,1380,11200000
3,Flat,Bhubaneswar,1045,11500000
3,Flat,Bhubaneswar,1020,12000000
3,Flat,Bhubaneswar,1580,8059999
3,Flat,Bhubaneswar,1728,23000000
3,Villa,Bhubaneswar,1922,7050000
2,Flat,Bhubaneswar,1505,8280000
2,Flat,Bhubaneswar,1192,8200000
3,Flat,Bhubaneswar,1480,8120000
3,Villa,Bhubaneswar,1900,9000000
3,Flat,Bhubaneswar,1450,10400000
3,Flat,Bhubaneswar,1350,14000000
3,Flat,Bhubaneswar,1625,12000000
2,Flat,Bhubaneswar,595,4000000
3,Flat,Bhubaneswar,950,14600000
2,Flat,Bhubaneswar,1325,11000000
2,Flat,Bhubaneswar,943,5660000
2,Flat,Bhubaneswar,1150,7500000
3,House,Bhubaneswar,1281,5800000
2,Flat,Bhubaneswar,985,5200000
3,Flat,Bhubaneswar,1200,11200000
2,Flat,Bhubaneswar,1100,6500000
3,Flat,Bhubaneswar,1204,11000000
3,Flat,Bhubaneswar,1341,14000000
2,Flat,Bhubaneswar,950,8000000
3,Flat,Bhubaneswar,850,8500000
3,Flat,Bhubaneswar,1200,7500000
3,Flat,Bhubaneswar,1265,15000000
2,Flat,Bhubaneswar,631,5470000
2,Flat,Bhubaneswar,1008,4200000
3,Villa,Bhubaneswar,1800,6100000
3,Villa,Bhubaneswar,2000,12500000
3,Flat,Bhubaneswar,870,8900000
3,Flat,Bhubaneswar,1002,10600000
3,Flat,Bhubaneswar,2360,17400000
2,Flat,Bhubaneswar,1169,7800000
3,Villa,Bhubaneswar,1250,15500000
3,Flat,Bhubaneswar,1100,15500000
3,Flat,Bhubaneswar,1710,12000000
3,Flat,Bhubaneswar,1100,6500000
3,Flat,Bhubaneswar,1305,5600000
2,Flat,Bhubaneswar,1315,8000000
3,Villa,Bhubaneswar,1200,5500000
2,Flat,Bhubaneswar,850,7000000
3,House,Bhubaneswar,2500,16500000
3,Flat,Bhubaneswar,1800,12000000
3,Flat,Bhubaneswar,1130,7500000
3,Flat,Bhubaneswar,1585,11900000
2,Flat,Bhubaneswar,1069,17500000
3,Flat,Bhubaneswar,1102,7600000
2,Flat,Bhubaneswar,1152,8000000
3,Flat,Bhubaneswar,1548,6500000
3,Flat,Bhubaneswar,1000,6500000
2,Flat,Bhubaneswar,955,4000000
2,Flat,Bhubaneswar,1075,6500000
2,Villa,Bhubaneswar,950,3600000
3,Flat,Bhubaneswar,1500,7000000
2,Flat,Bhubaneswar,890,5000000
3,Flat,Bhubaneswar,1800,16000000
3,Flat,Bhubaneswar,1350,7200000
2,Flat,Bhubaneswar,1058,15000000
3,Flat,Bhubaneswar,1045,11200000
3,Flat,Bhubaneswar,1068,7000000
2,Flat,Bhubaneswar,1261,8000000
3,Flat,Bhubaneswar,1498,9500000
2,Flat,Bhubaneswar,1170,6500000
2,Flat,Bhubaneswar,1080,8000000
3,Flat,Bhubaneswar,1800,8100000
2,Flat,Bhubaneswar,675,8000000
2,Flat,Bhubaneswar,765,7200000
2,Flat,Bhubaneswar,450,4400000
3,Flat,Bhubaneswar,1300,7500000
2,Flat,Bhubaneswar,1252,5630000
3,Flat,Bhubaneswar,1755,7900000
3,Flat,Bhubaneswar,1690,7150000
3,Flat,Bhubaneswar,1414,7700000
3,Flat,Bhubaneswar,1005,9020000
2,Flat,Bhubaneswar,1420,8000000
2,Flat,Bhubaneswar,770,10000000
3,Flat,Bhubaneswar,1100,5150000
2,Flat,Bhubaneswar,850,8000000
3,Flat,Bhubaneswar,1266,6500000
2,Flat,Bhubaneswar,640,6200000
2,Flat,Bhubaneswar,1070,7000000
3,Flat,Bhubaneswar,1218,19000000
3,House,Bhubaneswar,1050,12000000
3,Flat,Bhubaneswar,1268,5500000
3,Villa,Bhubaneswar,1803,12000000
2,Flat,Bhubaneswar,745,7500000
3,Flat,Bhubaneswar,917,6000000
3,Villa,Bhubaneswar,1800,11000000
3,Flat,Bhubaneswar,1756,16000000
2,Flat,Bhubaneswar,625,4500000
2,Flat,Bhubaneswar,770,6700000
3,Flat,Bhubaneswar,1600,11500000
2,Flat,Bhubaneswar,700,9000000
3,Flat,Bhubaneswar,1321,7000000
2,Flat,Bhubaneswar,522,6000000
2,Flat,Bhubaneswar,1076,4600000
3,Flat,Bhubaneswar,900,6000000
3,Villa,Bhubaneswar,1700,9800000
3,Flat,Bhubaneswar,1850,16000000
3,Villa,Bhubaneswar,2000,13000000
2,Flat,Bhubaneswar,1200,8600000
2,Flat,Bhubaneswar,940,5000000
2,Flat,Bhubaneswar,712,7500000
3,House,Bhubaneswar,2200,27000000
2,Flat,Bhubaneswar,1200,6900000
2,Flat,Bhubaneswar,700,5500000
2,Flat,Bhubaneswar,1231,16700000
2,Flat,Bhubaneswar,1400,10000000
3,Flat,Bhubaneswar,1655,16000000
2,Flat,Bhubaneswar,870,5500000
2,House,Bhubaneswar,1100,8000000
3,Villa,Bhubaneswar,1900,10000000
3,Flat,Bhubaneswar,1642,7390000
3,Flat,Bhubaneswar,1715,7720000
3,Flat,Bhubaneswar,1664,7490000
3,Flat,Bhubaneswar,1200,14500000
3,Flat,Bhubaneswar,1395,12000000
3,Flat,Bhubaneswar,1024,8500000
2,Flat,Bhubaneswar,1181,7000000
3,House,Bhubaneswar,2200,20000000
3,Flat,Bhubaneswar,1871,11000000
3,Flat,Bhubaneswar,1500,7500000
3,Flat,Bhubaneswar,1250,6100000
3,House,Bhubaneswar,1700,6000000
2,Flat,Bhubaneswar,899,3500000
2,Flat,Bhubaneswar,1100,5600000
3,Flat,Bhubaneswar,2000,9000000
2,House,Bhubaneswar,800,4300000
3,Flat,Bhubaneswar,1000,4900000
3,Flat,Bhubaneswar,1538,13200000
2,Flat,Bhubaneswar,900,7200000
3,Flat,Bhubaneswar,1152,6340000
3,Flat,Bhubaneswar,996,9580000
2,Flat,Bhubaneswar,1035,5920000
2,Flat,Bhubaneswar,850,7500000
3,Flat,Bhubaneswar,900,3000000
3,House,Bhubaneswar,1250,10500000
3,Flat,Bhubaneswar,1550,8700000
2,Flat,Bhubaneswar,1100,5000000
3,Flat,Bhubaneswar,1300,8500000
3,Flat,Bhubaneswar,975,4200000
2,Flat,Bhubaneswar,987,4000000
2,Flat,Bhubaneswar,1286,8370000
2,Flat,Bhubaneswar,900,5200000
2,Flat,Bhubaneswar,1067,5800000
3,House,Bhubaneswar,1200,9000000
2,Flat,Bhubaneswar,1058,8650000
3,Flat,Bhubaneswar,1664,8350000
3,Villa,Bhubaneswar,1860,8300000
3,Flat,Bhubaneswar,1800,5500000
3,House,Bhubaneswar,2400,7000000
2,Flat,Bhubaneswar,900,5400000
3,Flat,Bhubaneswar,1160,12000000
2,Flat,Bhubaneswar,1365,9150000
2,Flat,Bhubaneswar,1510,8900000
3,Flat,Bhubaneswar,1705,15000000
2,Flat,Bhubaneswar,1250,7700000
3,Flat,Bhubaneswar,2000,17600000
3,Flat,Bhubaneswar,1300,9630000
3,Flat,Bilaspur,1511,9700000
3,House,Bilaspur,1600,9000000
3,House,Bilaspur,1650,9500000
3,House,Bilaspur,2400,16000000
2,Flat,Bilaspur,729,4000000
3,Flat,Bilaspur,990,4490000
2,House,Bilaspur,1800,16000000
3,House,Bilaspur,1500,8000000
2,Flat,Bilaspur,1000,3500000
2,Flat,Bilaspur,900,4000000
2,Flat,Bilaspur,700,3500000
3,House,Bilaspur,1550,9500000
3,House,Bilaspur,1125,4500000
3,Flat,Bilaspur,1200,4000000
3,House,Bilaspur,1650,10000000
2,House,Bilaspur,260,3450000
3,Villa,Bilaspur,3200,12000000
2,House,Bilaspur,1283,3500000
3,Flat,Bilaspur,937,5650000
2,Flat,Bilaspur,1200,3500000
3,Flat,Bilaspur,1000,4000000
2,Flat,Bilaspur,840,4200000
3,Villa,Bilaspur,1750,7500000
3,Villa,Bilaspur,1800,7000000
3,House,Bilaspur,1260,6150000
2,Flat,Bilaspur,1300,3400000
2,Flat,Bilaspur,801,3500000
2,Flat,Bilaspur,850,3000000
3,House,Bilaspur,1000,4500000
3,House,Bilaspur,2400,3800000
2,House,Bilaspur,800,2000000
2,House,Bilaspur,1224,3650000
2,House,Bilaspur,1000,5000000
3,House,Bilaspur,900,2900000
3,House,Bilaspur,1530,5800000
2,House,Bilaspur,1000,5100000
3,Flat,Bilaspur,950,4800000
2,Flat,Bilaspur,850,5100000
2,Flat,Bilaspur,960,3000000
2,House,Bilaspur,1600,6000000
3,Flat,Bilaspur,1500,5500000
3,Flat,Bilaspur,1350,3050000
3,Flat,Bilaspur,980,5500000
2,House,Bilaspur,1250,4700000
3,Flat,Bilaspur,1200,5800000
2,Flat,Bilaspur,750,2800000
2,House,Bilaspur,1000,4500000
2,House,Bilaspur,1000,2800000
2,Flat,Bilaspur,1250,7500000
3,House,Bilaspur,800,2800000
2,Flat,Bilaspur,734,4000000
2,Villa,Bilaspur,1200,5000000
3,House,Bilaspur,1200,2800000
3,Flat,Bilaspur,990,4800000
3,House,Bilaspur,1400,3500000
3,House,Bilaspur,1530,5500000
3,House,Bilaspur,1350,5500000
3,Flat,Bilaspur,1037,5000000
2,Flat,Bilaspur,1150,4000000
2,House,Bilaspur,1100,3800000
2,House,Bilaspur,1000,3000000
3,House,Bilaspur,1350,6300000
2,House,Bilaspur,1100,4500000
2,Flat,Bilaspur,800,2750000
3,Flat,Bilaspur,1320,3500000
2,House,Bilaspur,800,3750000
2,Flat,Bilaspur,916,2700000
2,House,Bilaspur,1000,3600000
2,House,Bilaspur,800,1500000
3,House,Bilaspur,650,10000000
3,Flat,Bilaspur,925,5650000
2,House,Bilaspur,700,1800000
2,Flat,Bilaspur,891,3800000
3,House,Bilaspur,1172,4500000
2,House,Bilaspur,1200,3690000
2,Flat,Bilaspur,620,6500000
2,Flat,Bilaspur,645,1750000
2,House,Bilaspur,1000,150000
3,House,Bilaspur,1400,5500000
2,House,Bilaspur,400,5000000
3,House,Bilaspur,1200,4000000
3,House,Bilaspur,2600,25000000
3,House,Bilaspur,1500,4500000
2,House,Bilaspur,800,4200000
2,House,Bilaspur,1000,2650000
3,House,Bilaspur,1500,3200000
2,Flat,Bilaspur,1100,3500000
3,House,Bilaspur,1500,5700000
3,House,Bilaspur,1580,4700000
3,House,Bilaspur,900,5100000
3,House,Bilaspur,900,4800000
3,House,Bilaspur,840,2500000
3,House,Bilaspur,1555,3200000
3,House,Bilaspur,1000,5500000
2,House,Bilaspur,1200,5500000
2,House,Bilaspur,1320,2900000
2,House,Bilaspur,875,3600000
2,Flat,Bilaspur,1195,8400000
3,House,Bilaspur,1440,5580000
2,Villa,Bilaspur,1000,2900000
2,House,Bilaspur,1000,3650000
2,Flat,Bilaspur,1100,8500000
2,House,Bilaspur,1100,9600000
2,House,Bilaspur,1180,4500000
2,Flat,Bilaspur,1000,3000000
3,Flat,Bilaspur,1100,5200000
2,House,Bilaspur,1000,2850000
2,House,Bilaspur,900,2850000
2,Flat,Bilaspur,710,2500000
2,House,Bilaspur,1200,5800000
2,House,Bilaspur,1070,3640000
2,House,Bilaspur,800,3300000
3,House,Bilaspur,1400,3350000
3,Villa,Bilaspur,1250,4850000
2,House,Bilaspur,800,4500000
2,House,Bilaspur,1000,2000000
2,House,Bilaspur,1155,4500000
3,Villa,Bilaspur,1500,5600000
2,Flat,Bilaspur,900,2200000
2,Flat,Bilaspur,1000,2200000
3,Flat,Bilaspur,1550,4200000
3,House,Bilaspur,1620,2450000
2,Flat,Bilaspur,700,2750000
2,House,Bilaspur,800,1989999
3,House,Bilaspur,1100,3600000
2,House,Bilaspur,1000,1900000
2,House,Bilaspur,1000,2500000
3,House,Bilaspur,540,2800000
3,Flat,Bilaspur,1150,3500000
2,House,Bilaspur,1000,4000000
3,House,Bilaspur,1200,5500000
2,Villa,Bilaspur,960,2860000
3,Flat,Bilaspur,1013,5100000
2,House,Bilaspur,1360,3500000
3,Flat,Bilaspur,1250,3500000
2,House,Bilaspur,1160,3500000
2,House,Bilaspur,900,2700000
2,House,Bilaspur,2000,4660658
2,House,Bilaspur,1500,4660658
2,House,Bilaspur,500,4660658
2,House,Bilaspur,1800,4660658
3,House,Bilaspur,1100,8500000
2,Flat,Bilaspur,1000,4000000
2,House,Bilaspur,1650,5000000
3,House,Bilaspur,1145,9500000
3,House,Bilaspur,960,4500000
3,House,Bilaspur,1931,4660658
2,Flat,Chennai,567,3600000
3,Flat,Chennai,1719,26500000
3,Flat,Chennai,1645,13799999
3,Flat,Chennai,1500,37900000
3,Flat,Chennai,1435,25800000
2,Flat,Chennai,1247,13000000
3,Flat,Chennai,1471,9270000
2,Flat,Chennai,1006,6000000
3,Flat,Chennai,2136,13200000
3,Flat,Chennai,1379,7100000
1,Flat,Chennai,536,3879999
3,Flat,Chennai,1561,8050000
2,Flat,Chennai,993,6400000
3,Flat,Chennai,1420,7709999
4,Flat,Chennai,2063,29100000
5,Flat,Chennai,3765,69700000
4,Flat,Chennai,2143,18100000
5,Villa,Chennai,3812,29600000
4,Flat,Chennai,4046,60900000
3,Flat,Chennai,1424,9200000
4,Flat,Chennai,2143,18500000
3,Flat,Chennai,1765,13200000
1,Flat,Chennai,582,3110000
3,Flat,Chennai,1278,7340000
4,Flat,Chennai,2001,17900000
1,Flat,Chennai,319,2120000
3,Villa,Chennai,1895,14300000
3,Flat,Chennai,1530,14000000
2,Flat,Chennai,1126,8220000
4,Villa,Chennai,2360,17700000
3,Flat,Chennai,976,5900000
3,Flat,Chennai,1570,23200000
3,Flat,Chennai,2922,18900000
2,Flat,Chennai,1004,5200000
2,Villa,Chennai,1000,5900000
2,Villa,Chennai,1468,13300000
5,Villa,Chennai,3177,27200000
4,Flat,Chennai,2620,59800000
2,Flat,Chennai,1033,4650000
4,Flat,Chennai,3252,45500000
3,Flat,Chennai,1053,9300000
2,Flat,Chennai,885,5700000
2,Flat,Chennai,1508,12200000
3,Flat,Chennai,1400,15000000
2,Flat,Chennai,840,4000000
3,Flat,Chennai,1500,9880000
2,Flat,Chennai,1000,6500000
3,Flat,Chennai,1132,5210000
2,Flat,Chennai,941,5180000
2,Flat,Chennai,933,6600000
3,Flat,Chennai,1192,7509999
3,Flat,Chennai,1116,8660000
3,Flat,Chennai,1955,25500000
3,Flat,Chennai,2095,16399999
3,Flat,Chennai,1960,13000000
2,Flat,Chennai,1008,4600000
2,Flat,Chennai,914,11800000
3,Flat,Chennai,1333,6400000
3,Flat,Chennai,1327,10600000
3,Flat,Chennai,1789,11000000
4,Villa,Chennai,2592,22599999
2,Flat,Chennai,679,4950000
3,Flat,Chennai,1950,28500000
4,Villa,Chennai,2400,22000000
3,Flat,Chennai,898,6300000
2,Flat,Chennai,979,14800000
3,Villa,Chennai,2469,15500000
4,Flat,Chennai,1801,12800000
4,Flat,Chennai,1520,25000000
3,Flat,Chennai,1509,11200000
3,Flat,Chennai,1666,20299999
3,Flat,Chennai,1478,16200000
4,Flat,Chennai,2380,44000000
3,Flat,Chennai,1310,11000000
4,Flat,Chennai,1610,27599999
3,Flat,Chennai,1700,24000000
3,Flat,Chennai,1095,9860000
3,Flat,Chennai,1997,30900000
2,Flat,Chennai,1145,5000000
3,Flat,Chennai,1673,7800000
3,Flat,Chennai,1379,7200000
3,Flat,Chennai,931,4900000
3,Flat,Chennai,1310,8910000
3,Flat,Chennai,1360,15000000
2,Flat,Chennai,997,7420000
3,Flat,Chennai,1784,19100000
2,Flat,Chennai,753,3290000
2,Villa,Chennai,750,2500000
3,Flat,Chennai,1024,5580000
4,Flat,Chennai,1640,23700000
4,Villa,Chennai,2795,51700000
2,Flat,Chennai,420,6340000
2,Villa,Chennai,1616,8000000
1,Flat,Chennai,675,3710000
4,Flat,Chennai,4368,109200000
1,Villa,Chennai,800,11000000
2,Villa,Chennai,900,5000000
2,Flat,Chennai,650,4000000
3,Flat,Chennai,1430,30000000
3,Flat,Chennai,1500,7800000
3,House,Chennai,1500,7000000
2,Flat,Chennai,1100,6000000
3,Flat,Chennai,1700,40000000
2,Flat,Chennai,817,5500000
4,Flat,Chennai,2300,33000000
2,Flat,Chennai,680,12500000
4,Flat,Chennai,2150,35000000
3,Flat,Chennai,1000,5200000
3,Flat,Chennai,936,11700000
5,House,Chennai,4100,15000000
2,Flat,Chennai,820,2800000
3,Flat,Chennai,1446,11100000
3,Flat,Chennai,2050,19000000
3,Flat,Chennai,1328,40000000
3,Flat,Chennai,1519,13500000
2,Flat,Chennai,780,5200000
2,Flat,Chennai,890,6800000
3,Villa,Chennai,1857,10000000
3,Flat,Chennai,1837,21100000
2,Flat,Chennai,896,7659999
4,Flat,Chennai,2220,23000000
2,Flat,Chennai,645,4000000
3,Flat,Chennai,1070,8850000
2,Flat,Chennai,686,5650000
5,Villa,Chennai,1800,20000000
2,Flat,Chennai,947,20000000
3,Flat,Chennai,1857,11800000
2,Flat,Chennai,1274,7200000
2,Flat,Chennai,700,4800000
2,Flat,Chennai,1107,9500000
5,House,Chennai,5000,56000000
4,Flat,Chennai,1865,40599999
3,Flat,Chennai,1315,22000000
6,House,Chennai,1458,25400000
3,Villa,Chennai,1676,10200000
5,Villa,Chennai,880,18000000
2,House,Chennai,800,4200000
2,Flat,Chennai,770,4800000
3,Flat,Chennai,1296,8000000
3,Villa,Chennai,1000,19000000
3,Flat,Chennai,1028,12800000
3,Flat,Chennai,1274,18900000
3,Flat,Chennai,1800,10000000
3,Flat,Chennai,1700,25000000
4,House,Chennai,2325,90000000
2,Flat,Chennai,769,9130000
2,Flat,Chennai,668,6200000
1,Flat,Chennai,440,3000000
3,Flat,Chennai,1150,8500000
3,Flat,Chennai,744,7420000
3,Flat,Chennai,1800,32000000
3,Flat,Chennai,1786,10200000
1,Villa,Chennai,450,3500000
2,House,Chennai,1000,15000000
3,Flat,Chennai,1080,7200000
3,Flat,Chennai,2533,40000000
4,Flat,Chennai,2700,40000000
2,Flat,Chennai,821,5200000
3,Flat,Chennai,1336,23500000
2,Flat,Chennai,720,4500000
2,Flat,Chennai,900,12500000
4,Flat,Chennai,1200,7500000
3,Flat,Chennai,1457,13500000
3,House,Chennai,2250,95000000
3,Flat,Chennai,1386,8600000
2,Flat,Chennai,1000,10000000
6,Villa,Chennai,5000,55000000
4,Flat,Chennai,2145,50000000
3,Flat,Chennai,1525,9200000
3,Flat,Chennai,995,3500000
2,Flat,Chennai,874,4500000
10,House,Chennai,7000,45000000
3,Flat,Chennai,954,24000000
2,Flat,Chennai,800,4930000
3,Flat,Chennai,1130,9000000
2,Flat,Chennai,535,2950000
2,Flat,Chennai,961,5200000
3,Flat,Chennai,1272,6800000
2,Flat,Chennai,875,7200000
1,Flat,Chennai,560,2750000
3,Flat,Chennai,1100,16500000
2,Flat,Chennai,550,4500000
2,Villa,Chennai,601,4450000
3,Villa,Chennai,1040,12500000
2,Flat,Chennai,930,6200000
2,Flat,Chennai,858,4800000
2,Flat,Chennai,620,5700000
1,Flat,Chennai,624,3400000
1,House,Chennai,875,4200000
2,Flat,Chennai,878,9000000
3,Flat,Chennai,1530,11000000
2,House,Chennai,1500,22500000
2,Flat,Chennai,765,4450000
4,Flat,Chennai,1356,22500000
2,House,Chennai,600,4400000
3,Flat,Chennai,1700,35000000
1,House,Chennai,600,3600000
2,Flat,Chennai,938,5000000
3,Villa,Chennai,1800,9900000
2,Flat,Chennai,850,14000000
2,Flat,Chennai,889,9500000
3,Flat,Chennai,1468,14700000
2,Villa,Chennai,1050,7700000
2,Flat,Chennai,977,11000000
2,House,Chennai,1100,17600000
2,Flat,Chennai,780,9500000
4,Villa,Chennai,3500,30000000
3,Flat,Chennai,1537,23000000
4,Villa,Chennai,1520,9990000
3,Flat,Chennai,1080,7300000
3,Flat,Chennai,1650,17500000
2,Flat,Chennai,850,6000000
2,Flat,Chennai,960,7000000
2,Flat,Chennai,629,6750000
2,Flat,Chennai,910,8500000
3,Flat,Chennai,1381,7500000
2,Flat,Chennai,700,4770000
2,Flat,Chennai,1211,7509999
2,Flat,Chennai,750,13300000
5,House,Chennai,2000,12100000
2,Flat,Chennai,651,3500000
3,Flat,Chennai,1183,7200000
1,Villa,Chennai,2080,2700000
2,Flat,Chennai,724,2500000
5,Villa,Chennai,6510,67500000
2,Flat,Chennai,1212,5700000
2,Flat,Chennai,900,6509999
3,Flat,Chennai,1367,9300000
2,Flat,Chennai,700,3600000
3,House,Chennai,3130,75000000
6,House,Chennai,2978,134000000
3,Villa,Chennai,1800,15000000
2,Flat,Chennai,906,13500000
3,Flat,Chennai,1516,27200000
3,Villa,Chennai,2300,14500000
1,Flat,Chennai,515,2500000
1,Flat,Chennai,495,2200000
2,Flat,Chennai,555,2600000
2,Flat,Chennai,900,4600000
3,Villa,Chennai,1500,8500000
3,Flat,Chennai,965,14000000
3,Flat,Chennai,1426,12000000
2,Flat,Chennai,1100,7500000
2,Flat,Chennai,911,5800000
2,Villa,Chennai,1300,4500000
2,Flat,Chennai,934,6500000
1,Flat,Chennai,620,2600000
3,Flat,Chennai,1265,6500000
2,Flat,Chennai,1110,9500000
2,Flat,Chennai,985,10500000
3,Flat,Chennai,1080,12500000
2,Flat,Chennai,1341,35000000
1,Flat,Chennai,329,8500000
2,Flat,Chennai,638,7500000
3,House,Chennai,1600,30000000
2,Flat,Chennai,700,4600000
1,Flat,Chennai,450,2800000
2,Flat,Chennai,720,4900000
3,Flat,Chennai,880,8780000
2,Flat,Chennai,864,5400000
3,Flat,Chennai,2050,49500000
3,Flat,Chennai,1198,29000000
7,House,Chennai,7200,110000000
4,Flat,Chennai,2621,42500000
2,Flat,Chennai,880,7500000
2,Flat,Chennai,1353,7700000
2,Flat,Chennai,700,4700000
3,Flat,Chennai,1600,12600000
2,Villa,Chennai,1000,6500000
4,Villa,Chennai,4000,37500000
3,Flat,Chennai,2935,80000000
2,Flat,Chennai,644,4500000
4,Flat,Chennai,2355,62500000
3,House,Chennai,2900,40000000
3,Flat,Chennai,1329,16000000
3,Villa,Chennai,2265,16000000
8,House,Chennai,4200,30000000
4,Flat,Chennai,3800,79000000
2,Flat,Chennai,661,5700000
3,Villa,Chennai,1900,9850000
2,Flat,Chennai,742,12500000
3,Flat,Chennai,1600,36000000
4,Flat,Chennai,1400,16000000
4,House,Chennai,900,18000000
3,Flat,Chennai,836,15300000
2,Flat,Chennai,650,4800000
2,Villa,Chennai,1457,5980000
4,Flat,Chennai,1457,65000000
4,Villa,Coimbatore,2063,16800000
3,Villa,Coimbatore,2319,26400000
2,Villa,Coimbatore,1200,5750000
3,House,Coimbatore,1500,11700000
3,House,Coimbatore,1800,8790000
3,Flat,Coimbatore,1098,9040000
3,Flat,Coimbatore,1396,7300000
4,Villa,Coimbatore,2680,17500000
3,House,Coimbatore,1439,3550000
3,Flat,Coimbatore,1460,8470000
4,Villa,Coimbatore,1610,6100000
4,Villa,Coimbatore,3048,28100000
2,Villa,Coimbatore,700,2890000
2,Villa,Coimbatore,1190,6100000
3,Flat,Coimbatore,864,7600000
3,Flat,Coimbatore,1235,5190000
2,Flat,Coimbatore,994,4170000
2,Flat,Coimbatore,1204,5500000
3,House,Coimbatore,1500,8400000
2,Flat,Coimbatore,1050,3950000
3,Villa,Coimbatore,2888,21600000
2,Flat,Coimbatore,1220,5500000
2,Flat,Coimbatore,962,4140000
3,Villa,Coimbatore,2261,13300000
4,Villa,Coimbatore,4858,62500000
3,Flat,Coimbatore,1643,11000000
4,Villa,Coimbatore,1600,9150000
3,Villa,Coimbatore,2099,20000000
2,Villa,Coimbatore,760,5500000
3,Villa,Coimbatore,2075,12800000
3,Flat,Coimbatore,1670,10000000
3,Flat,Coimbatore,1450,8000000
1,House,Coimbatore,600,3000000
2,House,Coimbatore,1050,6200000
3,Villa,Coimbatore,1250,11000000
3,Flat,Coimbatore,1810,22000000
2,House,Coimbatore,1620,6700000
4,Villa,Coimbatore,2000,8600000
3,House,Coimbatore,2560,24000000
2,Flat,Coimbatore,1048,6300000
4,House,Coimbatore,1560,9000000
2,Flat,Coimbatore,371,4800000
2,Flat,Coimbatore,910,7200000
4,Villa,Coimbatore,4651,34800000
2,Flat,Coimbatore,1016,9740000
2,House,Coimbatore,1150,5600000
3,House,Coimbatore,2200,9500000
2,Flat,Coimbatore,1335,9000000
4,House,Coimbatore,2000,5710000
2,House,Coimbatore,1950,20700000
2,Flat,Coimbatore,930,5000000
3,Villa,Coimbatore,2200,14500000
3,House,Coimbatore,1450,11000000
2,Flat,Coimbatore,600,3000000
3,Flat,Coimbatore,2000,24000000
2,Villa,Coimbatore,720,3500000
2,House,Coimbatore,1000,3500000
2,Flat,Coimbatore,1052,6000000
8,House,Coimbatore,4981,29000000
2,House,Coimbatore,1110,6250000
2,Flat,Coimbatore,814,4000000
3,House,Coimbatore,1864,20700000
4,House,Coimbatore,2200,9500000
6,House,Coimbatore,5000,40000000
2,House,Coimbatore,3450,11000000
5,House,Coimbatore,3185,20000000
3,Flat,Coimbatore,1894,11000000
3,Flat,Coimbatore,1704,10800000
2,Flat,Coimbatore,801,5900000
2,House,Coimbatore,2000,22500000
3,House,Coimbatore,1750,8100000
2,House,Coimbatore,800,6500000
1,House,Coimbatore,375,1300000
1,Flat,Coimbatore,550,2800000
10,House,Coimbatore,4500,12500000
3,Flat,Coimbatore,1090,6500000
4,House,Coimbatore,3300,16500000
2,Flat,Coimbatore,1000,3700000
2,House,Coimbatore,1400,7300000
2,Flat,Coimbatore,840,6500000
2,House,Coimbatore,1000,10000000
1,House,Coimbatore,436,4000000
3,House,Coimbatore,875,6990000
4,House,Coimbatore,1830,9000000
3,Villa,Coimbatore,2100,20000000
2,House,Coimbatore,1180,6800000
3,Flat,Coimbatore,1707,15000000
3,House,Coimbatore,1200,7500000
2,Flat,Coimbatore,1057,5900000
5,House,Coimbatore,4450,60000000
3,House,Coimbatore,1041,9500000
4,Villa,Coimbatore,4100,40000000
4,House,Coimbatore,2400,14000000
3,Flat,Coimbatore,1400,11500000
3,Villa,Coimbatore,1640,13500000
2,House,Coimbatore,2000,17000000
3,Villa,Coimbatore,1605,9000000
2,House,Coimbatore,1010,6500000
2,Villa,Coimbatore,1200,6500000
3,Villa,Coimbatore,1800,20000000
3,Villa,Coimbatore,2000,15000000
2,Villa,Coimbatore,800,8500000
3,Flat,Coimbatore,1470,9000000
4,House,Coimbatore,1400,7900000
3,Villa,Coimbatore,2400,19000000
2,Flat,Coimbatore,850,6000000
2,Flat,Coimbatore,960,5600000
3,Flat,Coimbatore,1412,6200000
2,House,Coimbatore,1000,5600000
3,Villa,Coimbatore,2160,11000000
2,Flat,Coimbatore,883,7300000
2,Flat,Coimbatore,1123,6700000
2,Flat,Coimbatore,777,3800000
3,House,Coimbatore,1450,19000000
4,House,Coimbatore,2200,7500000
2,House,Coimbatore,950,4200000
4,House,Coimbatore,2800,12000000
2,House,Coimbatore,1605,7200000
4,House,Coimbatore,2500,21000000
6,House,Coimbatore,2100,8500000
10,House,Coimbatore,4600,23800000
2,House,Coimbatore,1050,5200000
5,House,Coimbatore,3200,15500000
2,Flat,Coimbatore,900,6300000
2,House,Coimbatore,1000,5200000
3,Flat,Coimbatore,1110,27599999
2,House,Coimbatore,810,6600000
3,Flat,Coimbatore,1350,6500000
1,Flat,Coimbatore,529,4770000
3,House,Coimbatore,1250,8700000
3,Villa,Coimbatore,1500,13000000
3,House,Coimbatore,1200,5800000
2,Villa,Coimbatore,650,4570000
2,House,Coimbatore,1010,4900000
2,Villa,Coimbatore,1092,3850000
3,Villa,Coimbatore,2170,12500000
2,Flat,Coimbatore,950,6200000
2,House,Coimbatore,1500,6800000
2,House,Coimbatore,1600,9800000
2,House,Coimbatore,900,4850000
2,House,Coimbatore,1300,5850000
3,Villa,Coimbatore,3550,29000000
2,Villa,Coimbatore,850,4500000
6,Villa,Coimbatore,5000,32500000
3,Villa,Coimbatore,3093,27500000
5,House,Coimbatore,6000,75000000
2,House,Coimbatore,1100,4600000
2,Flat,Coimbatore,1620,18000000
2,Villa,Coimbatore,1250,5800000
5,Villa,Coimbatore,4620,40000000
1,House,Coimbatore,900,5500000
5,House,Coimbatore,4480,29800000
2,House,Coimbatore,200,6000000
2,Flat,Coimbatore,1400,8500000
6,House,Coimbatore,3200,10000000
3,Flat,Coimbatore,1200,9800000
2,House,Coimbatore,1300,20000000
3,House,Coimbatore,1650,12500000
4,Villa,Coimbatore,3200,40000000
3,Flat,Coimbatore,1331,8500000
5,Villa,Coimbatore,3600,17500000
3,Villa,Coimbatore,1800,8200000
3,Flat,Coimbatore,2100,22000000
2,House,Coimbatore,1308,7200000
2,House,Coimbatore,800,6000000
2,House,Coimbatore,1929,7000000
6,House,Coimbatore,3000,17500000
6,House,Coimbatore,3000,25000000
3,House,Coimbatore,1020,7100000
3,Flat,Coimbatore,1401,10300000
2,House,Coimbatore,873,6300000
3,Flat,Coimbatore,1800,12500000
2,Flat,Coimbatore,1295,5830000
3,Flat,Coimbatore,1600,15200000
4,Villa,Coimbatore,3971,29900000
4,House,Coimbatore,2530,20099999
2,Flat,Coimbatore,1190,6500000
2,Villa,Coimbatore,120,3800000
3,House,Coimbatore,1300,10000000
2,Flat,Coimbatore,1632,8500000
3,Flat,Coimbatore,950,8700000
5,House,Coimbatore,1700,16500000
3,Villa,Coimbatore,1260,7600000
4,Villa,Coimbatore,2000,7500000
4,House,Coimbatore,1600,5500000
3,Flat,Coimbatore,1073,10500000
3,Flat,Coimbatore,1700,10000000
2,Flat,Coimbatore,900,6000000
3,House,Coimbatore,1400,5400000
3,Villa,Coimbatore,1750,8350000
5,House,Coimbatore,3418,25000000
3,Flat,Coimbatore,1539,10800000
2,Flat,Coimbatore,1000,10000000
2,Villa,Coimbatore,930,6700000
2,House,Coimbatore,1045,8650000
3,House,Coimbatore,1050,8600000
2,House,Coimbatore,980,7200000
5,Villa,Coimbatore,4700,42500000
3,House,Coimbatore,2500,17000000
2,Flat,Coimbatore,802,7609999
2,House,Coimbatore,900,5800000
3,House,Coimbatore,1750,7750000
5,House,Coimbatore,4200,65000000
3,Flat,Coimbatore,1470,13000000
2,Flat,Coimbatore,1140,5600000
3,House,Coimbatore,2200,13500000
2,House,Coimbatore,2200,7700000
2,House,Coimbatore,1200,1600000
1,Villa,Coimbatore,1740,2900000
2,Villa,Coimbatore,1550,6500000
3,House,Coimbatore,1950,9600000
2,House,Coimbatore,1774,1739999
2,Villa,Coimbatore,980,3990000
3,House,Coimbatore,1737,3300000
2,Flat,Coimbatore,1060,2800000
2,Flat,Coimbatore,1876,7500000
3,Villa,Coimbatore,2950,16800000
4,House,Coimbatore,1600,4720000
2,Flat,Coimbatore,100,4500000
3,Villa,Coimbatore,1700,13000000
2,Flat,Coimbatore,937,8000000
3,Flat,Coimbatore,1553,10000000
4,Flat,Coimbatore,2850,9500000
2,Flat,Coimbatore,1150,8580000
3,House,Coimbatore,1650,8500000
2,House,Coimbatore,910,3950000
2,Flat,Coimbatore,934,4000000
2,Flat,Coimbatore,1160,4000000
2,House,Coimbatore,1100,8000000
1,House,Coimbatore,750,1900000
3,Flat,Coimbatore,918,6500000
2,House,Coimbatore,720,2600000
3,House,Coimbatore,1100,6500000
3,Villa,Coimbatore,1800,8900000
3,House,Coimbatore,3150,17000000
2,House,Coimbatore,1000,5500000
2,House,Coimbatore,1800,11500000
3,House,Coimbatore,1950,5760000
4,Villa,Coimbatore,3000,40000000
5,Villa,Coimbatore,2300,11000000
4,House,Coimbatore,1724,5090000
2,House,Coimbatore,1100,3250000
3,House,Coimbatore,2100,11000000
2,House,Coimbatore,1200,9000000
5,House,Coimbatore,4000,11800000
2,House,Coimbatore,1400,4129999
5,House,Coimbatore,3000,15000000
3,House,Coimbatore,2600,14500000
2,Flat,Coimbatore,1060,4900000
3,House,Coimbatore,1000,2950000
9,House,Coimbatore,2400,7080000
4,House,Coimbatore,2400,15000000
2,House,Coimbatore,1300,6000000
2,House,Coimbatore,1762,4770000
2,Flat,Coimbatore,738,2800000
2,House,Coimbatore,1115,1800000
4,House,Coimbatore,1945,5740000
2,Flat,Coimbatore,1050,4900000
4,House,Coimbatore,1300,6000000
3,House,Coimbatore,500,6000000
3,Villa,Coimbatore,1200,7800000
4,House,Coimbatore,2248,23500000
2,House,Coimbatore,950,8500000
2,House,Coimbatore,596,4200000
2,Flat,Coimbatore,1295,5600000
2,Flat,Coimbatore,1104,7900000
4,House,Coimbatore,2500,17500000
2,House,Coimbatore,1600,8500000
2,Flat,Coimbatore,1000,4950000
3,Flat,Coimbatore,1948,15000000
2,Flat,Coimbatore,1039,8300000
3,Flat,Coimbatore,1260,13000000
4,House,Coimbatore,2600,17500000
2,Flat,Coimbatore,1084,6500000
3,Villa,Coimbatore,1850,13400000
3,House,Coimbatore,2500,16500000
3,House,Coimbatore,2500,32000000
2,House,Coimbatore,600,2600000
2,House,Coimbatore,810,4600000
4,Villa,Coimbatore,200,15000000
2,Villa,Coimbatore,1000,5500000
3,House,Coimbatore,1673,50000000
4,Villa,Coimbatore,1673,31500000
2,Flat,Cuttack,1190,6380000
2,Flat,Cuttack,1016,6909999
3,Flat,Cuttack,1537,8300000
3,Villa,Cuttack,1800,15000000
3,Flat,Cuttack,988,9150000
2,Flat,Cuttack,640,6000000
3,Flat,Cuttack,745,6400000
3,Flat,Cuttack,1776,11299999
2,Flat,Cuttack,1016,7109999
3,Flat,Cuttack,982,7950000
2,Flat,Cuttack,1235,7470000
3,Flat,Cuttack,1560,8500000
3,Flat,Cuttack,800,6559999
3,Flat,Cuttack,1488,8330000
3,Flat,Cuttack,981,8070000
2,Flat,Cuttack,723,5360000
3,Flat,Cuttack,850,7959999
2,Flat,Cuttack,630,6909999
3,Villa,Cuttack,3000,15000000
2,Flat,Cuttack,770,6270000
2,Flat,Cuttack,627,7200000
2,Flat,Cuttack,785,8080000
2,Flat,Cuttack,665,5360000
2,Flat,Cuttack,660,6750000
3,Flat,Cuttack,866,8300000
3,Flat,Cuttack,1400,10000000
2,Flat,Cuttack,950,6000000
3,Flat,Cuttack,645,8500000
3,Flat,Cuttack,1742,12100000
2,Flat,Cuttack,500,1500000
2,House,Cuttack,1200,7000000
3,House,Cuttack,1100,11000000
3,Flat,Cuttack,1300,9700000
3,Flat,Cuttack,1280,9500000
3,Flat,Cuttack,1250,8500000
3,House,Cuttack,900,16000000
2,House,Cuttack,1000,15000000
3,Flat,Cuttack,1488,8630000
3,Flat,Cuttack,1250,14000000
2,House,Cuttack,1300,27000000
2,Flat,Cuttack,850,3700000
3,Flat,Cuttack,1680,8000000
2,Flat,Cuttack,650,3500000
3,Flat,Cuttack,1000,8500000
2,House,Cuttack,1742,7500000
3,Flat,Cuttack,1100,8700000
3,House,Cuttack,4500,25000000
2,Flat,Cuttack,1200,8100000
2,Flat,Cuttack,1023,9500000
2,Flat,Cuttack,1000,2500000
3,House,Cuttack,1600,8500000
3,Flat,Cuttack,1744,7000000
3,House,Cuttack,1400,7300000
3,Flat,Cuttack,1291,3000000
3,Villa,Cuttack,750,6000000
3,Flat,Cuttack,1000,5500000
2,Flat,Cuttack,800,5200000
3,Flat,Cuttack,1150,6500000
2,Flat,Cuttack,965,4500000
2,Flat,Cuttack,990,5500000
3,House,Cuttack,2200,9500000
2,Flat,Cuttack,895,3200000
3,House,Cuttack,2000,1000000
2,House,Cuttack,1350,7200000
3,Flat,Cuttack,1200,2600000
2,Flat,Cuttack,1005,5200000
2,Flat,Cuttack,982,4500000
2,Flat,Cuttack,1075,8181166
3,Flat,Cuttack,1500,7900000
2,Flat,Cuttack,1188,8080000
3,Flat,Cuttack,1726,9320000
2,Flat,Cuttack,630,7109999
2,Flat,Cuttack,739,7330000
3,Flat,Cuttack,780,6800000
3,Flat,Cuttack,1779,11299999
2,Flat,Cuttack,1072,7500000
2,Flat,Cuttack,741,6750000
2,Flat,Cuttack,1231,6300000
2,Flat,Cuttack,1228,6630000
3,Flat,Cuttack,1500,8300000
3,Flat,Cuttack,1665,9490000
3,Flat,Cuttack,1882,8940000
3,Flat,Cuttack,852,6800000
3,Flat,Cuttack,1300,6500000
3,Flat,Cuttack,1500,14100000
3,Villa,Cuttack,1400,15000000
3,Flat,Cuttack,1726,9400000
2,Flat,Cuttack,660,6630000
3,House,Cuttack,1981,9400000
3,Flat,Dehradun,2500,40000000
3,House,Dehradun,2500,15500000
3,Flat,Dehradun,2050,14400000
3,Flat,Dehradun,1906,17800000
3,Flat,Dehradun,2656,23900000
2,Flat,Dehradun,900,5900000
2,Flat,Dehradun,1111,19000000
2,Flat,Dehradun,1395,15500000
2,Flat,Dehradun,1479,9610000
3,Flat,Dehradun,1215,18000000
2,Flat,Dehradun,1050,9500000
3,Flat,Dehradun,1490,8300000
3,Flat,Dehradun,2200,13500000
3,House,Dehradun,1350,12500000
3,House,Dehradun,1700,9800000
3,Flat,Dehradun,1948,20000000
3,Flat,Dehradun,2000,18000000
3,Flat,Dehradun,1500,8990000
2,Flat,Dehradun,800,4800000
3,Flat,Dehradun,1250,8500000
3,Flat,Dehradun,1350,11000000
2,Flat,Dehradun,1000,6200000
2,Flat,Dehradun,1334,5500000
2,Flat,Dehradun,1050,4950000
2,Flat,Dehradun,1116,5100000
2,Flat,Dehradun,1395,9700000
3,Flat,Dehradun,2400,16000000
3,Flat,Dehradun,2000,12000000
3,House,Dehradun,1800,9500000
3,Villa,Dehradun,2160,13000000
3,Flat,Dehradun,1900,16900000
2,Flat,Dehradun,1495,13000000
3,Villa,Dehradun,3199,21500000
3,Flat,Dehradun,1910,13000000
3,Flat,Dehradun,1400,11000000
2,Flat,Dehradun,1090,5700000
3,Flat,Dehradun,1800,16399999
3,Flat,Dehradun,2350,15000000
3,House,Dehradun,2450,11500000
3,House,Dehradun,2200,6500000
3,House,Dehradun,900,12000000
3,Flat,Dehradun,1750,16500000
3,Flat,Dehradun,1385,9000000
3,Flat,Dehradun,1800,11000000
2,Flat,Dehradun,1763,11000000
3,House,Dehradun,2200,11500000
3,Flat,Dehradun,1400,10000000
3,Flat,Dehradun,1500,33800000
3,House,Dehradun,2900,40000000
2,Flat,Dehradun,1350,7200000
3,House,Dehradun,1000,8500000
2,Flat,Dehradun,900,4600000
3,Flat,Dehradun,2000,32000000
3,House,Dehradun,1000,10000000
3,Flat,Dehradun,2129,18000000
2,Flat,Dehradun,1565,10100000
3,Flat,Dehradun,1535,11500000
3,Flat,Dehradun,2020,13100000
2,Flat,Dehradun,1336,6010000
3,Flat,Dehradun,2050,15300000
3,Flat,Dehradun,2000,14000000
3,House,Dehradun,900,12200000
3,House,Dehradun,1150,14500000
3,Flat,Dehradun,1200,11500000
3,House,Dehradun,1800,10800000
3,Villa,Dehradun,1700,5800000
3,House,Dehradun,1450,5860000
3,Villa,Dehradun,2100,9500000
2,Flat,Dehradun,1193,13500000
3,Flat,Dehradun,1850,9100000
2,Flat,Dehradun,850,16000000
3,Flat,Dehradun,1975,19000000
3,Flat,Dehradun,1404,6500000
3,House,Dehradun,2400,19000000
2,Flat,Dehradun,900,4300000
2,Flat,Dehradun,920,3000000
2,Flat,Dehradun,1200,7780000
3,Villa,Dehradun,1800,11500000
3,Flat,Dehradun,1450,8990000
3,Flat,Dehradun,2200,35000000
3,Villa,Dehradun,2350,12900000
3,House,Dehradun,2000,18000000
3,Flat,Dehradun,1650,8900000
2,House,Dehradun,1250,4800000
3,Flat,Dehradun,1650,11500000
3,Flat,Dehradun,1850,7000000
3,Flat,Dehradun,1800,8800000
3,House,Dehradun,4401,22000000
3,House,Dehradun,2000,8500000
2,Flat,Dehradun,1150,6500000
2,Flat,Dehradun,950,4600000
3,Flat,Dehradun,1650,12500000
2,Flat,Dehradun,1480,9500000
2,Flat,Dehradun,1340,9900000
3,House,Dehradun,900,9500000
3,Flat,Dehradun,2150,7200000
3,Flat,Dehradun,2200,11000000
3,Flat,Dehradun,1600,9600000
3,House,Dehradun,2500,14000000
3,Flat,Dehradun,1800,16500000
3,House,Dehradun,1500,8000000
2,Flat,Dehradun,1250,13000000
2,Flat,Dehradun,1290,12500000
3,Flat,Dehradun,2500,35000000
3,Flat,Dehradun,1650,7100000
3,Flat,Dehradun,1975,2600000
2,Flat,Dehradun,1050,5800000
3,Flat,Dehradun,2000,22500000
2,Flat,Dehradun,1200,5500000
3,Flat,Dehradun,1535,10000000
3,Flat,Dehradun,2600,33800000
2,House,Dehradun,1000,2990000
3,Villa,Dehradun,657,7000000
2,Flat,Dehradun,1090,7500000
2,House,Dehradun,1050,4400000
3,House,Dehradun,1080,6500000
2,Flat,Dehradun,828,5290000
3,House,Dehradun,1800,12000000
2,Flat,Dehradun,1046,6900000
3,House,Dehradun,2600,9200000
2,House,Dehradun,2025,7000000
3,Flat,Dehradun,1000,11500000
2,Flat,Dehradun,900,4800000
3,Flat,Dehradun,1100,4680000
3,House,Dehradun,1500,4700000
2,Flat,Dehradun,1025,6000000
3,House,Dehradun,2500,18500000
3,Flat,Dehradun,1200,8500000
3,Flat,Dehradun,1700,13500000
3,House,Dehradun,720,8000000
3,Flat,Dehradun,2680,30000000
3,Flat,Dehradun,1200,7800000
2,House,Dehradun,196,11500000
2,Flat,Dehradun,1000,5300000
3,House,Dehradun,3200,26000000
2,Flat,Dehradun,1000,5000000
3,Flat,Dehradun,2000,25000000
3,House,Dehradun,900,8900000
2,Flat,Dehradun,1450,7000000
3,Villa,Dehradun,2050,12000000
2,House,Dehradun,710,5200000
3,Flat,Dehradun,1700,22500000
3,House,Dehradun,2000,6500000
3,Flat,Dehradun,1300,8100000
3,Villa,Dehradun,1800,11000000
3,Flat,Dehradun,1300,10500000
2,Flat,Dehradun,1388,7000000
2,Flat,Dehradun,1060,6500000
3,Flat,Dehradun,1800,6500000
3,Villa,Dehradun,5000,25000000
3,House,Dehradun,2100,12500000
3,House,Dehradun,10000,50000000
2,House,Dehradun,950,6500000
2,Flat,Dehradun,1000,6000000
3,Flat,Dehradun,1655,8500000
2,Flat,Dehradun,1100,6000000
2,Flat,Dehradun,1050,6000000
2,Flat,Dehradun,1100,4300000
2,Flat,Dehradun,840,6200000
3,Flat,Dehradun,1200,7500000
3,House,Dehradun,2400,17000000
2,Flat,Dehradun,1500,3800000
3,Flat,Dehradun,1700,7230000
3,Flat,Dehradun,1600,6800000
3,Flat,Dehradun,1400,8300000
2,Flat,Dehradun,1200,6900000
2,House,Dehradun,500,4000000
2,Flat,Dehradun,800,5270000
3,Flat,Dehradun,936,8000000
2,Flat,Dehradun,1323,5620000
2,Flat,Dehradun,1100,4500000
3,House,Dehradun,1600,4800000
3,Flat,Dehradun,1383,8500000
3,Villa,Dehradun,2000,11500000
3,House,Dehradun,1800,5380000
2,Flat,Dehradun,900,4000000
2,Flat,Dehradun,1250,5310000
3,House,Dehradun,1215,3800000
3,Flat,Dehradun,1650,8000000
3,Flat,Dehradun,1400,6990000
2,Flat,Dehradun,1100,4900000
3,Flat,Dehradun,147,12500000
2,Flat,Dehradun,980,3500000
3,Flat,Dehradun,2030,13000000
2,Flat,Dehradun,800,4200000
3,Flat,Dehradun,819,8500000
2,Flat,Dehradun,1410,5800000
3,Flat,Dehradun,1400,5200000
3,House,Dehradun,900,4000000
2,Flat,Dehradun,1140,5000000
2,Flat,Dehradun,1361,6500000
3,House,Dehradun,1200,6500000
3,House,Dehradun,1700,6000000
3,Flat,Dehradun,1850,6000000
3,Flat,Dehradun,1860,7909999
3,Flat,Dehradun,2100,8930000
2,Flat,Dehradun,1000,9500000
3,Flat,Dehradun,1680,9600000
2,House,Dehradun,1800,20000000
3,Flat,Dehradun,1550,4520000
2,Flat,Dehradun,915,5300000
2,House,Dehradun,130,450000
2,House,Dehradun,900,5500000
3,Flat,Dehradun,1350,5500000
2,Flat,Dehradun,900,5200000
3,Flat,Dehradun,1580,8000000
3,House,Dehradun,2600,7770000
2,Flat,Dehradun,1080,4590000
3,Flat,Dehradun,1775,7540000
2,Flat,Dehradun,1550,6590000
2,Flat,Dehradun,1650,7009999
2,Flat,Dehradun,1375,5840000
2,Flat,Dehradun,1400,11000000
2,Flat,Dehradun,1200,7500000
3,House,Dehradun,800,9500000
3,House,Dehradun,1300,13500000
3,Flat,Dehradun,1350,11500000
2,Flat,Dehradun,1080,8500000
3,Flat,Dehradun,1339,6000000
2,Flat,Dehradun,820,3000000
3,House,Dehradun,800,7000000
3,House,Dehradun,1000,7200000
3,House,Dehradun,2050,10000000
3,House,Dehradun,1224,9000000
3,Flat,Dehradun,1517,13000000
2,Flat,Dehradun,850,7500000
3,House,Dehradun,2000,11000000
3,Flat,Dehradun,2000,7200000
3,Flat,Dehradun,2399,26300000
3,Flat,Dehradun,2299,21800000
2,Flat,Dehradun,1242,6200000
2,Flat,Dehradun,1590,19000000
3,Flat,Dehradun,1400,12500000
3,Flat,Dehradun,1560,9500000
2,House,Dehradun,700,3200000
2,Flat,Dehradun,1010,8000000
3,Flat,Dehradun,1400,7500000
3,Flat,Dehradun,1780,12500000
3,Flat,Dehradun,1400,7000000
3,Flat,Dehradun,1470,9000000
3,Flat,Dehradun,1680,9000000
3,House,Dehradun,1500,7500000
3,Flat,Dehradun,1925,18500000
3,House,Dehradun,2200,15000000
3,Flat,Dehradun,1200,4800000
2,Flat,Dehradun,1431,8000000
3,Flat,Dehradun,2244,16399999
3,House,Dehradun,2800,6800000
3,Flat,Dehradun,1500,5000000
3,Flat,Dehradun,3200,23500000
2,Flat,Dehradun,680,3500000
3,Flat,Dehradun,1700,13000000
3,House,Dehradun,1050,6500000
2,Flat,Dehradun,572,6000000
3,House,Dehradun,2700,28500000
2,House,Dehradun,1426,5000000
2,Flat,Dehradun,1490,14000000
3,Flat,Dehradun,2200,7500000
2,Flat,Dehradun,1482,12500000
3,Flat,Dehradun,1300,7800000
3,Flat,Dehradun,2062,8259999
2,Flat,Dehradun,1700,7000000
2,House,Dehradun,600,4600000
2,Flat,Dehradun,1200,4100000
2,Flat,Dehradun,360,2500000
2,Flat,Dehradun,1336,9500000
2,House,Dehradun,985,5000000
2,Flat,Dehradun,900,3400000
3,House,Dehradun,1116,8300000
3,House,Dehradun,3690,27500000
2,House,Dehradun,650,4500000
3,House,Dehradun,900,9000000
2,House,Dehradun,900,6700000
3,Flat,Dehradun,1390,8000000
3,House,Dehradun,2950,15000000
2,Flat,Dehradun,1500,11500000
3,Flat,Dehradun,1600,9000000
3,House,Dehradun,3200,40000000
2,Flat,Dehradun,800,6000000
3,Flat,Dehradun,1800,16000000
2,House,Dehradun,3285,26500000
2,House,Dehradun,5250,100000000
2,House,Dehradun,828,7500000
3,Flat,Dehradun,1200,6500000
2,House,Dehradun,1500,7000000
2,House,Dehradun,900,4500000
3,Flat,Dehradun,1600,36000000
3,House,Dehradun,1200,12500000
3,Flat,Dehradun,2180,16100000
2,Flat,Dehradun,850,5200000
3,Villa,Dehradun,1080,6000000
2,Flat,Dehradun,850,4500000
2,Flat,Dehradun,850,3200000
3,House,Dehradun,1000,8000000
3,House,Dehradun,750,7800000
2,House,Dehradun,675,4200000
3,Flat,Dehradun,1460,10600000
2,House,Dehradun,100,2500000
3,House,Dehradun,1500,7700000
3,House,Dehradun,1450,7500000
3,Villa,Dehradun,2200,19500000
3,Flat,Dehradun,1925,16500000
3,House,Dehradun,8775,9000000
3,Flat,Dehradun,1250,7750000
2,House,Dehradun,1800,9500000
3,Flat,Dehradun,1800,9500000
2,Flat,Dehradun,1000,4700000
3,House,Dehradun,1900,6900000
2,Flat,Dehradun,1200,4600000
3,Flat,Dehradun,1000,7700000
3,Flat,Dehradun,1160,17400000
3,Flat,Dehradun,1972,10500000
3,Flat,Dehradun,1750,8000000
3,Flat,Dehradun,1920,23000000
3,Flat,Dehradun,2275,8100000
3,Flat,Dehradun,1600,9500000
2,Flat,Dehradun,1250,9600000
3,House,Dehradun,1600,5950000
2,Flat,Dehradun,1440,6500000
2,House,Dehradun,1812,23000000
2,House,Dehradun,468,2850000
3,House,Dehradun,1881,7300000
3,Flat,Dehradun,1700,18000000
3,House,Dehradun,1600,15000000
3,House,Dehradun,1500,8500000
3,House,Dehradun,644,7500000
2,House,Dehradun,1080,10000000
3,Flat,Dehradun,1500,9900000
3,Flat,Dehradun,1515,6200000
2,House,Dehradun,1000,7800000
2,Flat,Dehradun,572,7500000
3,House,Dehradun,2400,14000000
3,Flat,Dehradun,1800,13000000
2,Flat,Dehradun,1000,6500000
3,Flat,Dehradun,2000,6500000
3,House,Dehradun,1800,8500000
2,Flat,Dehradun,850,6200000
3,Flat,Dehradun,1200,6000000
2,Flat,Dehradun,900,4250000
3,Flat,Dehradun,2365,27500000
2,House,Dehradun,300,7500000
2,House,Dehradun,990,14000000
3,Flat,Dehradun,1350,5170000
3,Flat,Dehradun,1550,7400000
2,Flat,Dehradun,1000,7700000
3,House,Dehradun,2500,8500000
3,House,Dehradun,1000,3200000
2,House,Dehradun,2547,11000000
3,Flat,Dehradun,1700,6800000
2,House,Dehradun,820,3800000
3,House,Dehradun,1800,11000000
3,Flat,Dehradun,1300,13000000
3,House,Dehradun,900,8500000
3,Flat,Dehradun,1470,11000000
3,Flat,Dehradun,1310,9500000
3,Villa,Dehradun,2070,13000000
3,Villa,Dehradun,6000,200000000
3,Flat,Dehradun,1200,7000000
2,Flat,Dehradun,1695,9500000
3,Flat,Dehradun,3255,32500000
3,Flat,Dehradun,1500,20000000
2,Flat,Dehradun,1600,5500000
3,House,Dehradun,1500,6500000
3,House,Dehradun,100,2600000
2,Flat,Dehradun,1395,10000000
3,House,Dehradun,900,15000000
3,Flat,Dehradun,1200,9500000
2,Flat,Dehradun,800,6200000
3,Flat,Dehradun,1295,6600000
3,House,Dehradun,1170,10500000
2,House,Dehradun,585,5500000
2,House,Dehradun,684,7200000
3,Flat,Dehradun,1800,6900000
2,House,Dehradun,600,4500000
2,Flat,Dehradun,1660,14400000
3,House,Dehradun,2100,20000000
2,Flat,Dehradun,1050,5100000
3,House,Dehradun,980,6500000
3,House,Dehradun,4300,30000000
3,Flat,Dehradun,2200,8500000
2,House,Dehradun,810,5500000
2,Flat,Dehradun,1100,5300000
2,House,Dehradun,470,3000000
3,Flat,Dehradun,1790,12000000
2,Flat,Dehradun,870,3800000
3,House,Dehradun,1285,8000000
3,Flat,Dehradun,1680,14500000
3,Flat,Dehradun,963,4500000
3,Villa,Dehradun,1800,7500000
3,House,Dehradun,1900,13000000
2,Flat,Dehradun,1100,5000000
2,House,Dehradun,800,4800000
3,Flat,Dehradun,1650,8500000
2,Flat,Dehradun,1450,7500000
2,House,Dehradun,1080,11500000
2,House,Dehradun,1700,7000000
2,Flat,Dehradun,850,4400000
2,Flat,Dehradun,1000,5500000
3,Flat,Dehradun,2200,15000000
3,House,Dehradun,558,4500000
2,Flat,Dehradun,629,5800000
2,Villa,Dehradun,1300,4300000
3,Flat,Dehradun,1350,6000000
2,House,Dehradun,1080,9000000
3,Flat,Dehradun,2150,16399999
3,Flat,Dehradun,1800,10000000
2,House,Dehradun,3200,17500000
3,House,Dehradun,927,9000000
3,House,Dehradun,892,5400000
2,Flat,Dehradun,1400,6700000
3,House,Dehradun,2000,9500000
3,Flat,Dehradun,1900,13000000
3,House,Dehradun,1926,25000000
3,Flat,Dehradun,1240,8500000
3,Flat,Dehradun,1200,5100000
3,Flat,Dehradun,1400,7800000
3,Villa,Dehradun,2500,19000000
3,House,Dehradun,1800,7800000
2,Flat,Dehradun,1000,4500000
2,House,Dehradun,758,3000000
2,Flat,Dehradun,900,11000000
3,House,Dehradun,2600,15000000
2,Flat,Dehradun,800,4000000
3,House,Dehradun,1800,7500000
3,Flat,Dehradun,2650,17500000
2,House,Dehradun,700,5200000
2,Flat,Dehradun,1020,4000000
2,House,Dehradun,720,2700000
3,House,Dehradun,1100,6000000
3,Flat,Dehradun,1750,8500000
3,Villa,Dehradun,2800,25000000
3,Flat,Dehradun,1650,23500000
3,House,Dehradun,1012,15000000
3,House,Dehradun,2400,13000000
3,Flat,Dehradun,1600,8500000
2,House,Dehradun,1800,13000000
2,Flat,Dehradun,900,4200000
3,House,Dehradun,800,6290000
3,House,Dehradun,1500,7300000
3,Villa,Dehradun,1800,11200000
2,Flat,Dehradun,800,5000000
3,Flat,Dehradun,1850,17000000
3,House,Dehradun,5094,35000000
2,House,Dehradun,759,5400000
3,Flat,Dehradun,1500,9000000
3,Flat,Dehradun,2700,35000000
3,Flat,Dehradun,1400,5800000
2,Flat,Dehradun,1340,16700000
3,House,Dehradun,950,5800000
3,Flat,Dehradun,1740,8000000
2,Flat,Dehradun,700,3300000
2,Flat,Dehradun,1534,24000000
2,Flat,Dehradun,1000,4400000
2,House,Dehradun,540,8500000
3,Flat,Dehradun,1000,5000000
3,House,Dehradun,3300,15000000
3,Flat,Dehradun,1751,8500000
2,Flat,Dehradun,1200,5000000
3,House,Dehradun,2430,9000000
3,Flat,Dehradun,1350,6500000
3,Flat,Dehradun,1500,8100000
2,Flat,Dehradun,1150,6000000
2,House,Dehradun,900,3800000
3,House,Dehradun,2200,16500000
3,Flat,Dehradun,1450,8200000
2,Flat,Dehradun,950,4300000
2,House,Dehradun,918,8000000
3,Flat,Dehradun,1200,8000000
2,House,Dehradun,600,12400000
3,House,Dehradun,2200,10000000
3,House,Dehradun,1350,6500000
2,House,Dehradun,1600,6000000
2,Flat,Dehradun,1104,4000000
3,Flat,Dehradun,1000,6800000
3,Flat,Dehradun,1615,8500000
3,Flat,Dehradun,1714,4800000
3,Flat,Dehradun,1400,7700000
2,House,Dehradun,640,3000000
2,House,Dehradun,1854,7500000
2,Flat,Dehradun,1200,4500000
3,House,Dehradun,1300,6500000
2,Flat,Dehradun,950,7000000
3,Flat,Dehradun,1380,8300000
2,Flat,Dehradun,1250,5700000
3,Flat,Dehradun,1730,14000000
3,Flat,Dehradun,1850,12500000
3,House,Dehradun,175,7000000
2,House,Dehradun,900,6000000
3,Flat,Dehradun,1010,15300000
2,Flat,Dehradun,1000,4600000
3,Flat,Dehradun,1350,12500000
3,Flat,Dehradun,1950,25000000
3,Flat,Dehradun,1300,11000000
2,House,Dehradun,460,4200000
3,Flat,Dehradun,1555,8200000
2,Flat,Dehradun,1027,3600000
3,House,Dehradun,2200,9000000
2,Flat,Dehradun,1390,9000000
3,Flat,Dehradun,1125,6800000
3,Flat,Dehradun,1170,7500000
3,Flat,Dehradun,1600,9800000
3,Flat,Dehradun,1980,12000000
3,House,Dehradun,3150,20000000
2,Flat,Dehradun,1300,6000000
3,Flat,Dehradun,1100,6300000
3,Flat,Dehradun,2000,15000000
2,House,Dehradun,2000,9500000
3,House,Dehradun,2500,15000000
3,House,Dehradun,2025,9000000
2,Flat,Dehradun,750,5500000
2,Flat,Dehradun,700,4600000
3,Flat,Dehradun,2350,20500000
2,Flat,Dehradun,900,5500000
3,Flat,Dehradun,1780,7500000
2,Flat,Dehradun,1425,20000000
2,Flat,Dehradun,1090,7600000
2,Flat,Dehradun,1350,9900000
3,Flat,Dehradun,1968,13500000
3,Flat,Dehradun,1350,8600000
3,Flat,Dehradun,1200,5500000
3,House,Dehradun,918,6000000
3,House,Dehradun,1450,9000000
2,Flat,Dehradun,1260,5500000
3,House,Dehradun,1000,2650000
3,Flat,Dehradun,1100,5900000
3,House,Dehradun,2300,13799999
2,Flat,Dehradun,450,1600000
3,Flat,Dehradun,1724,12500000
3,House,Dehradun,1499,6500000
3,Villa,Dehradun,1499,17500000
3,House,Dehradun,1499,28000000
2,Flat,Dehradun,1499,5500000
2,House,Dehradun,1499,3800000
3,House,Dehradun,1499,20000000
3,Flat,Dehradun,1499,5500000
2,House,Dehradun,1499,5300000
3,House,Dehradun,1499,22000000
2,Flat,Dehradun,1499,5200000
2,Flat,Dehradun,1499,5700000
3,Flat,Dhanbad,1315,4500000
3,Flat,Dhanbad,1355,2800000
3,Flat,Dhanbad,1862,7200000
2,Flat,Dhanbad,1176,3050000
3,Flat,Dhanbad,933,3500000
3,Flat,Dhanbad,1427,6000000
3,Flat,Dhanbad,1665,6500000
2,House,Dhanbad,1305,2500000
3,Flat,Dhanbad,1260,4000000
2,House,Dhanbad,900,3500000
3,Flat,Dhanbad,1084,3150000
2,Flat,Dhanbad,880,2420000
3,Flat,Dhanbad,1584,3700000
3,House,Dhanbad,900,5500000
2,House,Dhanbad,1200,11600000
3,Flat,Dhanbad,1350,5700000
3,House,Dhanbad,1100,3600000
3,Flat,Dhanbad,1365,4100000
3,Flat,Dhanbad,1180,4000000
3,Flat,Dhanbad,1350,6000000
2,Flat,Dhanbad,985,2900000
3,Flat,Dhanbad,1181,4200000
3,Flat,Dhanbad,1003,3529999
3,House,Dhanbad,1111,3600000
2,Flat,Dhanbad,1317,3200000
2,Flat,Dhanbad,700,2500000
3,House,Dhanbad,1380,4000000
3,House,Dhanbad,900,4500000
3,Villa,Dhanbad,1700,9700000
3,Villa,Dhanbad,2135,7600000
2,Flat,Dhanbad,1129,3500000
3,Flat,Dhanbad,1328,4000000
3,Flat,Dhanbad,1300,3500000
3,Flat,Dhanbad,1042,3800000
3,Flat,Dhanbad,1707,6800000
3,Villa,Dhanbad,1260,5800000
2,Flat,Dhanbad,1000,3750000
2,Flat,Dhanbad,900,3500000
3,Flat,Dhanbad,1044,2750000
3,Flat,Dhanbad,1400,4500000
3,Flat,Dhanbad,1328,3700000
3,Flat,Dhanbad,1250,4100000
3,Flat,Dhanbad,1146,4700000
3,Flat,Dhanbad,1500,3500000
3,Flat,Dhanbad,1395,4340000
2,Flat,Dhanbad,800,3200000
2,Flat,Dhanbad,1000,2600000
2,Flat,Dhanbad,990,3000000
3,Flat,Dhanbad,1370,4100000
3,Flat,Dhanbad,1800,6930000
2,Flat,Dhanbad,775,1500000
3,Flat,Dhanbad,1507,4100000
3,Flat,Dhanbad,1475,4500000
2,Flat,Dhanbad,1022,4000000
3,Flat,Dhanbad,1250,2300000
2,Flat,Dhanbad,1200,3800000
2,House,Dhanbad,800,2700000
3,Flat,Dhanbad,1560,5100000
3,House,Dhanbad,1250,6200000
3,Flat,Dhanbad,940,3300000
3,Flat,Dhanbad,1100,4000000
3,Flat,Dhanbad,1325,4700000
2,Flat,Dhanbad,1100,3200000
2,Flat,Dhanbad,990,2200000
3,Flat,Dhanbad,1080,5400000
3,Flat,Dhanbad,1050,4500000
3,Flat,Dhanbad,1235,3600000
2,Flat,Dhanbad,725,2000000
3,Flat,Dhanbad,1160,3400000
3,Villa,Dhanbad,1500,6000000
3,Flat,Dhanbad,1100,400000
3,House,Dhanbad,1200,5200000
2,Flat,Dhanbad,1206,4500000
2,House,Dhanbad,700,2000000
3,Flat,Dhanbad,1200,3500000
3,House,Dhanbad,1349,4000000
3,Villa,Dhanbad,1500,5500000
3,Flat,Dhanbad,1359,3200000
3,Flat,Dhanbad,1117,4250000
3,House,Dhanbad,1180,3500000
3,Flat,Dhanbad,1176,2960000
2,House,Dhanbad,1000,5000000
3,Flat,Dhanbad,1600,3500000
3,Flat,Dhanbad,1370,4300000
3,Flat,Dhanbad,1333,3550000
2,House,Dhanbad,600,2800000
3,Flat,Dhanbad,950,3500000
3,Flat,Dhanbad,1059,3300000
3,Flat,Dhanbad,1450,4200000
3,House,Dhanbad,1100,2800000
3,House,Dhanbad,1200,3600000
2,Flat,Dhanbad,882,2600000
3,Flat,Dhanbad,1080,3500000
2,Flat,Dhanbad,700,2900000
3,Flat,Dhanbad,1360,4500000
3,Flat,Dhanbad,1073,4500000
3,Flat,Dhanbad,1374,3000000
3,Flat,Dhanbad,1700,8000000
2,Flat,Dhanbad,900,2000000
3,Flat,Dhanbad,1300,3950000
3,House,Dhanbad,1395,5400000
2,Flat,Dhanbad,1356,3000000
3,House,Dhanbad,1590,2500000
2,Flat,Dhanbad,690,1050000
2,Flat,Dhanbad,1000,2250000
3,Flat,Dhanbad,1300,3550000
3,House,Dhanbad,1045,3900000
3,Flat,Dhanbad,1451,3500000
3,Flat,Dhanbad,1148,3350000
2,Flat,Dhanbad,1165,2700000
3,Flat,Dhanbad,1395,3500000
3,House,Dhanbad,1540,4500000
3,Flat,Dhanbad,1300,5800000
3,Flat,Dhanbad,1254,4400000
3,Flat,Dhanbad,1247,3900000
3,House,Dhanbad,1400,3350000
3,Flat,Dhanbad,1250,3200000
3,Flat,Dhanbad,800,3500000
3,House,Dhanbad,1000,3350000
2,Flat,Dhanbad,740,2300000
3,House,Dhanbad,1427,5500000
3,Flat,Dhanbad,600,2500000
3,House,Dhanbad,1650,5200000
2,House,Dhanbad,1300,2300000
2,Flat,Dhanbad,940,1800000
3,Flat,Dhanbad,1336,4000000
2,Flat,Dhanbad,1125,3650000
2,Flat,Dhanbad,720,2000000
3,Flat,Dhanbad,1510,3700000
3,Flat,Dhanbad,1470,7000000
3,Villa,Durgapur,1124,4500000
3,Flat,Durgapur,1400,3800000
3,Flat,Durgapur,842,3629999
3,Flat,Durgapur,1586,4760000
3,Flat,Durgapur,1168,2600000
3,House,Durgapur,3800,25000000
3,House,Durgapur,1400,4800000
2,Flat,Durgapur,1047,3300000
2,Flat,Durgapur,650,2900000
3,House,Durgapur,1300,2800000
3,Flat,Durgapur,700,2600000
2,Flat,Durgapur,725,4200000
2,Flat,Durgapur,650,2550000
2,Flat,Durgapur,800,1800000
2,Flat,Durgapur,1115,6300000
3,Flat,Durgapur,1000,3300000
3,Flat,Durgapur,1120,5000000
3,Villa,Durgapur,900,8500000
2,Flat,Durgapur,900,2700000
2,Flat,Durgapur,760,2500000
2,Flat,Durgapur,645,2089999
2,Flat,Durgapur,930,2400000
3,House,Durgapur,1468,5000000
3,House,Durgapur,1250,4800000
3,Villa,Durgapur,1800,7000000
3,Flat,Durgapur,1850,5000000
2,Flat,Durgapur,1137,3000000
3,Flat,Durgapur,960,3400000
2,Flat,Durgapur,550,1600000
2,Flat,Durgapur,1040,6500000
2,Flat,Durgapur,800,1689999
3,House,Durgapur,980,2500000
3,Villa,Durgapur,827,5780000
2,Flat,Durgapur,982,2800000
3,Flat,Durgapur,900,7000000
2,Flat,Durgapur,988,4200000
3,House,Durgapur,1000,3200000
2,Flat,Durgapur,647,2800000
2,House,Durgapur,760,4500000
3,Flat,Durgapur,1150,13000000
3,House,Durgapur,1200,4000000
3,House,Durgapur,1000,2800000
2,Flat,Durgapur,700,2200000
3,Flat,Durgapur,738,3300000
3,Flat,Durgapur,1350,5000000
3,Flat,Durgapur,980,2200000
3,House,Durgapur,680,3000000
3,House,Durgapur,1100,3000000
2,House,Durgapur,1440,2700000
3,House,Durgapur,1440,5780000
3,House,Durgapur,1350,4500000
3,Flat,Durgapur,1485,10500000
3,Flat,Durgapur,1174,5300000
2,Flat,Durgapur,750,4200000
3,Flat,Durgapur,1050,4000000
2,Flat,Durgapur,885,1989999
3,Flat,Durgapur,1045,4300000
2,House,Durgapur,2722,2350000
3,Flat,Durgapur,1000,6100000
2,Flat,Durgapur,1137,2600000
3,Villa,Durgapur,1500,5500000
2,Flat,Durgapur,502,2600000
3,Flat,Durgapur,1327,2520000
3,House,Durgapur,3000,4700000
3,Flat,Durgapur,1285,6000000
3,House,Durgapur,1650,6000000
3,Flat,Durgapur,1317,2800000
3,Flat,Durgapur,1339,3200000
2,House,Durgapur,600,1900000
2,Flat,Durgapur,640,2100000
2,House,Durgapur,750,2200000
3,Flat,Durgapur,1105,3600000
3,Villa,Durgapur,1300,5900000
3,Flat,Durgapur,950,3500000
2,Flat,Durgapur,913,2500000
2,House,Durgapur,1580,10000000
3,House,Durgapur,2100,7150000
2,House,Durgapur,1200,7500000
3,Flat,Durgapur,1200,2800000
3,Flat,Durgapur,1075,10500000
2,Flat,Durgapur,860,1680000
2,Flat,Durgapur,1009,2200000
3,House,Durgapur,1400,3400000
2,Flat,Durgapur,867,3030000
3,House,Durgapur,2000,4000000
2,House,Durgapur,800,5000000
2,Villa,Durgapur,1260,3900000
2,Flat,Durgapur,860,2500000
3,Flat,Durgapur,1300,3600000
2,Flat,Durgapur,950,1800000
3,House,Durgapur,700,2250000
2,Flat,Durgapur,925,2200000
2,Flat,Durgapur,500,1400000
2,Flat,Durgapur,660,2950000
2,Flat,Durgapur,700,3500000
2,Flat,Durgapur,1015,6000000
3,Flat,Durgapur,1150,3000000
2,Flat,Durgapur,650,2400000
2,Flat,Durgapur,900,2000000
3,Flat,Durgapur,1000,5000000
3,Flat,Durgapur,790,2520000
3,Flat,Durgapur,1120,4000000
3,Flat,Durgapur,1186,4000000
3,House,Durgapur,1350,3750000
3,Flat,Durgapur,855,3900000
2,Flat,Durgapur,875,3300000
3,House,Durgapur,4500,8800000
3,Flat,Durgapur,1200,3000000
3,Flat,Durgapur,1200,8500000
3,Flat,Durgapur,800,4100000
2,Flat,Durgapur,715,2200000
2,Flat,Durgapur,900,5000000
2,Flat,Durgapur,905,2200000
3,House,Durgapur,1250,7200000
3,Flat,Durgapur,810,2700000
3,Flat,Durgapur,1150,3100000
3,Flat,Durgapur,1621,11500000
2,Flat,Durgapur,1047,4500000
2,Flat,Durgapur,466,2400000
3,Flat,Durgapur,1085,4500000
2,Flat,Durgapur,827,3200000
3,Flat,Durgapur,1380,3500000
3,Flat,Durgapur,1200,1860000
2,Flat,Durgapur,925,2500000
2,Flat,Durgapur,893,2650000
3,House,Durgapur,1190,3200000
2,Flat,Durgapur,880,3250000
3,Flat,Durgapur,1200,3200000
2,House,Durgapur,780,2600000
3,Flat,Durgapur,1357,5500000
2,Flat,Durgapur,1060,2600000
3,House,Durgapur,1800,5000000
3,House,Durgapur,1250,2600000
3,Flat,Durgapur,1485,9300000
2,Flat,Durgapur,995,2750000
3,Flat,Durgapur,800,3000000
3,Flat,Durgapur,1358,3500000
3,Flat,Durgapur,1100,3500000
3,Flat,Durgapur,711,2960000
2,House,Durgapur,600,2000000
3,House,Durgapur,1440,4600000
2,Flat,Durgapur,800,2900000
3,Flat,Durgapur,1600,5000000
2,Flat,Durgapur,910,2300000
3,Flat,Durgapur,1168,2800000
3,Flat,Durgapur,1178,1900000
3,Villa,Durgapur,1300,7500000
3,Flat,Durgapur,1610,14000000
2,Flat,Durgapur,750,2000000
2,Flat,Durgapur,699,2800000
3,Flat,Durgapur,1300,3300000
2,Flat,Durgapur,875,1970000
3,Flat,Durgapur,1575,7600000
3,Flat,Durgapur,1100,7690000
3,Flat,Durgapur,1200,2750000
3,House,Durgapur,875,3600000
3,Flat,Durgapur,1650,6900000
2,Flat,Durgapur,935,3500000
2,Flat,Durgapur,780,2450000
2,Flat,Durgapur,880,2800000
3,Flat,Durgapur,950,3000000
2,Flat,Durgapur,1150,6300000
2,Flat,Durgapur,1035,5500000
2,Flat,Durgapur,1035,4500000
3,Flat,Durgapur,952,4360000
2,Flat,Durgapur,1087,3000000
3,Flat,Durgapur,1339,2500000
3,Villa,Durgapur,1750,4600000
2,Flat,Durgapur,860,2300000
3,House,Durgapur,500,2600000
3,House,Durgapur,1300,5900000
2,Flat,Durgapur,780,1900000
3,Flat,Durgapur,1270,3900000
3,Flat,Durgapur,1200,3400000
3,House,Durgapur,1500,2700000
3,House,Durgapur,900,2600000
3,House,Durgapur,1180,3400000
3,House,Durgapur,1220,4500000
3,Villa,Durgapur,1000,3500000
3,Flat,Durgapur,1000,3000000
3,House,Durgapur,1350,3200000
2,House,Durgapur,500,2200000
3,Flat,Durgapur,960,2600000
3,Flat,Durgapur,1100,4400000
3,House,Durgapur,1000,6500000
3,House,Durgapur,200,1700000
3,House,Durgapur,1300,4000000
2,Flat,Durgapur,825,1800000
3,House,Durgapur,825,4126016
2,Flat,Durgapur,868,4126016
3,Flat,Durgapur,1100,4126016
3,Villa,Durgapur,2100,4126016
2,Flat,Durgapur,1200,4126016
2,Flat,Durgapur,850,4126016
3,Villa,Durgapur,1303,5000000
3,Flat,Durgapur,877,3160000
3,Flat,Durgapur,940,3900000
3,Flat,Durgapur,1286,3860000
3,House,Durgapur,3800,27000000
2,Flat,Durgapur,681,1900000
3,Flat,Durgapur,1025,3300000
2,Flat,Durgapur,950,4500000
2,House,Durgapur,1500,3000000
2,House,Durgapur,700,2600000
2,Flat,Durgapur,867,2770000
3,Villa,Durgapur,1134,5000000
3,Flat,Durgapur,877,3660000
3,Flat,Durgapur,1087,6600000
2,Flat,Durgapur,996,2340000
3,Flat,Durgapur,1000,2770000
2,Flat,Durgapur,674,1850000
2,House,Durgapur,1107,3000000
2,Flat,Durgapur,1107,2900000
3,House,Durgapur,1107,4126016
2,Flat,Durgapur,1107,4126016
3,Flat,Dwarka,1300,26500000
3,Flat,Dwarka,500,26800000
2,Flat,Dwarka,450,9500000
3,Flat,Dwarka,1950,31000000
3,Flat,Dwarka,1500,26500000
3,Flat,Dwarka,1400,24500000
3,Flat,Dwarka,1500,21400000
3,Flat,Dwarka,1699,26500000
3,Flat,Dwarka,1800,28200000
3,Flat,Dwarka,1550,23400000
3,Flat,Dwarka,1500,26700000
2,Flat,Dwarka,650,7500000
3,Flat,Dwarka,1800,35000000
3,Flat,Dwarka,1000,12500000
2,Flat,Dwarka,600,9000000
3,Flat,Dwarka,1850,28100000
3,Flat,Dwarka,1489,24500000
3,Flat,Dwarka,1600,23000000
2,Flat,Dwarka,680,11500000
3,Flat,Dwarka,1200,9600000
3,Flat,Dwarka,1600,27200000
3,Flat,Dwarka,1600,23800000
3,Flat,Dwarka,1700,37000000
3,Flat,Dwarka,1700,32500000
3,Flat,Dwarka,1650,24000000
3,Flat,Dwarka,1650,26000000
3,Flat,Dwarka,2200,31500000
3,Flat,Dwarka,1500,28000000
3,Flat,Dwarka,1600,25200000
3,Flat,Dwarka,1400,22500000
3,Flat,Dwarka,1700,24500000
3,Flat,Dwarka,1705,24800000
2,Flat,Dwarka,1000,15800000
3,Flat,Dwarka,2000,28500000
3,Flat,Dwarka,1600,24000000
2,Flat,Dwarka,1250,19000000
3,Flat,Dwarka,1600,27500000
3,Flat,Dwarka,810,11000000
3,Flat,Dwarka,1500,23500000
3,Flat,Dwarka,1600,29000000
3,Flat,Dwarka,1850,27900000
3,Flat,Dwarka,1400,24000000
3,Flat,Dwarka,1400,27200000
3,Flat,Dwarka,1900,28400000
3,Flat,Dwarka,1600,28200000
2,Flat,Dwarka,1200,19800000
3,Flat,Dwarka,1800,22000000
3,Flat,Dwarka,1625,24500000
2,Flat,Dwarka,1300,19000000
3,Flat,Dwarka,1600,23500000
3,Flat,Dwarka,1700,27500000
3,Flat,Dwarka,1700,27799999
3,Flat,Dwarka,1600,26500000
3,Flat,Dwarka,1800,25800000
3,Flat,Dwarka,1300,23500000
3,Flat,Dwarka,1400,21000000
3,Flat,Dwarka,990,6600000
3,Flat,Dwarka,1600,28000000
3,Flat,Dwarka,1425,23800000
3,Flat,Dwarka,1548,26800000
3,Flat,Dwarka,1500,24800000
3,Flat,Dwarka,1500,22500000
3,Flat,Dwarka,1700,27200000
3,Flat,Dwarka,1500,27200000
3,Flat,Dwarka,1658,26500000
3,Flat,Dwarka,1500,23800000
3,Flat,Dwarka,730,23000000
3,Flat,Dwarka,1400,23800000
3,Flat,Dwarka,1600,21000000
3,Flat,Dwarka,1490,27000000
3,Flat,Dwarka,1600,27000000
3,Flat,Dwarka,1250,23000000
3,Flat,Dwarka,1700,27900000
3,Flat,Dwarka,1650,28000000
3,Flat,Dwarka,1500,25800000
3,Flat,Dwarka,1400,25000000
3,Flat,Dwarka,1560,28900000
3,Flat,Dwarka,1700,34100000
3,Flat,Dwarka,1650,24900000
3,Flat,Dwarka,890,6000000
3,Flat,Dwarka,1950,23000000
3,Flat,Dwarka,900,7500000
3,Flat,Dwarka,810,5700000
2,Flat,Dwarka,1040,11500000
2,Flat,Dwarka,600,4500000
3,Flat,Dwarka,1100,25500000
3,Flat,Dwarka,1800,9000000
3,Flat,Dwarka,1800,23400000
3,Flat,Dwarka,900,24800000
2,Flat,Dwarka,1200,16399999
3,Flat,Dwarka,1750,23800000
3,Flat,Dwarka,900,22500000
3,Flat,Dwarka,1500,25200000
3,Flat,Dwarka,850,8700000
3,Flat,Dwarka,1900,21500000
3,Flat,Dwarka,710,25000000
2,Flat,Dwarka,1800,17000000
3,Flat,Dwarka,1550,30000000
3,Flat,Dwarka,1800,26000000
2,Flat,Dwarka,1300,15500000
2,Flat,Dwarka,1069,15800000
3,Flat,Dwarka,600,29200000
3,Flat,Dwarka,1200,22100000
3,Flat,Dwarka,1800,27500000
3,Flat,Dwarka,1700,25500000
3,Flat,Dwarka,1080,30000000
3,Flat,Dwarka,800,7500000
3,Flat,Dwarka,600,23800000
3,Flat,Dwarka,650,21800000
3,Flat,Dwarka,1000,22000000
3,Flat,Dwarka,900,21500000
2,Flat,Dwarka,1250,20000000
2,Flat,Dwarka,900,19200000
3,Flat,Dwarka,450,24500000
3,Flat,Dwarka,1100,25000000
3,Flat,Dwarka,1450,25500000
3,Flat,Dwarka,950,16000000
3,Flat,Dwarka,1080,22900000
2,Flat,Dwarka,715,5500000
3,Flat,Dwarka,980,32500000
3,Flat,Dwarka,989,24800000
2,Flat,Dwarka,1200,11500000
2,Flat,Dwarka,675,21000000
2,Flat,Dwarka,648,18500000
2,Flat,Dwarka,540,6500000
3,Flat,Dwarka,1900,41000000
3,Flat,Dwarka,1100,6700000
3,Flat,Dwarka,675,8000000
2,Flat,Dwarka,1200,3660000
3,Flat,Dwarka,450,4000000
2,Flat,Dwarka,1200,6500000
3,Flat,Dwarka,1400,26000000
2,Flat,Dwarka,880,1850000
3,Flat,Dwarka,1000,5800000
2,Flat,Dwarka,1700,11000000
3,Flat,Dwarka,850,9500000
2,Flat,Dwarka,1000,10500000
3,Flat,Dwarka,1250,15000000
3,Flat,Dwarka,900,5500000
3,Flat,Dwarka,702,35000000
3,Flat,Dwarka,800,32000000
3,Flat,Dwarka,750,25000000
3,House,Dwarka,400,9000000
2,Flat,Dwarka,1200,17500000
3,Flat,Dwarka,1300,27500000
3,Flat,Dwarka,1800,6800000
3,Flat,Dwarka,1600,6500000
3,Flat,Dwarka,1600,41000000
2,Flat,Dwarka,1600,10000000
3,Flat,Dwarka,850,29500000
3,Flat,Dwarka,1250,29000000
3,Flat,Dwarka,1800,22500000
3,Flat,Dwarka,2000,17500000
2,Flat,Dwarka,2000,6900000
3,Flat,Dwarka,1000,9000000
3,Flat,Dwarka,630,21000000
3,Flat,Dwarka,860,26000000
3,Flat,Dwarka,650,5600000
3,Flat,Dwarka,130,28000000
2,Flat,Dwarka,900,5500000
2,Flat,Dwarka,1250,6000000
2,Flat,Dwarka,750,7000000
2,Flat,Dwarka,800,20000000
3,Flat,Dwarka,950,7000000
3,Flat,Dwarka,648,6000000
3,House,Dwarka,565,16000000
2,Flat,Dwarka,540,2500000
2,Flat,Dwarka,900,7500000
2,House,Dwarka,1080,990000
3,Flat,Dwarka,675,30000000
3,Flat,Dwarka,845,8500000
3,Flat,Dwarka,1300,20900000
3,Flat,Dwarka,1890,13000000
2,Flat,Dwarka,1400,20000000
2,Flat,Dwarka,1600,14000000
3,Flat,Dwarka,1000,110000
2,Flat,Dwarka,1765,13700000
2,Flat,Dwarka,1500,3700000
2,Flat,Dwarka,1600,4300000
3,Flat,Dwarka,1600,11000000
3,Flat,Dwarka,1605,20000000
2,Flat,Dwarka,600,3200000
3,Flat,Dwarka,1487,19000000
3,Flat,Dwarka,1500,4700000
2,Flat,Dwarka,1900,3200000
2,Flat,Dwarka,1800,11500000
3,Flat,Dwarka,2200,29000000
3,Flat,Dwarka,600,27000000
2,Flat,Dwarka,1650,3600000
3,House,Dwarka,1500,32000000
3,Flat,Dwarka,1500,15000000
2,Flat,Dwarka,1700,26000000
2,Flat,Dwarka,1200,2000000
3,Flat,Dwarka,1800,29000000
2,Flat,Dwarka,1400,4300000
3,Flat,Dwarka,1000,22500000
2,Flat,Dwarka,1765,14000000
2,Flat,Dwarka,1500,4000000
2,Flat,Dwarka,1600,24000000
3,Flat,Dwarka,1600,4400000
2,Flat,Dwarka,1605,8000000
3,Flat,Dwarka,600,6500000
3,Flat,Dwarka,1100,17500000
3,Flat,Dwarka,1487,4800000
3,Flat,Dwarka,1500,6000000
3,Flat,Dwarka,1900,4800000
3,Flat,Dwarka,1800,32000000
3,Flat,Dwarka,2200,16000000
3,Flat,Dwarka,600,3500000
3,Flat,Dwarka,1650,6000000
3,Flat,Dwarka,1500,1700000
3,Flat,Dwarka,1500,3000000
3,Flat,Dwarka,1700,1300000
2,Flat,Dwarka,1200,14800000
3,Flat,Dwarka,1800,24000000
2,Flat,Dwarka,1400,5500000
3,Flat,Dwarka,1700,21000000
3,Flat,Dwarka,1400,23500000
2,Flat,Dwarka,1600,7500000
2,Flat,Dwarka,1250,6500000
2,Flat,Dwarka,1600,9000000
3,Flat,Dwarka,1800,7000000
2,Flat,Dwarka,1100,8500000
2,Flat,Dwarka,1900,3700000
2,Flat,Dwarka,1500,7000000
3,Flat,Dwarka,1000,5000000
3,Flat,Dwarka,1765,12000000
2,Flat,Dwarka,1500,6500000
3,Flat,Dwarka,1600,12500000
3,Flat,Dwarka,1600,30000000
3,Flat,Dwarka,1605,10800000
3,House,Dwarka,600,8159999
3,Flat,Dwarka,1100,14000000
3,Flat,Dwarka,1487,13799999
2,Flat,Dwarka,1500,13799999
3,Flat,Dwarka,1900,13400000
3,Flat,Dwarka,1800,3200000
3,Flat,Dwarka,2200,13500000
3,Flat,Dwarka,600,25000000
3,Flat,Dwarka,1650,15000000
2,Flat,Dwarka,1500,16600000
3,Flat,Dwarka,1700,20714157
3,Flat,Dwarka,1200,20714157
3,Flat,Dwarka,1800,20714157
3,Flat,Dwarka,1400,20714157
2,Flat,Dwarka,1400,20714157
3,Flat,Dwarka,1600,20714157
3,Flat,Dwarka,1250,20714157
3,Flat,Dwarka,1100,20714157
3,Flat,Dwarka,1900,20714157
3,Flat,Dwarka,1500,20714157
2,Flat,Dwarka,1000,20714157
3,Flat,Dwarka,1765,20714157
3,Flat,Dwarka,1605,20714157
2,Flat,Dwarka,600,20714157
2,Flat,Dwarka,1100,20714157
3,Flat,Dwarka,1487,20714157
3,Flat,Dwarka,1500,13500000
3,Flat,Dwarka,1900,29200000
2,Flat,Dwarka,600,27500000
3,Flat,Dwarka,1650,23500000
3,Flat,Dwarka,1500,14000000
3,Flat,Dwarka,1500,18000000
3,Flat,Dwarka,1700,22500000
3,Flat,Dwarka,1200,27200000
3,Flat,Dwarka,1800,25000000
3,Flat,Dwarka,1700,30000000
3,Flat,Dwarka,1400,9500000
3,Flat,Dwarka,1600,29500000
3,Flat,Dwarka,1250,27200000
3,Flat,Dwarka,1600,24800000
3,Flat,Dwarka,1800,28600000
3,Flat,Dwarka,1100,10800000
3,Flat,Dwarka,1900,28500000
3,Flat,Dwarka,1500,24400000
2,Flat,Dwarka,1000,13500000
3,Flat,Dwarka,1765,29200000
3,Flat,Dwarka,1500,29000000
3,Flat,Dwarka,1605,23500000
2,Flat,Dwarka,600,14000000
2,Flat,Dwarka,1100,18000000
3,Flat,Dwarka,1487,22500000
3,Flat,Dwarka,1900,25000000
3,Flat,Dwarka,2200,30000000
2,Flat,Dwarka,600,9500000
3,Flat,Dwarka,1650,29500000
3,Flat,Dwarka,1700,28600000
3,Flat,Dwarka,1200,10800000
3,Flat,Dwarka,1800,28500000
3,Flat,Dwarka,1400,24400000
3,Flat,Dwarka,1700,31500000
3,Flat,Dwarka,1250,21000000
3,Flat,Dwarka,1600,26200000
3,Flat,Dwarka,1100,27000000
3,Flat,Dwarka,1900,28100000
3,Flat,Dwarka,1500,26000000
3,Flat,Dwarka,1710,19500000
3,Flat,Dwarka,1710,28000000
2,Flat,Dwarka,1710,18000000
3,Flat,Ernakulam,1781,17000000
3,Villa,Ernakulam,1800,18500000
2,Flat,Ernakulam,925,4500000
3,Flat,Ernakulam,1400,10000000
2,Flat,Ernakulam,1300,7000000
3,Flat,Ernakulam,1950,14500000
3,Flat,Ernakulam,1485,12500000
3,Flat,Ernakulam,1650,8900000
3,Villa,Ernakulam,1900,6300000
3,Flat,Ernakulam,639,7300000
3,House,Ernakulam,2340,14000000
3,House,Ernakulam,2800,11500000
2,Flat,Ernakulam,1175,5800000
2,Flat,Ernakulam,850,7500000
3,Flat,Ernakulam,1251,4300000
2,Flat,Ernakulam,900,5200000
2,Flat,Ernakulam,1226,6900000
2,Flat,Ernakulam,1000,4240000
3,House,Ernakulam,1200,4950000
3,Flat,Ernakulam,625,4200000
3,House,Ernakulam,3317,90000000
3,Flat,Ernakulam,1320,9500000
3,Flat,Ernakulam,1560,9000000
2,Flat,Ernakulam,700,8000000
3,House,Ernakulam,1750,12000000
3,Villa,Ernakulam,1450,8200000
3,Flat,Ernakulam,1167,6000000
3,Flat,Ernakulam,1400,7500000
3,Flat,Ernakulam,1449,7800000
2,House,Ernakulam,1100,11200000
3,Villa,Ernakulam,2360,18000000
3,Flat,Ernakulam,1200,13400000
3,Villa,Ernakulam,1650,6500000
3,House,Ernakulam,150,4900000
3,Flat,Ernakulam,1350,7700000
2,Flat,Ernakulam,850,7230000
2,Flat,Ernakulam,790,4500000
3,House,Ernakulam,100,4300000
2,Flat,Ernakulam,1020,5000000
3,Flat,Ernakulam,1095,11900000
2,House,Ernakulam,800,5300000
2,Flat,Ernakulam,970,5000000
2,Flat,Ernakulam,1050,3700000
3,House,Ernakulam,1250,4500000
3,Flat,Ernakulam,1500,8000000
2,House,Ernakulam,1150,10000000
3,Villa,Ernakulam,1175,10000000
3,Flat,Ernakulam,1182,7000000
3,Flat,Ernakulam,1631,8000000
3,House,Ernakulam,2000,9200000
2,House,Ernakulam,350,700000
3,House,Ernakulam,800,2500000
3,House,Ernakulam,1800,9600000
2,House,Ernakulam,548,2600000
3,House,Ernakulam,1700,13899999
3,Flat,Ernakulam,1630,9200000
3,Villa,Ernakulam,1677,5900000
2,Flat,Ernakulam,550,5000000
2,House,Ernakulam,1200,1700000
3,House,Ernakulam,1432,4900000
3,Flat,Ernakulam,1500,8500000
2,House,Ernakulam,750,6200000
3,Flat,Ernakulam,1430,9500000
3,Flat,Ernakulam,1550,7500000
3,House,Ernakulam,1400,7000000
3,Villa,Ernakulam,1350,6000000
3,Flat,Ernakulam,1198,6000000
2,Flat,Ernakulam,920,3000000
3,Flat,Ernakulam,1280,6600000
3,Flat,Ernakulam,1591,7330000
3,Flat,Ernakulam,1330,6200000
3,Flat,Ernakulam,2300,24000000
3,House,Ernakulam,1255,3500000
2,House,Ernakulam,1200,5500000
3,Flat,Ernakulam,1675,11000000
3,House,Ernakulam,2000,7900000
3,House,Ernakulam,1450,3900000
3,Villa,Ernakulam,1510,5400000
2,Villa,Ernakulam,1450,4500000
3,Flat,Ernakulam,1500,6500000
2,Flat,Ernakulam,834,12300000
3,Flat,Ernakulam,1688,9500000
3,House,Ernakulam,1700,9900000
3,Flat,Ernakulam,1500,10000000
3,House,Ernakulam,1100,6200000
3,Flat,Ernakulam,1500,7500000
3,House,Ernakulam,2100,8000000
2,Flat,Ernakulam,920,5500000
3,House,Ernakulam,1350,9000000
3,Flat,Ernakulam,1387,7200000
2,Flat,Ernakulam,797,3200000
3,Flat,Ernakulam,1300,7500000
2,House,Ernakulam,800,8000000
3,Flat,Ernakulam,1200,5500000
3,Villa,Ernakulam,1800,10000000
2,House,Ernakulam,1200,8000000
3,House,Ernakulam,2000,4500000
2,House,Ernakulam,1000,11900000
3,House,Ernakulam,1000,600000
3,Flat,Ernakulam,800,4550000
3,House,Ernakulam,1700,8500000
3,House,Ernakulam,1600,4800000
2,Flat,Ernakulam,800,6500000
3,Flat,Ernakulam,1198,7100000
3,Villa,Ernakulam,1500,6200000
2,Flat,Ernakulam,1058,4000000
2,House,Ernakulam,800,3700000
3,Flat,Ernakulam,1680,12000000
3,House,Ernakulam,6000,15000000
3,Villa,Ernakulam,1500,18000000
3,Villa,Ernakulam,2200,15000000
2,Flat,Ernakulam,475,2900000
3,House,Ernakulam,900,1600000
2,Flat,Ernakulam,1100,7200000
2,House,Ernakulam,699,1950000
3,Villa,Ernakulam,1200,3500000
2,House,Ernakulam,3100,7000000
3,Flat,Ernakulam,1200,5000000
3,House,Ernakulam,960,7000000
2,Flat,Ernakulam,835,3300000
2,Flat,Ernakulam,800,8500000
3,Villa,Ernakulam,1600,12000000
3,Villa,Ernakulam,1650,7500000
3,House,Ernakulam,1400,14200000
3,House,Ernakulam,2500,16000000
3,House,Ernakulam,1280,4000000
3,Flat,Ernakulam,1450,5000000
3,Flat,Ernakulam,1515,7720000
2,House,Ernakulam,7700,8200000
3,Villa,Ernakulam,1450,6500000
3,Flat,Ernakulam,2165,17500000
3,House,Ernakulam,900,6000000
2,Flat,Ernakulam,998,6600000
3,House,Ernakulam,1750,10000000
2,Flat,Ernakulam,780,2000000
3,House,Ernakulam,1200,6500000
3,House,Ernakulam,1018,4500000
2,Flat,Ernakulam,830,4500000
3,House,Ernakulam,1650,590000
3,House,Ernakulam,1500,11000000
3,Villa,Ernakulam,1500,7500000
2,Villa,Ernakulam,945,3000000
3,Flat,Ernakulam,2500,15000000
3,Flat,Ernakulam,2040,10000000
2,House,Ernakulam,800,3000000
2,Flat,Ernakulam,1200,7900000
3,Flat,Ernakulam,1100,5200000
3,House,Ernakulam,1400,11500000
2,Flat,Ernakulam,1000,5500000
3,Flat,Ernakulam,1620,15000000
2,House,Ernakulam,900,7200000
3,House,Ernakulam,1538,9950000
2,House,Ernakulam,650,2700000
3,Villa,Ernakulam,105,5900000
3,House,Ernakulam,1800,25000000
3,House,Ernakulam,1100,5000000
3,Flat,Ernakulam,2000,11500000
3,Flat,Ernakulam,2200,13000000
2,House,Ernakulam,750,3300000
3,House,Ernakulam,1700,5500000
3,Villa,Ernakulam,3200,32500000
3,Flat,Ernakulam,2303,14000000
3,Villa,Ernakulam,1800,6900000
2,Flat,Ernakulam,925,5500000
3,House,Ernakulam,1500,6000000
3,Flat,Ernakulam,2040,9600000
3,Flat,Ernakulam,1296,9000000
3,House,Ernakulam,1980,11000000
3,House,Ernakulam,1700,12500000
2,Flat,Ernakulam,1378,5000000
2,Flat,Ernakulam,980,6809999
3,Flat,Ernakulam,1800,7500000
2,House,Ernakulam,1300,6200000
3,Villa,Ernakulam,5008,4500000
3,Flat,Ernakulam,1667,7500000
3,House,Ernakulam,1450,7500000
3,Flat,Ernakulam,1435,8600000
3,Villa,Ernakulam,1650,8500000
2,Flat,Ernakulam,722,3300000
3,Flat,Ernakulam,900,3500000
3,House,Ernakulam,1000,4750000
3,Flat,Ernakulam,1910,11000000
3,House,Ernakulam,3049,10000000
2,Flat,Ernakulam,1200,7000000
3,Villa,Ernakulam,2500,18000000
3,Flat,Ernakulam,1450,11000000
3,Villa,Ernakulam,2200,16900000
3,House,Ernakulam,2218,25000000
3,House,Ernakulam,1790,8880000
2,Flat,Ernakulam,1000,500000
2,Flat,Ernakulam,815,4500000
3,House,Ernakulam,960,3500000
3,House,Ernakulam,1600,9000000
2,House,Ernakulam,1100,4500000
3,Flat,Ernakulam,1050,4700000
2,Flat,Ernakulam,950,4500000
2,House,Ernakulam,1000,8000000
2,Flat,Ernakulam,1129,3500000
3,House,Ernakulam,1300,5700000
3,House,Ernakulam,3000,30000000
3,House,Ernakulam,1270,5500000
3,House,Ernakulam,1392,5200000
3,Villa,Ernakulam,2181,11000000
2,Flat,Ernakulam,1200,6000000
3,Flat,Ernakulam,1550,4000000
2,Flat,Ernakulam,700,4000000
2,Flat,Ernakulam,1332,5500000
2,Flat,Ernakulam,970,3500000
3,Flat,Ernakulam,1493,7200000
3,House,Ernakulam,1350,6300000
3,House,Ernakulam,1254,8500000
2,Flat,Ernakulam,800,5000000
3,House,Ernakulam,1450,3700000
3,House,Ernakulam,1400,3500000
2,House,Ernakulam,900,5700000
3,House,Ernakulam,2100,7800000
3,Flat,Ernakulam,1448,8500000
3,Flat,Ernakulam,1200,8500000
2,Flat,Ernakulam,900,3800000
3,Flat,Ernakulam,1750,6800000
3,House,Ernakulam,1100,3600000
3,House,Ernakulam,1650,11900000
3,House,Ernakulam,1500,4600000
3,Flat,Ernakulam,1100,4500000
2,Flat,Ernakulam,1170,7000000
3,Flat,Ernakulam,1200,4800000
3,Flat,Ernakulam,1250,6500000
3,House,Ernakulam,2400,13000000
2,House,Ernakulam,700,2700000
2,Flat,Ernakulam,1070,7000000
3,House,Ernakulam,1140,5300000
3,Flat,Ernakulam,1100,8500000
2,Flat,Ernakulam,750,4500000
3,Flat,Ernakulam,1800,16000000
3,Flat,Ernakulam,1651,8500000
3,Villa,Ernakulam,1500,4800000
3,Flat,Ernakulam,1557,8500000
3,Flat,Ernakulam,1650,8400000
3,House,Ernakulam,1684,8800000
3,House,Ernakulam,1270,3500000
3,Flat,Ernakulam,1400,12500000
3,Villa,Ernakulam,1600,9500000
2,Flat,Ernakulam,644,3800000
3,Flat,Ernakulam,1769,17000000
2,House,Ernakulam,1307,3700000
2,Flat,Ernakulam,850,5000000
3,House,Ernakulam,1635,8500000
2,House,Ernakulam,1306,4100000
3,Flat,Ernakulam,1000,6500000
3,House,Ernakulam,1386,5000000
3,House,Ernakulam,1386,13000000
3,House,Ernakulam,1386,14000000
2,House,Ernakulam,1386,3200000
3,House,Ernakulam,1386,9300000
2,House,Ernakulam,1386,4500000
3,House,Ernakulam,1386,9500000
3,Flat,Faridabad,1710,11000000
2,Flat,Faridabad,1255,7970000
3,Flat,Faridabad,1222,12000000
3,Flat,Faridabad,1350,9600000
3,Flat,Faridabad,1257,12000000
3,Flat,Faridabad,1782,16500000
3,Flat,Faridabad,1365,9500000
3,Flat,Faridabad,1820,13000000
3,Flat,Faridabad,2390,24500000
2,Flat,Faridabad,1174,5870000
2,Flat,Faridabad,600,3000000
3,Flat,Faridabad,1620,15000000
3,Flat,Faridabad,2160,18000000
3,Flat,Faridabad,1600,12500000
2,Flat,Faridabad,850,5200000
2,Flat,Faridabad,600,3400000
3,Flat,Faridabad,2025,14000000
3,Flat,Faridabad,1000,3550000
3,Flat,Faridabad,1450,13500000
3,Flat,Faridabad,1765,14200000
2,Flat,Faridabad,1247,7920000
3,Flat,Faridabad,645,3379999
3,Flat,Faridabad,1458,14500000
3,Flat,Faridabad,1600,8800000
3,Flat,Faridabad,1263,9300000
3,Flat,Faridabad,1495,7500000
3,Flat,Faridabad,1982,12000000
3,Flat,Faridabad,1365,10000000
3,Flat,Faridabad,1500,12000000
3,Flat,Faridabad,1600,12000000
3,Flat,Faridabad,1850,15500000
3,Flat,Faridabad,725,3500000
2,Flat,Faridabad,1150,6450000
3,Flat,Faridabad,2250,13500000
3,Flat,Faridabad,1530,6500000
2,House,Faridabad,900,26000000
2,Flat,Faridabad,1025,6000000
3,Flat,Faridabad,1080,11000000
3,House,Faridabad,350,3500000
3,Flat,Faridabad,2200,16000000
3,Flat,Faridabad,1420,11000000
2,Flat,Faridabad,1200,7720000
3,Flat,Faridabad,1850,13500000
3,Flat,Faridabad,1263,10300000
3,Flat,Faridabad,1400,13000000
3,Flat,Faridabad,1200,8000000
3,Flat,Faridabad,1461,9800000
3,Flat,Faridabad,1420,14400000
3,Flat,Faridabad,1620,16500000
2,Flat,Faridabad,900,5100000
3,Flat,Faridabad,1620,16200000
2,Flat,Faridabad,646,3350000
3,Flat,Faridabad,645,3800000
2,Flat,Faridabad,780,1300000
3,Flat,Faridabad,1850,18000000
2,Flat,Faridabad,950,3900000
3,Flat,Faridabad,1350,13300000
3,House,Faridabad,2700,39000000
2,Flat,Faridabad,810,4200000
3,Flat,Faridabad,1600,10500000
3,Flat,Faridabad,1800,16800000
3,Flat,Faridabad,2250,11000000
2,Flat,Faridabad,1174,6000000
3,Flat,Faridabad,1437,4700000
2,House,Faridabad,900,16000000
3,House,Faridabad,1500,15500000
3,Flat,Faridabad,1900,18000000
2,Flat,Faridabad,1075,4100000
3,Flat,Faridabad,1800,15000000
2,Flat,Faridabad,1200,8100000
2,Flat,Faridabad,2250,11000000
3,Flat,Faridabad,645,3600000
3,Flat,Faridabad,1483,9600000
2,Flat,Faridabad,1200,6500000
2,Flat,Faridabad,586,3200000
3,Flat,Faridabad,1140,11500000
2,Flat,Faridabad,1200,8300000
2,Flat,Faridabad,953,7500000
3,Flat,Faridabad,1620,10500000
3,Flat,Faridabad,1700,14000000
2,Flat,Faridabad,648,3500000
3,Flat,Faridabad,800,4300000
3,Flat,Faridabad,1900,13000000
3,Flat,Faridabad,1100,7200000
3,Flat,Faridabad,1600,11800000
2,Flat,Faridabad,1045,4200000
3,Flat,Faridabad,1620,15500000
3,Flat,Faridabad,745,5500000
2,Flat,Faridabad,600,3570000
3,Flat,Faridabad,990,5000000
3,Flat,Faridabad,2250,7500000
3,Flat,Faridabad,800,5500000
3,Villa,Faridabad,1440,22799999
3,Flat,Faridabad,2025,12000000
3,Flat,Faridabad,1653,7150000
3,Flat,Faridabad,1850,12500000
2,Flat,Faridabad,580,3150000
3,Flat,Faridabad,975,9000000
3,Flat,Faridabad,1100,6000000
3,Flat,Faridabad,745,5600000
3,Flat,Faridabad,1815,9000000
2,Flat,Faridabad,800,6200000
2,Flat,Faridabad,1250,6500000
2,Flat,Faridabad,900,5500000
3,Flat,Faridabad,1350,8500000
2,Flat,Faridabad,504,2600000
3,Flat,Faridabad,1044,4000000
2,Flat,Faridabad,682,3300000
2,Flat,Faridabad,1042,4500000
3,House,Faridabad,1337,5400000
2,Flat,Faridabad,827,7000000
3,Flat,Faridabad,958,3000000
3,Villa,Faridabad,900,4500000
3,Flat,Faridabad,1069,3500000
3,Villa,Faridabad,1750,24000000
3,Flat,Faridabad,1700,8000000
2,Flat,Faridabad,1342,4750000
2,Flat,Faridabad,780,4000000
2,Flat,Faridabad,1342,4600000
3,Flat,Faridabad,2250,13000000
3,Flat,Faridabad,650,5450000
3,Flat,Faridabad,1850,15200000
3,Flat,Faridabad,650,3200000
2,House,Faridabad,585,3500000
3,Flat,Faridabad,745,5400000
3,House,Faridabad,160,9000000
2,Flat,Faridabad,1075,4500000
2,Flat,Faridabad,1100,7500000
2,Flat,Faridabad,1268,10000000
3,Flat,Faridabad,1715,5610000
3,Flat,Faridabad,1670,12500000
2,Flat,Faridabad,984,7200000
2,House,Faridabad,775,4000000
2,Flat,Faridabad,1133,6800000
2,Flat,Faridabad,610,2600000
3,Flat,Faridabad,990,7000000
3,Flat,Faridabad,1888,9000000
2,Flat,Faridabad,1200,7000000
3,Flat,Faridabad,657,5500000
2,Flat,Faridabad,1000,3220000
3,Flat,Faridabad,645,3550000
2,Flat,Faridabad,889,4200000
3,Flat,Faridabad,745,4900000
3,Flat,Faridabad,1140,4500000
3,Flat,Faridabad,702,2300000
3,Flat,Faridabad,1483,8500000
3,Flat,Faridabad,1377,5900000
3,Flat,Faridabad,1475,10500000
3,Flat,Faridabad,130,6500000
2,Flat,Faridabad,1237,7500000
3,Flat,Faridabad,1450,7000000
3,Flat,Faridabad,2000,16000000
2,Flat,Faridabad,505,3400000
2,Flat,Faridabad,1358,6000000
2,Flat,Faridabad,1100,7400000
3,Flat,Faridabad,1800,8800000
2,Flat,Faridabad,900,4000000
2,House,Faridabad,486,5000000
3,Flat,Faridabad,1600,13500000
2,Flat,Faridabad,615,3900000
3,Flat,Faridabad,1206,6000000
3,House,Faridabad,12150,7000000
2,Flat,Faridabad,1283,14000000
2,House,Faridabad,450,1600000
3,Flat,Faridabad,1620,12000000
2,Flat,Faridabad,1284,13000000
2,Flat,Faridabad,1600,11000000
3,Flat,Faridabad,725,5000000
3,Flat,Faridabad,1750,10500000
2,Flat,Faridabad,800,2500000
3,Flat,Faridabad,1200,7000000
3,House,Faridabad,100,370000
2,House,Faridabad,641,2350000
3,House,Faridabad,900,5000000
3,Flat,Faridabad,1750,9980000
3,Flat,Faridabad,1458,7500000
3,Flat,Faridabad,2000,1500000
3,Flat,Faridabad,731,3900000
3,House,Faridabad,675,5000000
2,House,Faridabad,720,2640000
3,House,Faridabad,1400,9000000
3,Flat,Faridabad,1375,8500000
3,House,Faridabad,579,3500000
2,House,Faridabad,540,2000000
3,Flat,Faridabad,1200,8500000
2,Flat,Faridabad,920,6000000
2,Flat,Faridabad,1800,9500000
3,Flat,Faridabad,1755,6640000
3,Flat,Faridabad,1715,7000000
2,Flat,Faridabad,550,2800000
3,Flat,Faridabad,1406,8159999
2,House,Faridabad,960,5000000
3,House,Faridabad,1620,35000000
3,Villa,Faridabad,1080,6000000
2,Flat,Faridabad,1090,4500000
2,Flat,Faridabad,1000,6000000
2,Flat,Faridabad,450,2700000
3,Flat,Faridabad,1100,4200000
2,Flat,Faridabad,800,5000000
3,Flat,Faridabad,1600,8500000
3,House,Faridabad,1818,8000000
2,Flat,Faridabad,1200,4500000
2,Flat,Faridabad,704,4200000
3,House,Faridabad,1620,8000000
3,House,Faridabad,567,5000000
3,Flat,Faridabad,1665,11200000
2,Flat,Faridabad,450,1600000
2,Flat,Faridabad,800,3500000
2,Flat,Faridabad,800,3400000
3,Flat,Faridabad,1592,8700000
2,Flat,Faridabad,1304,7200000
2,Flat,Faridabad,1950,8500000
3,Flat,Faridabad,1000,6000000
2,Flat,Faridabad,1005,4500000
3,House,Faridabad,900,4000000
3,Flat,Faridabad,645,5000000
2,Flat,Faridabad,608,3300000
2,Flat,Faridabad,1000,2800000
3,House,Faridabad,803,5500000
2,Flat,Faridabad,1150,5800000
2,Flat,Faridabad,850,6500000
3,Flat,Faridabad,700,4000000
3,House,Faridabad,1100,8000000
3,Flat,Faridabad,2270,15100000
2,House,Faridabad,1350,10000000
2,Flat,Faridabad,900,6500000
3,Flat,Faridabad,1645,10500000
2,House,Faridabad,1062,6000000
2,House,Faridabad,1203,13500000
3,Flat,Faridabad,2250,14000000
3,Flat,Faridabad,1715,7500000
2,House,Faridabad,450,2500000
2,Flat,Faridabad,900,8500000
3,House,Faridabad,2250,30000000
2,Flat,Faridabad,1100,4500000
3,Flat,Faridabad,990,3700000
2,House,Faridabad,590,2700000
3,Flat,Faridabad,2150,13000000
3,Flat,Faridabad,2250,16500000
2,Flat,Faridabad,1100,5100000
3,Flat,Faridabad,1400,5950000
3,Flat,Faridabad,990,3800000
3,Flat,Faridabad,1660,11000000
2,Flat,Faridabad,762,4800000
2,Flat,Faridabad,500,1100000
3,Flat,Faridabad,731,5000000
3,Flat,Faridabad,1250,5500000
2,House,Faridabad,166,28000000
3,Flat,Faridabad,2097,11000000
3,Flat,Faridabad,2250,12000000
3,Flat,Faridabad,1500,11000000
3,Flat,Faridabad,150,2800000
3,Flat,Faridabad,1800,18500000
3,Flat,Faridabad,1085,6000000
3,Flat,Faridabad,800,3700000
2,Flat,Faridabad,1000,3120000
3,Flat,Faridabad,1520,8500000
3,House,Faridabad,2250,38000000
3,Villa,Faridabad,1885,43000000
3,Flat,Faridabad,1200,5500000
2,Flat,Faridabad,1220,8500000
2,Flat,Faridabad,1100,6500000
2,Flat,Faridabad,1670,11500000
3,House,Faridabad,432,4000000
2,House,Faridabad,702,3500000
2,House,Faridabad,450,6000000
2,House,Faridabad,900,8000000
2,Flat,Faridabad,1201,5600000
3,Flat,Faridabad,1525,6500000
3,Flat,Faridabad,1709,10000000
2,Flat,Faridabad,1045,4800000
3,Flat,Faridabad,1500,6100000
2,Flat,Faridabad,1962,3000000
2,Flat,Faridabad,1962,3500000
3,Flat,Gurgaon,2440,47500000
3,Flat,Gurgaon,2360,40500000
3,Flat,Gurgaon,2430,26000000
3,Flat,Gurgaon,2160,29900000
3,Flat,Gurgaon,1800,30000000
2,Flat,Gurgaon,1450,16600000
3,Flat,Gurgaon,1753,14000000
3,Flat,Gurgaon,2170,43099999
3,Flat,Gurgaon,1630,27000000
3,Flat,Gurgaon,1800,24900000
3,Flat,Gurgaon,1200,21400000
3,Flat,Gurgaon,2160,26000000
3,Flat,Gurgaon,1790,18600000
3,Flat,Gurgaon,2327,37100000
3,Flat,Gurgaon,1352,42600000
3,Flat,Gurgaon,2705,61900000
3,Flat,Gurgaon,1000,23100000
3,Flat,Gurgaon,1359,18500000
2,Flat,Gurgaon,1103,14300000
3,Flat,Gurgaon,1680,24000000
2,Flat,Gurgaon,1443,14100000
2,Flat,Gurgaon,1431,21400000
3,Flat,Gurgaon,2690,43000000
3,Flat,Gurgaon,1350,35800000
3,Flat,Gurgaon,1610,22500000
3,Flat,Gurgaon,2844,54000000
3,Flat,Gurgaon,2134,30400000
3,Flat,Gurgaon,2790,36700000
3,Flat,Gurgaon,3550,113600000
3,Flat,Gurgaon,1202,28000000
3,Flat,Gurgaon,2858,58500000
3,Flat,Gurgaon,2863,71500000
3,Flat,Gurgaon,2046,51800000
3,Flat,Gurgaon,2200,34100000
3,Flat,Gurgaon,1150,15300000
3,Flat,Gurgaon,1920,37600000
3,Flat,Gurgaon,2250,130000000
3,Flat,Gurgaon,1550,20500000
3,Flat,Gurgaon,2700,62800000
3,Flat,Gurgaon,2050,39400000
3,Flat,Gurgaon,2350,32599999
3,Flat,Gurgaon,1600,24000000
2,Flat,Gurgaon,1381,25000000
3,Flat,Gurgaon,2650,53900000
3,Flat,Gurgaon,4050,88800000
3,Flat,Gurgaon,1633,45199999
3,Flat,Gurgaon,2365,37800000
3,Flat,Gurgaon,1568,47600000
3,Flat,Gurgaon,1000,24700000
3,Flat,Gurgaon,2450,47000000
3,Flat,Gurgaon,2858,58800000
3,Flat,Gurgaon,3015,70300000
3,Flat,Gurgaon,1248,39400000
3,Flat,Gurgaon,1352,48600000
3,Flat,Gurgaon,1438,31300000
3,Flat,Gurgaon,2000,29900000
3,Flat,Gurgaon,1500,25500000
2,Flat,Gurgaon,1366,21000000
3,Flat,Gurgaon,2937,40700000
3,Flat,Gurgaon,1425,18900000
3,Flat,Gurgaon,986,18600000
2,Flat,Gurgaon,1478,16900000
3,Flat,Gurgaon,2100,33700000
2,Flat,Gurgaon,1159,15900000
3,Flat,Gurgaon,2980,60599999
2,Flat,Gurgaon,1964,43200000
3,Flat,Gurgaon,1423,18500000
3,Flat,Gurgaon,1447,31000000
3,Flat,Gurgaon,2046,51100000
3,Flat,Gurgaon,1840,24300000
3,Flat,Gurgaon,2002,30800000
3,Flat,Gurgaon,1408,33400000
3,Flat,Gurgaon,2078,21000000
3,Flat,Gurgaon,2405,43200000
3,Flat,Gurgaon,2950,60700000
3,Flat,Gurgaon,1405,31100000
3,Flat,Gurgaon,1911,45000000
3,Flat,Gurgaon,2335,36100000
3,Flat,Gurgaon,2300,36800000
3,Flat,Gurgaon,1000,23200000
3,Flat,Gurgaon,1270,24900000
2,Flat,Gurgaon,894,22300000
3,Flat,Gurgaon,1404,52900000
2,Flat,Gurgaon,1572,16900000
3,Flat,Gurgaon,1695,322000000
3,Flat,Gurgaon,1769,38900000
3,Flat,Gurgaon,1423,17100000
3,Flat,Gurgaon,2700,59400000
3,Flat,Gurgaon,2408,25900000
2,Flat,Gurgaon,1023,14600000
3,Flat,Gurgaon,2930,27200000
3,Flat,Gurgaon,2711,94800000
3,Flat,Gurgaon,1579,24200000
3,Flat,Gurgaon,2600,26500000
3,Flat,Gurgaon,2050,49900000
3,Flat,Gurgaon,1850,25000000
3,Flat,Gurgaon,2781,60000000
3,Flat,Gurgaon,1385,66000000
3,Flat,Gurgaon,1205,30200000
3,Flat,Gurgaon,2675,44100000
3,Flat,Gurgaon,1557,24100000
3,Flat,Gurgaon,2050,33300000
3,Flat,Gurgaon,2700,61600000
3,Flat,Gurgaon,2945,65000000
3,Flat,Gurgaon,1240,22000000
3,Flat,Gurgaon,1600,35000000
3,Flat,Gurgaon,2000,33500000
3,Flat,Gurgaon,1665,25000000
3,Flat,Gurgaon,1149,15700000
3,Flat,Gurgaon,2367,27900000
2,Flat,Gurgaon,1370,22100000
3,Flat,Gurgaon,2080,37400000
3,Flat,Gurgaon,1824,26500000
3,Flat,Gurgaon,1550,20000000
3,Flat,Gurgaon,1600,29000000
3,Flat,Gurgaon,1400,32500000
3,Flat,Gurgaon,1800,25500000
2,Flat,Gurgaon,1700,24000000
3,House,Gurgaon,540,25700000
3,Flat,Gurgaon,3000,59900000
3,Villa,Gurgaon,1550,90000000
3,Flat,Gurgaon,1600,26000000
2,Flat,Gurgaon,1350,11500000
2,Flat,Gurgaon,1000,35000000
2,Flat,Gurgaon,1310,20299999
3,Flat,Gurgaon,1944,31500000
3,Flat,Gurgaon,1970,31000000
3,Flat,Gurgaon,1600,30000000
3,Flat,Gurgaon,1530,15000000
3,Flat,Gurgaon,1500,40000000
3,Flat,Gurgaon,1350,19000000
3,Flat,Gurgaon,1850,38500000
3,Flat,Gurgaon,2100,33000000
3,Flat,Gurgaon,1660,17500000
3,Flat,Gurgaon,3050,100000000
3,Flat,Gurgaon,2259,32500000
3,Flat,Gurgaon,1983,65000000
3,Flat,Gurgaon,1800,47000000
2,Flat,Gurgaon,950,16600000
3,Flat,Gurgaon,2129,34000000
3,House,Gurgaon,1550,19500000
3,Flat,Gurgaon,2316,48700000
3,Flat,Gurgaon,1650,29700000
3,Flat,Gurgaon,1600,34000000
3,Flat,Gurgaon,1695,58000000
3,Flat,Gurgaon,1265,45000000
2,Flat,Gurgaon,1230,8700000
3,Flat,Gurgaon,2300,54300000
3,Flat,Gurgaon,3035,60000000
3,Flat,Gurgaon,1620,24100000
3,Flat,Gurgaon,3100,64000000
3,Flat,Gurgaon,1258,26000000
3,Flat,Gurgaon,1500,36000000
3,Flat,Gurgaon,1500,34000000
3,Flat,Gurgaon,1650,25000000
3,Flat,Gurgaon,1656,21000000
3,Flat,Gurgaon,1310,24000000
3,Flat,Gurgaon,1950,31500000
3,Flat,Gurgaon,1750,60000000
3,Flat,Gurgaon,2282,41800000
3,Flat,Gurgaon,1820,21900000
3,Flat,Gurgaon,1150,14400000
3,Flat,Gurgaon,1421,25900000
2,Flat,Gurgaon,1000,16000000
2,Flat,Gurgaon,973,14000000
2,Flat,Gurgaon,609,14000000
2,Flat,Gurgaon,1220,43200000
3,Flat,Gurgaon,1895,38000000
3,Flat,Gurgaon,2185,43800000
3,Flat,Gurgaon,1789,24000000
3,Flat,Gurgaon,1500,38000000
3,Flat,Gurgaon,1935,30500000
3,Flat,Gurgaon,998,18000000
3,Flat,Gurgaon,2145,45700000
3,Flat,Gurgaon,2295,27500000
3,Flat,Gurgaon,2874,58000000
3,Flat,Gurgaon,2000,18500000
3,Flat,Gurgaon,1895,36900000
3,Flat,Gurgaon,2002,50599999
3,Flat,Gurgaon,1425,18000000
3,Flat,Gurgaon,2129,41500000
2,Flat,Gurgaon,1100,13000000
3,Flat,Gurgaon,1400,20000000
3,Flat,Gurgaon,1625,24000000
2,Flat,Gurgaon,1270,25000000
3,Flat,Gurgaon,1200,14500000
3,Flat,Gurgaon,2250,45000000
3,Flat,Gurgaon,2400,43600000
3,Flat,Gurgaon,1990,32000000
3,Flat,Gurgaon,1538,38000000
3,Flat,Gurgaon,2128,42500000
2,Flat,Gurgaon,683,15000000
3,Flat,Gurgaon,2266,44500000
3,Flat,Gurgaon,1150,23500000
2,Flat,Gurgaon,920,18600000
3,Flat,Gurgaon,1260,18000000
3,Flat,Gurgaon,1496,13000000
3,Flat,Gurgaon,1530,34000000
3,Flat,Gurgaon,2325,66500000
3,Flat,Gurgaon,1399,39800000
3,Flat,Gurgaon,2282,42000000
3,Flat,Gurgaon,1319,24300000
3,Flat,Gurgaon,2520,41000000
3,Flat,Gurgaon,1790,31500000
3,Flat,Gurgaon,2250,24000000
3,Flat,Gurgaon,1900,28000000
3,Flat,Gurgaon,1359,19000000
3,Flat,Gurgaon,1235,39500000
3,Flat,Gurgaon,1650,32500000
3,Flat,Gurgaon,1875,42800000
2,Flat,Gurgaon,1300,19800000
3,Flat,Gurgaon,1300,27000000
3,Flat,Gurgaon,2107,41500000
3,Flat,Gurgaon,1454,14200000
3,Flat,Gurgaon,888,17900000
3,Flat,Gurgaon,2920,71000000
3,Flat,Gurgaon,1355,21000000
3,Flat,Gurgaon,1356,38000000
2,Flat,Gurgaon,1366,19000000
3,Flat,Gurgaon,2282,36500000
3,Flat,Gurgaon,2343,47500000
3,Flat,Gurgaon,1695,58900000
3,Flat,Gurgaon,1399,41700000
3,Flat,Gurgaon,1800,45500000
3,Flat,Gurgaon,1150,20000000
3,Flat,Gurgaon,1646,101199999
3,Flat,Gurgaon,1710,26500000
3,Flat,Gurgaon,1350,26300000
2,Flat,Gurgaon,1400,17700000
3,Flat,Gurgaon,1465,24000000
3,Flat,Gurgaon,1850,35000000
3,Flat,Gurgaon,1512,18700000
3,Flat,Gurgaon,2700,68000000
3,Flat,Gurgaon,1870,38700000
3,Flat,Gurgaon,950,10500000
2,Flat,Gurgaon,1310,19600000
3,Flat,Gurgaon,1063,30099999
3,Flat,Gurgaon,1421,15000000
3,Flat,Gurgaon,1800,25000000
3,Flat,Gurgaon,1389,57500000
3,Flat,Gurgaon,1600,41000000
3,Flat,Gurgaon,1452,23000000
3,Flat,Gurgaon,2730,37500000
3,Flat,Gurgaon,2087,30900000
3,Flat,Gurgaon,1143,28300000
3,Flat,Gurgaon,800,10500000
3,Flat,Gurgaon,2122,42500000
3,Flat,Gurgaon,1760,46500000
3,Flat,Gurgaon,1650,20099999
3,Flat,Gurgaon,2250,41600000
3,Flat,Gurgaon,2200,46200000
3,Flat,Gurgaon,1050,18500000
3,Flat,Gurgaon,3100,68000000
3,Flat,Gurgaon,1288,22200000
3,Flat,Gurgaon,1400,31500000
3,Flat,Gurgaon,1450,15500000
3,Flat,Gurgaon,2283,26800000
3,Flat,Gurgaon,1611,19800000
3,Flat,Gurgaon,1300,13000000
2,Flat,Gurgaon,750,10400000
2,Flat,Gurgaon,1425,14000000
3,Flat,Gurgaon,2709,20500000
3,Flat,Gurgaon,1063,25400000
3,Flat,Gurgaon,1590,24300000
3,Flat,Gurgaon,1250,36500000
3,Flat,Gurgaon,3525,107500000
3,Flat,Gurgaon,1530,21000000
3,Flat,Gurgaon,2600,61100000
3,Flat,Gurgaon,645,5980000
3,Flat,Gurgaon,1350,18000000
2,Flat,Gurgaon,1550,17500000
3,Flat,Gurgaon,2000,70000000
3,Flat,Gurgaon,745,7200000
2,Flat,Gurgaon,1310,20900000
3,Flat,Gurgaon,1875,33600000
3,Flat,Gurgaon,2433,39500000
2,Flat,Gurgaon,1100,13799999
3,Flat,Gurgaon,2430,29000000
3,Flat,Gurgaon,1420,19500000
3,Flat,Gurgaon,1452,20299999
3,Flat,Gurgaon,2595,61500000
3,Flat,Gurgaon,2025,39000000
3,Flat,Gurgaon,2291,33500000
3,Flat,Gurgaon,1805,31500000
3,Flat,Gurgaon,2550,48500000
3,Flat,Gurgaon,2250,31000000
3,Flat,Gurgaon,1850,20000000
3,Flat,Gurgaon,1948,34000000
3,Flat,Gurgaon,1980,36700000
3,Flat,Gurgaon,1650,36000000
3,Flat,Gurgaon,1122,28200000
3,Flat,Gurgaon,2100,31500000
3,Flat,Gurgaon,1985,67500000
2,Flat,Gurgaon,1380,32400000
3,Flat,Gurgaon,2469,40000000
2,Flat,Gurgaon,1508,21200000
3,Flat,Gurgaon,1205,26000000
3,Flat,Gurgaon,1350,22500000
3,Flat,Gurgaon,1475,27500000
3,Flat,Gurgaon,1832,21500000
3,Flat,Gurgaon,2690,38000000
3,Flat,Gurgaon,675,14000000
3,Flat,Gurgaon,2340,30000000
3,Flat,Gurgaon,1530,23000000
3,Flat,Gurgaon,1100,14000000
3,Flat,Gurgaon,1997,31500000
3,Flat,Gurgaon,1511,12500000
3,Flat,Gurgaon,1200,26000000
3,Flat,Gurgaon,2200,60000000
2,Flat,Gurgaon,2000,42000000
3,Flat,Gurgaon,1972,31600000
3,Flat,Gurgaon,1775,32500000
3,Flat,Gurgaon,1855,27500000
3,Flat,Gurgaon,1250,24000000
3,Flat,Gurgaon,1000,23000000
3,Flat,Gurgaon,1000,25000000
3,Flat,Gurgaon,1500,17500000
3,Flat,Gurgaon,2078,37500000
2,Flat,Gurgaon,775,7500000
3,Flat,Gurgaon,2200,71500000
3,Flat,Gurgaon,2250,29900000
3,Flat,Gurgaon,2785,53099999
3,Flat,Gurgaon,1900,39000000
3,Flat,Gurgaon,1615,22500000
3,Flat,Gurgaon,2700,55000000
3,Flat,Gurgaon,1700,37000000
3,Flat,Gurgaon,1980,147500000
2,Flat,Gurgaon,1565,27000000
3,Flat,Gurgaon,1574,47200000
3,Flat,Gurgaon,1000,19500000
3,Flat,Gurgaon,2215,14000000
3,Flat,Gurgaon,1600,27000000
3,Flat,Gurgaon,1977,27500000
3,Flat,Gurgaon,2200,42500000
3,Flat,Gurgaon,1234,18800000
2,Flat,Gurgaon,972,18500000
2,Flat,Gurgaon,1444,16000000
2,Flat,Gurgaon,1050,20099999
3,Flat,Gurgaon,1750,55000000
3,Flat,Gurgaon,1380,21500000
3,Flat,Gurgaon,1200,33000000
3,Flat,Gurgaon,1700,37500000
3,Flat,Gurgaon,1190,12900000
3,Flat,Gurgaon,1600,25000000
3,Flat,Gurgaon,1515,22900000
3,Flat,Gurgaon,1400,27000000
2,Flat,Gurgaon,1360,15000000
3,Flat,Gurgaon,1620,35000000
3,Flat,Gurgaon,1300,22000000
3,Flat,Gurgaon,2766,38500000
3,Flat,Gurgaon,1328,19000000
3,Flat,Gurgaon,2238,48000000
3,Flat,Gurgaon,860,21500000
3,Flat,Gurgaon,1200,21900000
3,Flat,Gurgaon,1830,18500000
3,Flat,Gurgaon,1326,13000000
2,Flat,Gurgaon,1269,13100000
3,Flat,Gurgaon,1920,32000000
2,Flat,Gurgaon,1286,26900000
3,Flat,Gurgaon,2357,37500000
3,Flat,Gurgaon,1089,21500000
2,Flat,Gurgaon,1050,12000000
3,Flat,Gurgaon,1710,35000000
3,Flat,Gurgaon,1229,30800000
3,Flat,Gurgaon,2285,35000000
3,Flat,Gurgaon,2046,50500000
2,Flat,Gurgaon,1000,19000000
3,Flat,Gurgaon,2090,37500000
3,Flat,Gurgaon,1600,31500000
2,Flat,Gurgaon,503,7200000
3,Flat,Gurgaon,1100,21000000
3,Flat,Gurgaon,2078,23000000
3,Flat,Gurgaon,2623,37000000
3,Flat,Gurgaon,2595,65000000
3,Flat,Gurgaon,1350,21000000
3,Flat,Gurgaon,1494,15900000
3,Flat,Gurgaon,1620,19500000
3,Flat,Gurgaon,900,15500000
3,Flat,Gurgaon,1650,22000000
3,Flat,Gurgaon,1620,18500000
3,Flat,Gurgaon,1900,21500000
3,Flat,Gurgaon,1584,20000000
3,Flat,Gurgaon,1900,67500000
3,Flat,Gurgaon,2282,39500000
3,Flat,Gurgaon,1400,8500000
2,Flat,Gurgaon,625,7900000
3,Flat,Gurgaon,1825,28000000
3,Flat,Gurgaon,1150,26000000
3,Flat,Gurgaon,1000,19200000
3,Flat,Gurgaon,1494,16800000
3,Flat,Gurgaon,1450,23500000
3,Flat,Gurgaon,1260,23000000
3,Flat,Gurgaon,1700,25000000
2,Flat,Gurgaon,800,7200000
3,Flat,Gurgaon,2537,54000000
2,Flat,Gurgaon,650,4500000
3,Flat,Gurgaon,2000,37100000
3,Flat,Gurgaon,3050,52000000
3,Flat,Gurgaon,862,19000000
3,Flat,Gurgaon,1575,27000000
3,Flat,Gurgaon,1850,19000000
3,House,Gurgaon,1800,65000000
3,Flat,Gurgaon,2300,70000000
3,Flat,Gurgaon,1200,18600000
3,Flat,Gurgaon,1300,24500000
3,Flat,Gurgaon,950,16000000
2,Flat,Gurgaon,1000,15000000
3,Flat,Gurgaon,1445,22500000
3,Flat,Gurgaon,1800,72000000
3,Flat,Gurgaon,1000,20000000
2,Flat,Gurgaon,800,8750000
3,Flat,Gurgaon,1560,21500000
2,Flat,Gurgaon,750,9750000
2,Flat,Gurgaon,1000,13799999
3,Flat,Gurgaon,2368,27500000
3,Flat,Gurgaon,1000,26000000
3,Flat,Gurgaon,1930,21000000
3,Flat,Gurgaon,1775,18000000
3,Flat,Gurgaon,750,23000000
3,Flat,Gurgaon,1086,17500000
3,Flat,Gurgaon,2020,30000000
2,Flat,Gurgaon,590,6759999
3,House,Gurgaon,1350,75000000
3,Flat,Gurgaon,2400,22500000
3,Flat,Gurgaon,2640,140000000
2,Flat,Gurgaon,800,12000000
3,Flat,Gurgaon,1980,26500000
2,Flat,Gurgaon,620,8600000
3,Flat,Gurgaon,3967,85000000
3,Flat,Gurgaon,1800,28500000
3,Flat,Gurgaon,1090,24000000
3,Flat,Gurgaon,1458,13500000
3,Flat,Gurgaon,1672,21000000
3,Flat,Gurgaon,1700,33000000
3,Flat,Gurgaon,1629,25000000
2,House,Gurgaon,522,6500000
2,Flat,Gurgaon,1000,7000000
2,Flat,Gurgaon,1085,27000000
3,Flat,Gurgaon,2082,31500000
2,Flat,Gurgaon,970,15500000
3,Flat,Gurgaon,1960,19300000
3,Flat,Gurgaon,1943,18000000
3,Flat,Gurgaon,1692,23000000
3,Flat,Gurgaon,1751,20000000
3,Flat,Gurgaon,900,55000000
3,Flat,Gurgaon,645,8500000
3,Flat,Gurgaon,1150,17000000
3,Flat,Gurgaon,1600,17000000
3,House,Gurgaon,2500,380000000
3,Flat,Gurgaon,1650,19600000
3,Flat,Gurgaon,1400,22500000
3,Flat,Gurgaon,2985,71000000
3,Flat,Gurgaon,1600,33000000
3,Flat,Gurgaon,1485,22500000
2,Flat,Gurgaon,810,5500000
3,Flat,Gurgaon,1700,57300000
3,Flat,Gurgaon,1400,11500000
3,Flat,Gurgaon,2600,65000000
2,Flat,Gurgaon,1210,21700000
3,Flat,Gurgaon,1500,35000000
3,Flat,Gurgaon,3065,80000000
3,Flat,Gurgaon,1000,24800000
3,Flat,Gurgaon,1000,23500000
2,Flat,Gurgaon,1150,15500000
3,Flat,Gurgaon,1000,27500000
3,Flat,Gurgaon,1555,31000000
3,Flat,Gurgaon,1385,25500000
3,Flat,Gurgaon,1800,32000000
2,Flat,Gurgaon,930,12500000
2,Flat,Gurgaon,590,6200000
3,Flat,Gurgaon,2355,62100000
3,Flat,Gurgaon,1000,20099999
3,Flat,Gurgaon,1820,32500000
3,Flat,Gurgaon,1700,28500000
2,Flat,Gurgaon,1300,16100000
2,Flat,Gurgaon,800,11800000
3,Flat,Gurgaon,3035,57000000
3,Flat,Gurgaon,1620,23000000
3,Flat,Gurgaon,1910,26500000
3,Flat,Gurgaon,1997,22500000
3,Flat,Gurgaon,1950,39000000
3,Flat,Gurgaon,1400,18000000
3,Flat,Gurgaon,1707,22500000
3,Flat,Gurgaon,2077,19500000
3,Flat,Gurgaon,1100,22000000
2,Flat,Gurgaon,800,12600000
3,Flat,Gurgaon,1081,11000000
3,Flat,Gurgaon,3052,100000000
2,House,Gurgaon,1050,49500000
3,Flat,Gurgaon,2951,55100000
3,Flat,Gurgaon,1800,24000000
2,Flat,Gurgaon,1350,10000000
3,Flat,Gurgaon,1900,34700000
3,Flat,Gurgaon,1920,30000000
3,Flat,Gurgaon,1450,18600000
3,Flat,Gurgaon,1672,22500000
3,Flat,Gurgaon,2080,43000000
2,Flat,Gurgaon,990,6500000
3,Flat,Gurgaon,2000,160500000
3,Flat,Gurgaon,1410,31300000
3,House,Gurgaon,1485,24900000
3,Flat,Gurgaon,3986,115000000
3,Flat,Gurgaon,2531,38000000
3,Flat,Gurgaon,1400,19000000
3,Flat,Gurgaon,2150,26500000
3,Flat,Gurgaon,2368,52500000
2,Flat,Gurgaon,1260,19500000
3,Flat,Gurgaon,1980,61500000
3,Flat,Gurgaon,1937,39000000
3,Flat,Gurgaon,1600,23000000
3,Flat,Gurgaon,1774,28000000
3,Flat,Gurgaon,2500,35000000
3,Flat,Gurgaon,1350,26000000
2,Flat,Gurgaon,1075,11000000
3,Flat,Gurgaon,2054,39000000
3,Flat,Gurgaon,1750,29100000
3,Flat,Gurgaon,1833,19200000
3,Flat,Gurgaon,1800,45000000
3,Flat,Gurgaon,1490,17500000
3,Flat,Gurgaon,1350,7500000
3,Flat,Gurgaon,1220,20000000
3,Flat,Gurgaon,1800,29500000
3,Flat,Gurgaon,1525,18500000
3,Flat,Gurgaon,2293,34600000
3,Flat,Gurgaon,1350,14000000
3,Flat,Gurgaon,2063,29000000
3,Flat,Gurgaon,1550,23900000
2,Flat,Gurgaon,1200,25000000
3,Flat,Gurgaon,1300,23400000
3,Flat,Gurgaon,1000,20500000
3,Flat,Gurgaon,1620,24500000
3,Flat,Gurgaon,1590,30500000
3,Flat,Gurgaon,1790,15700000
3,Flat,Gurgaon,2150,22300000
3,Flat,Gurgaon,1865,18000000
3,Flat,Gurgaon,1875,32000000
3,Flat,Gurgaon,1800,32500000
3,Flat,Gurgaon,1600,27500000
3,Flat,Gurgaon,1800,35000000
3,Flat,Gurgaon,1800,52500000
3,Flat,Gurgaon,1900,27500000
3,Flat,Gurgaon,1400,52000000
2,Flat,Gurgaon,980,11000000
2,Flat,Gurgaon,1150,18200000
3,Flat,Gurgaon,1367,17000000
3,Flat,Gurgaon,1575,23000000
3,Flat,Gurgaon,1550,27500000
3,Flat,Gurgaon,1350,19900000
3,Flat,Gurgaon,1900,28500000
2,Flat,Gurgaon,580,7500000
3,Flat,Gurgaon,921,50000000
3,Flat,Gurgaon,921,21000000
3,Flat,Guwahati,1566,9490000
3,Flat,Guwahati,1620,11200000
3,Flat,Guwahati,1472,8100000
3,Flat,Guwahati,1131,7350000
3,Flat,Guwahati,1311,6559999
3,Flat,Guwahati,1508,7630000
3,Flat,Guwahati,1087,7920000
3,Flat,Guwahati,896,5170000
3,Flat,Guwahati,1860,15000000
2,Flat,Guwahati,502,3400000
2,Flat,Guwahati,696,7000000
2,Flat,Guwahati,940,14000000
3,Flat,Guwahati,1400,7800000
3,Flat,Guwahati,1000,4700000
3,Flat,Guwahati,1400,9000000
3,Flat,Guwahati,1112,7090000
3,Flat,Guwahati,1046,5500000
2,Flat,Guwahati,950,5000000
3,Flat,Guwahati,847,6900000
3,Flat,Guwahati,1470,8530000
3,Flat,Guwahati,1180,11200000
3,Flat,Guwahati,1100,9750000
3,Flat,Guwahati,1400,12000000
3,Flat,Guwahati,850,5800000
3,Flat,Guwahati,1547,14000000
3,Flat,Guwahati,1320,6000000
2,Flat,Guwahati,660,5000000
2,Flat,Guwahati,820,5000000
3,Flat,Guwahati,1300,5980000
2,Flat,Guwahati,1230,6900000
3,Flat,Guwahati,1350,6500000
3,Flat,Guwahati,1590,9450000
3,Flat,Guwahati,1280,7500000
2,Flat,Guwahati,990,5500000
3,Flat,Guwahati,1285,8500000
3,Flat,Guwahati,1050,6500000
3,Flat,Guwahati,1250,7500000
2,Flat,Guwahati,626,4330000
3,Flat,Guwahati,1450,7100000
3,Flat,Guwahati,1090,6000000
3,Flat,Guwahati,1180,6870000
3,Flat,Guwahati,1600,7500000
2,Flat,Guwahati,644,3600000
3,Flat,Guwahati,1070,6800000
3,Flat,Guwahati,1300,5600000
3,Flat,Guwahati,796,4710000
2,Flat,Guwahati,700,5300000
2,Flat,Guwahati,750,3900000
3,Flat,Guwahati,1352,5300000
3,Flat,Guwahati,990,7000000
3,Flat,Guwahati,1312,7500000
3,Flat,Guwahati,871,7000000
2,Flat,Guwahati,800,5800000
3,Flat,Guwahati,984,5300000
2,Flat,Guwahati,1000,4800000
3,Flat,Guwahati,1280,5100000
3,Flat,Guwahati,960,6500000
3,Flat,Guwahati,1250,6500000
3,Flat,Guwahati,1250,9000000
3,Flat,Guwahati,1300,6200000
3,Flat,Guwahati,966,7600000
3,Flat,Guwahati,1214,9010000
3,Flat,Guwahati,1205,4800000
2,Flat,Guwahati,640,4000000
2,Flat,Guwahati,1070,4700000
3,Flat,Guwahati,1281,8500000
2,Flat,Guwahati,1050,3700000
3,Flat,Guwahati,1200,7000000
3,Flat,Guwahati,1400,5800000
3,Flat,Guwahati,1250,8500000
2,Flat,Guwahati,750,3500000
3,Flat,Guwahati,880,5460000
3,Flat,Guwahati,1329,6500000
3,Flat,Guwahati,1100,4750000
3,Flat,Guwahati,1300,9000000
3,Flat,Guwahati,1150,6500000
2,Flat,Guwahati,775,3490000
3,Flat,Guwahati,1012,8940000
3,Flat,Guwahati,900,5000000
3,Flat,Guwahati,1160,5920000
2,Flat,Guwahati,900,5000000
3,Flat,Guwahati,1200,5500000
3,Flat,Guwahati,1600,9000000
3,Flat,Guwahati,1080,4700000
2,Flat,Guwahati,1053,5500000
2,Flat,Guwahati,1029,6360000
2,Flat,Guwahati,970,780000
3,Flat,Guwahati,1650,10000000
3,House,Guwahati,950,8000000
2,Flat,Guwahati,927,4700000
3,Flat,Guwahati,912,7000000
2,House,Guwahati,1200,6000000
2,Flat,Guwahati,900,3800000
3,Flat,Guwahati,1281,7000000
3,Flat,Guwahati,1545,6780000
2,Flat,Guwahati,800,5850000
3,Flat,Guwahati,2050,12500000
2,Flat,Guwahati,700,3800000
3,Flat,Guwahati,1280,7000000
3,Flat,Guwahati,1167,5840000
3,Flat,Guwahati,1300,5700000
3,Flat,Guwahati,1200,4500000
3,Flat,Guwahati,975,4000000
3,Flat,Guwahati,960,6700000
2,Flat,Guwahati,1030,9000000
2,Flat,Guwahati,680,3400000
3,Flat,Guwahati,1700,9300000
3,Flat,Guwahati,1300,7200000
2,Flat,Guwahati,1000,6000000
2,House,Guwahati,3000,3500000
2,Flat,Guwahati,919,4700000
2,Flat,Guwahati,950,3700000
2,Flat,Guwahati,1000,5200000
3,Flat,Guwahati,1150,6200000
2,Flat,Guwahati,960,6500000
3,Flat,Guwahati,1460,10000000
3,Flat,Guwahati,948,4900000
3,Flat,Guwahati,1308,11500000
2,Flat,Guwahati,1000,4500000
3,Flat,Guwahati,2063,12000000
3,Flat,Guwahati,1300,7500000
3,Flat,Guwahati,900,6100000
3,Flat,Guwahati,1514,9840000
2,Flat,Guwahati,1050,5000000
3,Flat,Guwahati,1343,8500000
2,Flat,Guwahati,720,3500000
2,Flat,Guwahati,1080,5700000
3,Flat,Guwahati,1800,15000000
3,Flat,Guwahati,1400,7500000
3,Flat,Guwahati,1225,6200000
3,Flat,Guwahati,1350,4500000
3,Flat,Guwahati,1367,5600000
3,Flat,Guwahati,1250,5000000
3,Flat,Guwahati,800,5000000
3,Flat,Guwahati,1860,5900000
3,Flat,Guwahati,913,4200000
3,Flat,Guwahati,1450,5300000
2,House,Guwahati,3360,9000000
3,Flat,Guwahati,1186,5280000
2,Flat,Guwahati,680,4500000
3,Flat,Guwahati,981,4900000
2,House,Guwahati,5000,6000000
3,Flat,Guwahati,1840,9500000
3,Flat,Guwahati,1474,6700000
3,Flat,Guwahati,1560,5800000
2,Flat,Guwahati,1000,5000000
3,Flat,Guwahati,1600,5500000
2,Flat,Guwahati,1150,6500000
3,Flat,Guwahati,1360,7200000
2,House,Guwahati,2500,7500000
2,Flat,Guwahati,1020,4000000
3,Flat,Guwahati,1029,6000000
3,Flat,Guwahati,1280,5490000
3,Flat,Guwahati,1350,6080000
3,Flat,Guwahati,1734,8150000
3,Flat,Guwahati,1385,6000000
3,Flat,Guwahati,1070,5500000
3,Flat,Guwahati,840,9000000
3,Flat,Guwahati,1525,10000000
2,Flat,Guwahati,1050,5700000
2,Flat,Guwahati,1200,8000000
2,Flat,Guwahati,950,4500000
3,Flat,Guwahati,1300,8000000
3,Flat,Guwahati,1500,10800000
3,House,Guwahati,1150,6500000
3,Flat,Guwahati,1600,9500000
3,Flat,Guwahati,700,7000000
2,House,Guwahati,1100,6400000
3,Flat,Guwahati,1370,6000000
3,Flat,Guwahati,800,15000000
2,House,Guwahati,1256,5000000
3,Flat,Guwahati,1300,13000000
3,Flat,Guwahati,1200,11200000
2,Flat,Guwahati,800,5000000
2,Flat,Guwahati,1297,5500000
3,Flat,Guwahati,1350,12000000
3,Flat,Guwahati,900,6900000
2,Flat,Guwahati,1250,6000000
3,Flat,Guwahati,1050,8500000
3,Flat,Guwahati,1270,7500000
3,Flat,Guwahati,960,6350000
3,Flat,Guwahati,1250,4800000
3,Flat,Guwahati,1114,6700000
3,Flat,Guwahati,860,6010000
2,Flat,Guwahati,668,6800000
2,Flat,Guwahati,1095,6200000
3,Flat,Guwahati,1250,7390000
3,Flat,Guwahati,1000,6500000
2,Flat,Guwahati,2200,5800000
3,House,Guwahati,1098,7500000
3,Flat,Guwahati,1546,7000000
3,Flat,Guwahati,1000,8200000
2,Flat,Guwahati,800,4500000
2,Flat,Guwahati,1000,4000000
2,Flat,Guwahati,1000,4700000
2,House,Guwahati,900,5500000
2,Flat,Guwahati,1800,3600000
3,Flat,Guwahati,1000,9500000
3,Flat,Guwahati,1000,4600000
2,Flat,Guwahati,750,4200000
3,Flat,Guwahati,1248,6000000
3,Flat,Guwahati,1900,7500000
3,Villa,Guwahati,1439,15000000
3,Flat,Guwahati,907,9000000
3,Flat,Guwahati,1500,5500000
3,Flat,Guwahati,1000,7500000
3,Flat,Guwahati,1360,3900000
3,Flat,Guwahati,1207,7500000
3,Flat,Guwahati,900,4300000
2,Flat,Guwahati,1552,3500000
3,Flat,Guwahati,652,8500000
2,Flat,Guwahati,1910,4500000
3,Flat,Guwahati,1300,11399999
3,Flat,Guwahati,750,600000
2,Flat,Guwahati,860,3700000
2,Flat,Guwahati,960,4200000
3,Flat,Guwahati,800,7000000
2,Flat,Guwahati,1682,6500000
3,Flat,Guwahati,1320,12500000
3,Flat,Guwahati,850,7000000
3,Flat,Guwahati,1615,6000000
3,Flat,Guwahati,1240,9800000
3,Flat,Guwahati,600,6500000
2,Flat,Guwahati,1537,5600000
3,Flat,Guwahati,1311,7500000
3,Flat,Guwahati,1246,6500000
2,Flat,Guwahati,1200,6600000
3,Flat,Guwahati,1326,4600000
3,Flat,Guwahati,1456,7000000
3,Flat,Guwahati,852,6000000
2,Flat,Guwahati,1100,4500000
3,Flat,Guwahati,1000,6200000
2,Flat,Guwahati,900,5560000
2,Flat,Guwahati,815,5700000
2,Flat,Guwahati,1280,3800000
3,Flat,Guwahati,2160,7300000
3,House,Guwahati,900,15000000
2,Flat,Guwahati,1300,5500000
3,Flat,Guwahati,1050,6200000
2,Flat,Guwahati,860,6500000
2,Flat,Guwahati,925,6500000
2,Flat,Guwahati,1315,4480000
3,Flat,Guwahati,950,7000000
3,Flat,Guwahati,1000,4300000
3,Flat,Guwahati,850,4500000
2,Flat,Guwahati,1460,4500000
3,Flat,Guwahati,1170,7200000
3,House,Guwahati,880,27500000
2,Flat,Guwahati,1900,5000000
3,Flat,Guwahati,900,13500000
2,Flat,Guwahati,861,6000000
2,Flat,Guwahati,950,5100000
2,House,Guwahati,980,5000000
2,Flat,Guwahati,1411,5100000
3,Flat,Guwahati,1128,6000000
2,Flat,Guwahati,900,600000
2,Flat,Guwahati,900,5500000
2,House,Guwahati,1280,5000000
3,Flat,Guwahati,1080,7000000
2,Flat,Guwahati,1326,3500000
3,Flat,Guwahati,1100,6500000
3,Flat,Guwahati,1143,5700000
3,Flat,Guwahati,1365,5400000
3,Flat,Guwahati,1210,7300000
3,Flat,Guwahati,645,6500000
2,Flat,Guwahati,850,7000000
2,Flat,Guwahati,980,5500000
2,Flat,Guwahati,1110,5700000
2,Flat,Guwahati,1300,6800000
3,Flat,Guwahati,1420,7000000
3,Flat,Guwahati,847,6500000
3,Flat,Guwahati,1022,5500000
3,Flat,Guwahati,800,5900000
2,Flat,Guwahati,850,4800000
2,Flat,Guwahati,1250,5730000
3,Flat,Guwahati,929,7200000
2,Flat,Guwahati,700,5000000
2,Flat,Guwahati,980,3500000
2,Flat,Guwahati,907,6500000
3,Flat,Guwahati,5000,8500000
3,House,Guwahati,1110,4500000
3,Flat,Guwahati,1600,6500000
3,Flat,Guwahati,1150,7500000
2,Flat,Guwahati,2300,7000000
3,Flat,Guwahati,1085,9500000
3,Flat,Guwahati,970,5700000
3,Flat,Guwahati,1000,5500000
2,House,Guwahati,1127,8000000
3,Flat,Guwahati,1150,6800000
3,Flat,Guwahati,1199,6200000
3,Flat,Guwahati,1234,6500000
3,Flat,Guwahati,1006,6900000
2,Flat,Guwahati,1378,6000000
3,Flat,Guwahati,1110,10000000
3,Flat,Guwahati,1200,4800000
3,Flat,Guwahati,850,6000000
2,Flat,Guwahati,1700,5200000
3,Flat,Guwahati,2400,11200000
3,Villa,Guwahati,1020,13500000
3,Flat,Guwahati,1491,8000000
3,Flat,Guwahati,1700,7700000
2,House,Guwahati,1353,2600000
3,Flat,Guwahati,950,6000000
3,House,Guwahati,2000,5600000
3,House,Guwahati,740,10000000
2,Flat,Guwahati,600,6000000
2,Flat,Guwahati,2000,3700000
3,Flat,Guwahati,1050,150000
2,Flat,Guwahati,1064,7500000
3,Flat,Guwahati,1200,10000000
3,House,Guwahati,1600,6500000
3,Flat,Guwahati,950,20000000
3,Flat,Guwahati,1500,5950000
3,House,Guwahati,1000,11000000
2,Flat,Guwahati,920,5000000
2,Flat,Guwahati,1400,7000000
3,Flat,Guwahati,950,4600000
2,Flat,Guwahati,1199,4000000
3,Flat,Guwahati,1500,9070000
3,Flat,Guwahati,850,8200000
2,Flat,Guwahati,849,3800000
2,Flat,Guwahati,1050,4000000
2,Flat,Guwahati,1250,7500000
3,Flat,Guwahati,1800,5800000
3,House,Guwahati,720,9000000
2,Flat,Guwahati,1225,1800000
2,Flat,Guwahati,1120,5500000
3,Flat,Guwahati,1600,8000000
3,Flat,Guwahati,909,14000000
2,Flat,Guwahati,970,5100000
2,Flat,Guwahati,1411,4400000
2,Flat,Guwahati,1274,7000000
3,Flat,Guwahati,899,5210000
3,Flat,Guwahati,900,7000000
2,Flat,Guwahati,1850,5500000
3,Flat,Guwahati,1056,8500000
2,Flat,Guwahati,800,5900000
2,Flat,Guwahati,1312,7000000
3,Flat,Guwahati,1650,8500000
3,Flat,Guwahati,1410,9800000
3,Flat,Guwahati,1200,8000000
3,Flat,Guwahati,872,7000000
2,Flat,Guwahati,1250,5200000
3,Flat,Guwahati,1460,6800000
3,Flat,Guwahati,1450,7000000
3,Flat,Guwahati,1138,6000000
3,Flat,Guwahati,689,7000000
2,Flat,Guwahati,1200,4100000
3,Flat,Guwahati,1200,4000000
3,Flat,Guwahati,740,5800000
3,Flat,Guwahati,1017,7000000
2,Flat,Guwahati,3600,5000000
3,Flat,Guwahati,988,8500000
3,Flat,Guwahati,1099,5000000
2,Flat,Guwahati,910,5350000
2,Flat,Guwahati,1150,3800000
3,Flat,Guwahati,810,7300000
2,Flat,Guwahati,900,5300000
3,Flat,Guwahati,1150,5500000
3,Flat,Guwahati,830,4100000
2,House,Guwahati,1040,4600000
2,Flat,Guwahati,950,4200000
2,Flat,Guwahati,1700,4200000
3,Villa,Guwahati,1400,15000000
3,Flat,Guwahati,1155,6750000
3,Flat,Guwahati,1350,4800000
3,Flat,Guwahati,12000,900000
3,Flat,Guwahati,1110,7500000
3,Flat,Guwahati,1150,5000000
3,Flat,Guwahati,1400,6000000
3,Flat,Guwahati,850,7420000
3,Flat,Guwahati,900,3600000
2,Flat,Guwahati,800,3900000
3,Flat,Guwahati,925,4500000
3,Flat,Guwahati,1200,5600000
3,Flat,Guwahati,1380,300000
3,Flat,Guwahati,1200,6900000
3,Flat,Guwahati,952,4000000
3,Flat,Guwahati,950,4220000
3,Flat,Guwahati,707,10000000
2,Flat,Guwahati,960,3600000
2,Flat,Guwahati,1000,3000000
2,Flat,Guwahati,1100,2800000
3,Flat,Guwahati,1475,4300000
3,Flat,Guwahati,1200,8500000
2,Flat,Guwahati,988,6500000
3,Flat,Guwahati,957,4500000
3,Flat,Guwahati,1300,5150000
3,Flat,Guwahati,1100,4500000
3,Flat,Guwahati,128,4250000
3,Flat,Guwahati,1300,750000
3,House,Guwahati,2000,3000000
3,House,Guwahati,1654,1250000
3,Flat,Guwahati,1418,7630000
3,House,Guwahati,750,2500000
2,Villa,Guwahati,1650,1800000
3,Flat,Guwahati,1260,9000000
2,Flat,Guwahati,1100,4000000
2,Flat,Guwahati,800,6050000
2,Flat,Guwahati,1200,3000000
3,Flat,Guwahati,1000,4000000
3,Flat,Guwahati,1020,3600000
2,Flat,Guwahati,1250,4000000
3,Flat,Guwahati,1244,5500000
3,Flat,Guwahati,1150,4000000
3,Flat,Guwahati,1335,3600000
3,Flat,Guwahati,1370,3200000
3,Flat,Guwahati,856,4800000
2,Flat,Guwahati,1395,3000000
3,House,Guwahati,900,2500000
2,House,Guwahati,700,3500000
2,House,Guwahati,1160,3000000
3,Flat,Guwahati,928,3679999
2,Flat,Guwahati,928,3350000
2,Flat,Guwahati,885,3340000
2,Flat,Guwahati,885,3200000
2,Flat,Guwahati,1205,3190000
3,Flat,Guwahati,950,4990000
2,Flat,Guwahati,960,3500000
2,Flat,Guwahati,740,2600000
2,Flat,Guwahati,1700,4630000
2,Villa,Guwahati,952,2600000
3,Flat,Guwahati,1214,3600000
3,Flat,Guwahati,1030,6390683
2,Flat,Guwahati,900,6390683
3,House,Guwahati,1685,6390683
3,Flat,Guwahati,1000,6390683
3,Flat,Guwahati,1500,6390683
3,Flat,Guwahati,2050,6390683
3,Flat,Guwahati,1544,6390683
3,Flat,Guwahati,1596,8430000
3,Flat,Guwahati,1362,11100000
2,Flat,Guwahati,804,7350000
3,Flat,Guwahati,1309,5230000
3,Flat,Guwahati,698,6550000
2,Flat,Guwahati,1087,6170000
3,Flat,Guwahati,1355,8950000
3,Flat,Guwahati,886,8130000
3,Flat,Guwahati,1180,5890000
3,Flat,Guwahati,1140,15000000
3,Flat,Guwahati,786,8900000
2,Flat,Guwahati,1800,4200000
3,House,Guwahati,985,7700000
3,Flat,Guwahati,885,8530000
3,Flat,Guwahati,1528,5500000
3,Flat,Guwahati,660,14000000
2,Flat,Guwahati,1350,5000000
3,Flat,Guwahati,1070,6500000
3,Flat,Guwahati,945,7200000
3,Flat,Guwahati,615,5420000
2,Flat,Guwahati,1200,4700000
2,Flat,Guwahati,1200,5000000
3,Flat,Guwahati,750,5500000
2,Flat,Guwahati,1300,4200000
3,Flat,Guwahati,1544,6200000
3,Flat,Guwahati,1445,6200000
3,Flat,Guwahati,1214,8300000
3,Flat,Guwahati,1200,9000000
3,Flat,Guwahati,910,6800000
2,Flat,Guwahati,1544,509999
2,House,Guwahati,1941,3500000
3,Flat,Guwahati,1941,5500000
3,Flat,Guwahati,1941,5670000
2,Flat,Guwahati,1941,2100000
3,Flat,Guwahati,1941,4800000
2,Flat,Guwahati,1941,6390683
3,Flat,Guwahati,1941,6390683
2,Flat,Gwalior,1000,3800000
3,House,Gwalior,1300,10000000
3,House,Gwalior,2120,15000000
2,Flat,Gwalior,860,3600000
2,House,Gwalior,1100,10100000
2,Flat,Gwalior,880,3400000
3,House,Gwalior,1500,15000000
3,Flat,Gwalior,1100,4800000
3,Flat,Gwalior,1000,4500000
3,Flat,Gwalior,1681,9500000
2,Flat,Gwalior,800,4800000
3,House,Gwalior,760,4200000
2,Flat,Gwalior,760,2700000
2,Flat,Gwalior,760,4000000
2,House,Gwalior,1000,8800000
2,Flat,Gwalior,888,4500000
2,House,Gwalior,750,10000000
2,Flat,Gwalior,1234,3420000
3,Flat,Gwalior,1150,5000000
2,House,Gwalior,700,5500000
2,Flat,Gwalior,1100,4600000
2,Flat,Gwalior,800,2500000
3,Flat,Gwalior,983,3500000
2,Flat,Gwalior,650,3000000
2,Flat,Gwalior,1200,3200000
2,Flat,Gwalior,792,3300000
3,House,Gwalior,1080,7200000
3,House,Gwalior,3224,14000000
2,Flat,Gwalior,725,4500000
2,Flat,Gwalior,650,1900000
2,Flat,Gwalior,732,3500000
3,Flat,Gwalior,950,3500000
2,Flat,Gwalior,925,2000000
2,Flat,Gwalior,900,4720000
3,Flat,Gwalior,1100,4500000
3,Flat,Gwalior,1500,7500000
2,Flat,Gwalior,750,3600000
2,Flat,Gwalior,732,2500000
3,House,Gwalior,1500,7100000
3,Flat,Gwalior,900,2400000
2,Flat,Gwalior,700,2400000
2,Flat,Gwalior,650,1500000
3,Flat,Gwalior,1080,4500000
3,Flat,Gwalior,1118,7500000
3,House,Gwalior,1000,6000000
2,House,Gwalior,1000,3800000
2,Flat,Gwalior,750,2750000
2,Flat,Gwalior,750,2000000
2,House,Gwalior,800,2500000
2,House,Gwalior,707,2350000
2,Flat,Gwalior,580,2500000
2,Flat,Gwalior,800,2200000
3,House,Gwalior,1000,5000000
3,House,Gwalior,1000,3490000
3,Villa,Gwalior,1600,4650000
3,Flat,Gwalior,1050,4000000
2,House,Gwalior,1000,10000000
2,House,Gwalior,1550,4000000
2,House,Gwalior,1000,3900000
2,House,Gwalior,630,3500000
3,House,Gwalior,1350,10000000
3,House,Gwalior,1075,4200000
2,House,Gwalior,950,8000000
3,House,Gwalior,1200,10000000
2,Flat,Gwalior,1200,4000000
3,Flat,Gwalior,10005,3500000
2,Flat,Gwalior,690,2500000
2,Flat,Gwalior,683,3000000
2,Flat,Gwalior,452,3000000
2,Flat,Gwalior,736,2800000
2,Flat,Gwalior,950,2750000
2,Flat,Gwalior,645,2300000
2,Flat,Gwalior,1220,4700000
3,Flat,Gwalior,1020,4800000
2,Flat,Gwalior,880,2900000
3,Flat,Gwalior,1375,4400000
2,Flat,Gwalior,710,3000000
3,Flat,Gwalior,1000,4800000
2,Flat,Gwalior,670,2650000
2,Flat,Gwalior,750,2700000
2,Flat,Gwalior,1220,4600000
3,House,Gwalior,11700,6500000
2,Flat,Gwalior,800,3200000
3,House,Gwalior,360,5400000
2,Flat,Gwalior,750,2500000
3,Flat,Gwalior,1400,7000000
3,House,Gwalior,1200,6200000
3,Flat,Gwalior,1455,4900000
3,House,Gwalior,912,3500000
3,House,Gwalior,1000,3400000
2,Flat,Gwalior,900,2550000
2,Flat,Gwalior,750,2900000
2,House,Gwalior,750,3500000
2,House,Gwalior,740,1700000
2,House,Gwalior,900,2200000
3,Flat,Gwalior,1200,4500000
3,House,Gwalior,1845,14000000
2,Flat,Gwalior,1220,4000000
2,Flat,Gwalior,800,4300000
3,Flat,Gwalior,900,4500000
2,Flat,Gwalior,654,4200000
2,Flat,Gwalior,900,3300000
2,Flat,Gwalior,600,2500000
2,House,Gwalior,800,2600000
2,House,Gwalior,600,2390000
3,House,Gwalior,1500,7500000
2,Flat,Gwalior,800,3500000
2,Flat,Gwalior,800,3700000
2,Flat,Gwalior,850,2800000
2,Flat,Gwalior,750,3000000
3,Flat,Gwalior,1250,3600000
3,House,Gwalior,960,2500000
2,House,Gwalior,800,5000000
3,Flat,Gwalior,860,3700000
3,House,Gwalior,800,3100000
2,House,Gwalior,707,2450000
3,Flat,Gwalior,1300,6500000
2,Flat,Gwalior,860,2600000
2,Flat,Gwalior,550,2600000
2,House,Gwalior,1500,15000000
3,House,Gwalior,1750,11000000
2,Flat,Gwalior,790,3800000
2,Flat,Gwalior,755,3200000
3,House,Gwalior,900,7000000
2,Flat,Gwalior,570,2100000
2,Flat,Gwalior,1200,4400000
2,Flat,Gwalior,650,3500000
2,Flat,Gwalior,700,2500000
2,Flat,Gwalior,800,4500000
3,House,Gwalior,700,3600000
2,Flat,Gwalior,1200,6500000
3,House,Gwalior,1500,8500000
2,Flat,Gwalior,1200,4500000
2,Flat,Gwalior,750,2400000
2,House,Gwalior,484,3100000
3,House,Gwalior,1100,12000000
2,House,Gwalior,270,3500000
3,House,Gwalior,800,4000000
2,Flat,Gwalior,960,5500000
3,Flat,Gwalior,1250,10500000
2,Flat,Gwalior,750,300000
2,Flat,Gwalior,650,3250000
3,House,Gwalior,600,3500000
3,Flat,Gwalior,933,6500000
2,House,Gwalior,750,12500000
3,Flat,Gwalior,960,6400000
2,Flat,Gwalior,991,3600000
3,House,Gwalior,2500,15000000
2,Flat,Gwalior,991,3500000
3,Flat,Gwalior,900,3500000
2,House,Gwalior,707,2400000
3,House,Gwalior,1500,4200000
3,Villa,Gwalior,4000,8200000
2,House,Gwalior,800,3800000
2,House,Gwalior,650,4800000
3,Flat,Gwalior,870,4600000
2,Flat,Gwalior,950,3200000
2,Flat,Gwalior,850,3500000
2,House,Gwalior,270,4000000
2,Flat,Gwalior,870,3800000
2,House,Gwalior,1000,8500000
2,Flat,Gwalior,750,3800000
2,Flat,Gwalior,550,2000000
2,Flat,Gwalior,710,3300000
3,House,Gwalior,550,1400000
3,House,Gwalior,1000,4000000
2,Flat,Gwalior,880,3600000
3,House,Gwalior,640,1800000
3,Flat,Gwalior,1190,10000000
2,Flat,Gwalior,625,2600000
2,Flat,Gwalior,800,2900000
2,Flat,Gwalior,1000,4500000
2,Flat,Gwalior,800,4900000
2,Flat,Gwalior,731,2750000
3,Flat,Gwalior,900,5000000
2,Flat,Gwalior,662,4700000
3,Flat,Gwalior,1022,5000000
2,Flat,Gwalior,800,2800000
2,Flat,Gwalior,600,2600000
3,Flat,Gwalior,885,3979999
2,Flat,Gwalior,620,2600000
2,Flat,Gwalior,612,2400000
2,Flat,Gwalior,700,3300000
2,House,Gwalior,800,2850000
2,Flat,Gwalior,750,3200000
2,Flat,Gwalior,600,3500000
2,Flat,Gwalior,1298,5000000
3,Flat,Gwalior,1120,2800000
2,Flat,Gwalior,750,2600000
2,Flat,Gwalior,805,5000000
2,Flat,Gwalior,1040,3200000
3,House,Gwalior,750,5600000
2,House,Gwalior,1200,6000000
3,Flat,Gwalior,1000,6000000
3,House,Gwalior,1120,4800000
2,Flat,Gwalior,520,1800000
2,House,Gwalior,800,9000000
3,Flat,Gwalior,1485,7200000
2,Flat,Gwalior,950,2700000
2,Flat,Gwalior,1037,7500000
2,House,Gwalior,800,2200000
2,House,Gwalior,900,4500000
3,House,Gwalior,1700,9200000
2,House,Gwalior,640,3000000
2,House,Gwalior,2530,13000000
3,House,Gwalior,750,2750000
3,Flat,Gwalior,1245,4000000
3,Flat,Gwalior,1500,6200000
2,House,Gwalior,540,1600000
2,Flat,Gwalior,1000,2500000
3,Flat,Gwalior,1250,7000000
2,Flat,Gwalior,850,3600000
3,House,Gwalior,1050,6200000
2,Flat,Gwalior,650,2800000
2,Flat,Gwalior,750,3700000
2,Flat,Gwalior,805,3990000
2,Flat,Gwalior,776,3000000
2,Flat,Gwalior,1250,5500000
2,Flat,Gwalior,900,3900000
2,Villa,Gwalior,800,2500000
2,Flat,Gwalior,860,4500000
2,Flat,Gwalior,725,3000000
3,House,Gwalior,750,1600000
3,Flat,Gwalior,1250,4500000
3,Flat,Gwalior,1387,6000000
3,Flat,Gwalior,1000,3500000
2,Flat,Gwalior,1030,3500000
2,House,Gwalior,1200,2900000
2,House,Gwalior,800,2650000
2,House,Gwalior,1500,8500000
3,Flat,Gwalior,1475,7000000
2,Flat,Gwalior,1262,3700000
3,House,Gwalior,1000,3200000
2,House,Gwalior,1200,7500000
3,House,Gwalior,1400,3400000
2,House,Gwalior,1200,4000000
2,Flat,Gwalior,1300,4500000
2,House,Gwalior,1891,1700000
2,House,Haridwar,1000,3500000
2,Flat,Haridwar,720,3800000
3,House,Haridwar,1650,8500000
3,House,Haridwar,1350,5500000
2,Flat,Haridwar,810,2600000
2,Flat,Haridwar,1280,6300000
3,Villa,Haridwar,1400,4100000
3,House,Haridwar,810,1300000
2,Flat,Haridwar,1280,4300000
2,Flat,Haridwar,400,2500000
2,House,Haridwar,400,2500000
3,Flat,Haridwar,1467,8000000
2,House,Haridwar,500,2200000
2,Flat,Haridwar,810,3500000
2,House,Haridwar,1100,12500000
3,Flat,Haridwar,1025,5000000
3,House,Haridwar,2200,7000000
3,House,Haridwar,650,3600000
3,House,Haridwar,1260,4200000
3,Flat,Haridwar,1210,4500000
2,Flat,Haridwar,915,4000000
3,Flat,Haridwar,1467,7500000
2,House,Haridwar,770,3500000
2,Flat,Haridwar,1025,3700000
2,Flat,Haridwar,900,5000000
2,Flat,Haridwar,815,5000000
2,House,Haridwar,1000,3600000
2,House,Haridwar,4000,25000000
2,House,Haridwar,740,2500000
2,Flat,Haridwar,650,3200000
2,Flat,Haridwar,1280,4200000
2,House,Haridwar,1100,3800000
2,Flat,Haridwar,1139,2500000
3,Flat,Haridwar,1550,10500000
2,House,Haridwar,1400,25000000
2,House,Haridwar,850,1650000
2,Flat,Haridwar,880,4000000
2,Villa,Haridwar,720,3500000
3,House,Haridwar,1400,6000000
2,House,Haridwar,750,2800000
2,Flat,Haridwar,800,2000000
2,House,Haridwar,800,8000000
2,House,Haridwar,750,2000000
2,Flat,Haridwar,600,3500000
3,Flat,Haridwar,1700,6000000
2,House,Haridwar,864,26000000
3,House,Haridwar,1800,4700000
2,House,Haridwar,850,3500000
2,Flat,Haridwar,800,2600000
3,House,Haridwar,1161,4000000
3,House,Haridwar,1800,25000000
3,House,Haridwar,1800,4000000
2,House,Haridwar,1030,6000000
2,House,Haridwar,800,2000000
2,House,Haridwar,1086,5700000
2,Flat,Haridwar,900,2200000
2,Flat,Haridwar,760,5500000
3,House,Haridwar,2000,6500000
2,Flat,Haridwar,750,5700000
2,House,Haridwar,1294,10000000
2,Flat,Haridwar,760,4000000
3,House,Haridwar,900,2800000
3,House,Haridwar,450,1700000
3,House,Haridwar,937,8000000
2,Flat,Haridwar,1010,4000000
3,Flat,Haridwar,1210,5000000
3,House,Haridwar,933,3000000
3,Villa,Haridwar,1000,10000000
3,House,Haridwar,1215,4600000
2,Flat,Haridwar,330,850000
2,House,Haridwar,900,3000000
2,House,Haridwar,714,2860000
2,House,Haridwar,1000,5500000
2,Flat,Haridwar,625,3000000
2,Flat,Haridwar,1280,6500000
3,Flat,Haridwar,1700,10200000
2,Flat,Haridwar,1100,3500000
3,House,Haridwar,1086,3500000
2,Flat,Haridwar,1158,3550000
3,Flat,Haridwar,1800,6500000
3,Flat,Haridwar,900,8500000
2,Flat,Haridwar,1100,4000000
3,House,Haridwar,1500,9000000
2,Flat,Haridwar,750,2900000
3,House,Haridwar,840,2500000
2,Flat,Haridwar,850,3000000
3,House,Haridwar,600,1800000
3,House,Haridwar,975,2500000
3,Flat,Haridwar,859,4600000
2,House,Haridwar,800,3500000
3,House,Haridwar,1240,7500000
3,House,Haridwar,1450,5000000
3,House,Haridwar,1100,5700000
2,House,Haridwar,746,3600000
2,Flat,Haridwar,1180,6000000
2,Flat,Haridwar,900,7000000
3,Flat,Haridwar,1782,7200000
2,Villa,Haridwar,3240,32000000
2,House,Haridwar,1600,2000000
2,Flat,Haridwar,800,10000000
3,House,Haridwar,700,2400000
2,Flat,Haridwar,740,1600000
2,Flat,Haridwar,500,5800000
2,House,Haridwar,1465,5500000
2,Flat,Haridwar,840,3700000
2,House,Haridwar,1200,2500000
2,House,Haridwar,550,1300000
2,House,Haridwar,450,1400000
3,Villa,Haridwar,2000,18500000
2,Flat,Haridwar,750,2500000
3,House,Haridwar,1600,11500000
2,Flat,Haridwar,592,1600000
2,House,Haridwar,600,3500000
2,Flat,Haridwar,1006,4200000
2,House,Haridwar,513,2700000
3,House,Haridwar,1000,5600000
2,Flat,Haridwar,1070,4700000
2,Flat,Haridwar,915,4800000
2,House,Haridwar,940,3200000
2,House,Haridwar,619,3500000
2,House,Haridwar,600,3000000
3,Flat,Haridwar,1350,900000
3,Villa,Haridwar,1350,3500000
3,House,Haridwar,1850,3900000
3,Villa,Haridwar,1260,5000000
3,House,Haridwar,600,2550000
2,House,Haridwar,800,2200000
3,House,Haridwar,1260,10000000
2,Flat,Haridwar,900,3700000
3,House,Haridwar,1620,4500000
3,House,Haridwar,1123,3200000
3,House,Haridwar,1000,4500000
2,Flat,Haridwar,750,2200000
2,House,Haridwar,820,10000000
2,House,Haridwar,1395,3950000
3,House,Haridwar,735,4100000
3,House,Haridwar,1300,3200000
2,Flat,Haridwar,880,3500000
2,Flat,Haridwar,1075,3500000
2,House,Haridwar,600,2700000
3,Flat,Haridwar,1300,4500000
2,Flat,Haridwar,950,3400000
3,House,Haridwar,720,4200000
2,Flat,Haridwar,775,2350000
2,House,Haridwar,720,2800000
2,Flat,Haridwar,1170,3700000
2,House,Haridwar,700,2000000
2,Flat,Haridwar,607,3000000
2,House,Haridwar,900,2100000
3,Villa,Haridwar,750,1800000
3,House,Haridwar,1000,2800000
3,Flat,Haridwar,1388,5500000
2,Flat,Haridwar,1280,4500000
3,Flat,Haridwar,1200,2500000
2,Flat,Haridwar,903,2500000
2,House,Haridwar,1260,6500000
2,House,Haridwar,550,1650000
3,House,Haridwar,900,4700000
3,Flat,Haridwar,1350,7000000
2,House,Haridwar,1200,6500000
2,Flat,Haridwar,994,3250000
3,House,Haridwar,1800,4500000
2,Flat,Haridwar,672,2100000
2,House,Haridwar,570,300000
2,House,Haridwar,1000,1800000
2,House,Haridwar,570,1350000
2,House,Haridwar,600,9000000
3,House,Haridwar,1600,4000000
2,Flat,Haridwar,500,750000
3,House,Haridwar,1000,3200000
2,Villa,Haridwar,740,2200000
3,Villa,Haridwar,1200,3500000
2,House,Haridwar,1106,2600000
3,House,Haridwar,1260,3900000
3,Flat,Haridwar,1600,5000000
3,House,Haridwar,1008,3700000
3,House,Haridwar,1000,4783069
3,House,Haridwar,800,4783069
2,Flat,Haridwar,1085,4783069
2,House,Haridwar,750,4783069
2,Flat,Haridwar,1447,4783069
3,House,Haridwar,2000,7000000
2,Flat,Haridwar,950,3200000
3,Villa,Haridwar,1800,7000000
2,Flat,Haridwar,1085,4500000
3,House,Haridwar,1038,8000000
2,Flat,Haridwar,1038,2300000
2,House,Haridwar,1038,22000000
2,Flat,Haridwar,1038,2000000
2,House,Haridwar,1038,4783069
3,Flat,Howrah,1051,4400000
3,House,Howrah,1051,25000000
3,Flat,Howrah,2515,28200000
3,Flat,Howrah,1219,6110000
3,Flat,Howrah,911,4230000
3,Flat,Howrah,781,7880000
3,Flat,Howrah,789,3660000
3,Flat,Howrah,858,6250000
3,Flat,Howrah,860,6900000
2,Flat,Howrah,615,5200000
3,Flat,Howrah,957,5370000
3,Flat,Howrah,802,5790000
3,Flat,Howrah,1331,8500000
2,Flat,Howrah,1015,4500000
3,Flat,Howrah,1593,28300000
3,Flat,Howrah,965,7100000
3,Flat,Howrah,1593,25299999
3,Flat,Howrah,1000,3500000
3,Flat,Howrah,950,4800000
3,Flat,Howrah,1593,24100000
3,Flat,Howrah,1080,7080000
2,Flat,Howrah,905,5680000
3,Flat,Howrah,2515,35000000
3,House,Howrah,2100,5000000
3,Flat,Howrah,1100,4000000
3,Flat,Howrah,861,6790000
3,Flat,Howrah,950,5500000
2,Flat,Howrah,815,3500000
3,Flat,Howrah,778,9000000
3,Flat,Howrah,1557,7000000
3,Flat,Howrah,800,3400000
3,House,Howrah,2400,8000000
2,Flat,Howrah,505,2150000
2,Flat,Howrah,722,2500000
3,Flat,Howrah,1460,13000000
3,Flat,Howrah,1326,18000000
2,House,Howrah,1200,8100000
3,Flat,Howrah,854,5200000
2,Flat,Howrah,747,3500000
2,Flat,Howrah,881,3500000
3,Flat,Howrah,1410,11500000
2,Flat,Howrah,800,2800000
2,Flat,Howrah,524,3950000
3,Flat,Howrah,1291,5200000
3,Flat,Howrah,1506,6200000
2,Flat,Howrah,519,4000000
3,Flat,Howrah,1910,11500000
2,Flat,Howrah,800,3500000
3,House,Howrah,800,2500000
2,Flat,Howrah,655,7500000
3,Flat,Howrah,1815,6500000
2,Flat,Howrah,624,3229999
2,Flat,Howrah,750,5200000
3,Flat,Howrah,1600,13899999
2,Flat,Howrah,785,2750000
2,Flat,Howrah,925,3900000
2,Flat,Howrah,832,3600000
2,Flat,Howrah,638,2550000
2,Flat,Howrah,500,2400000
3,Flat,Howrah,1076,8000000
2,Flat,Howrah,600,3500000
3,Flat,Howrah,1184,12500000
2,Flat,Howrah,850,3000000
3,Flat,Howrah,1230,2950000
2,Flat,Howrah,730,2800000
2,Flat,Howrah,640,2000000
2,Flat,Howrah,652,5000000
3,Flat,Howrah,1220,2930000
3,Villa,Howrah,2200,8200000
2,Flat,Howrah,1170,9500000
2,Flat,Howrah,750,5500000
3,Flat,Howrah,1100,13500000
2,House,Howrah,850,3200000
2,House,Howrah,550,1800000
3,House,Howrah,3015,16000000
2,House,Howrah,1100,2500000
2,Flat,Howrah,600,1760000
2,Flat,Howrah,800,10500000
3,House,Howrah,900,1400000
2,Flat,Howrah,940,2300000
3,Flat,Howrah,980,12500000
2,Flat,Howrah,650,2400000
2,House,Howrah,1200,2400000
3,House,Howrah,950,1400000
2,Flat,Howrah,700,2800000
2,Flat,Howrah,810,2590000
2,Flat,Howrah,950,4500000
2,Flat,Howrah,380,1500000
2,Flat,Howrah,800,2050000
2,Flat,Howrah,750,1920000
3,Flat,Howrah,1240,12500000
3,Flat,Howrah,2150,35000000
2,Flat,Howrah,850,4800000
3,House,Howrah,1650,12000000
3,Flat,Howrah,960,11000000
2,Flat,Howrah,517,4000000
3,Flat,Howrah,1380,22000000
3,House,Howrah,1700,7000000
2,House,Howrah,1170,5400000
3,Flat,Howrah,1688,18000000
3,Flat,Howrah,1181,9500000
2,Flat,Howrah,720,1750000
2,Flat,Howrah,869,1800000
2,Flat,Howrah,500,1600000
3,Flat,Howrah,1350,6900000
3,Flat,Howrah,1100,3800000
3,Flat,Howrah,1400,7600000
3,Flat,Howrah,1350,4000000
3,Flat,Howrah,1133,3000000
3,Flat,Howrah,1160,6000000
3,Flat,Howrah,1138,12500000
2,Flat,Howrah,881,2470000
3,Flat,Howrah,920,4000000
3,Flat,Howrah,1100,7000000
3,Flat,Howrah,1290,9890000
3,Flat,Howrah,950,6000000
3,Flat,Howrah,650,2600000
3,Flat,Howrah,1533,40000000
2,Flat,Howrah,901,5500000
3,Flat,Howrah,1133,4000000
2,House,Howrah,650,9500000
3,House,Howrah,4000,18000000
3,Flat,Howrah,850,3200000
2,Flat,Howrah,948,2500000
2,Villa,Howrah,1065,4000000
2,Flat,Howrah,900,3350000
2,Flat,Howrah,688,7500000
3,Flat,Howrah,1100,4500000
2,Flat,Howrah,1100,3000000
2,Flat,Howrah,940,4300000
3,House,Howrah,850,3500000
3,House,Howrah,1900,27500000
3,Flat,Howrah,946,7000000
2,Flat,Howrah,650,2000000
3,Flat,Howrah,1327,9000000
2,Flat,Howrah,770,2550000
2,Flat,Howrah,640,4500000
3,Flat,Howrah,911,7500000
2,Flat,Howrah,660,5500000
3,Flat,Howrah,1127,6100000
2,House,Howrah,1100,2900000
3,Flat,Howrah,1475,14000000
3,Flat,Howrah,1000,3000000
2,Flat,Howrah,535,1000000
3,Flat,Howrah,800,6300000
3,Flat,Howrah,1120,3500000
2,Flat,Howrah,761,6170000
3,Flat,Howrah,1136,4700000
2,Flat,Howrah,982,7500000
2,Flat,Howrah,858,2200000
3,Flat,Howrah,1100,6800000
3,Villa,Howrah,1676,10400000
2,Flat,Howrah,748,2200000
2,Flat,Howrah,700,1700000
3,Flat,Howrah,980,11500000
2,Flat,Howrah,700,3800000
2,Flat,Howrah,520,2000000
2,Flat,Howrah,829,2900000
2,Flat,Howrah,735,2500000
3,Flat,Howrah,1128,3300000
3,Flat,Howrah,910,8800000
2,Flat,Howrah,700,3000000
2,Flat,Howrah,750,1800000
2,Flat,Howrah,700,3500000
3,Flat,Howrah,1050,9000000
3,Flat,Howrah,1200,5000000
3,House,Howrah,1841,5540000
2,Flat,Howrah,680,3500000
2,Flat,Howrah,965,4000000
2,Flat,Howrah,784,3800000
2,Flat,Howrah,560,2500000
3,Flat,Howrah,1000,15000000
3,Flat,Howrah,1650,11000000
3,Flat,Howrah,1410,20000000
2,Flat,Howrah,846,4300000
2,Flat,Howrah,530,1200000
3,Flat,Howrah,1100,5000000
3,Flat,Howrah,850,2800000
3,Flat,Howrah,1080,3500000
2,Flat,Howrah,500,2000000
2,Flat,Howrah,375,850000
3,Flat,Howrah,1300,6000000
2,Flat,Howrah,892,3400000
3,Flat,Howrah,1000,6500000
3,Flat,Howrah,1325,5650000
2,Flat,Howrah,675,3150000
2,Flat,Howrah,650,2300000
3,Flat,Howrah,944,5100000
2,Flat,Howrah,1155,5200000
2,Flat,Howrah,800,2900000
2,Flat,Howrah,651,4500000
3,House,Howrah,1200,5000000
3,Flat,Howrah,1350,12500000
3,Flat,Howrah,1616,11000000
3,House,Howrah,1150,3000000
2,Flat,Howrah,755,6400000
3,Flat,Howrah,1630,8500000
2,Flat,Howrah,659,1400000
2,Flat,Howrah,900,5000000
2,Flat,Howrah,1010,6000000
2,Flat,Howrah,630,3500000
3,Flat,Howrah,900,4000000
2,House,Howrah,1040,8000000
2,Flat,Howrah,570,2300000
2,Flat,Howrah,630,2650000
2,Flat,Howrah,552,1950000
3,Flat,Howrah,1600,8900000
2,Flat,Howrah,483,2500000
3,Flat,Howrah,1330,10100000
2,Flat,Howrah,841,6500000
3,House,Howrah,2344,5500000
3,Flat,Howrah,856,3150000
2,Flat,Howrah,735,5000000
2,Flat,Howrah,1302,4500000
2,Flat,Howrah,1021,5000000
2,Flat,Howrah,600,4500000
3,Flat,Howrah,848,4000000
2,Flat,Howrah,672,2350000
2,Flat,Howrah,1161,6200000
2,Flat,Howrah,889,2200000
2,House,Howrah,1500,22500000
3,Flat,Howrah,1119,8900000
3,House,Howrah,1080,3800000
3,Flat,Howrah,1115,6000000
3,Flat,Howrah,1050,7000000
2,Flat,Howrah,918,6500000
3,House,Howrah,2240,9500000
3,Flat,Howrah,1000,4000000
3,Flat,Howrah,1500,5600000
2,Flat,Howrah,621,2700000
3,House,Howrah,1000,4500000
3,Flat,Howrah,1100,3000000
3,Flat,Howrah,1350,14500000
2,Flat,Howrah,750,3500000
2,Flat,Howrah,915,3800000
2,Flat,Howrah,739,2700000
3,Flat,Howrah,1147,4170000
2,Flat,Howrah,615,2000000
3,Flat,Howrah,980,5700000
3,Flat,Howrah,588,7500000
2,Flat,Howrah,640,2400000
2,Flat,Howrah,650,3000000
2,Flat,Howrah,864,1600000
3,Flat,Howrah,1100,6000000
2,Flat,Howrah,824,2700000
2,Flat,Howrah,792,2650000
3,House,Howrah,1300,4000000
3,Flat,Howrah,1000,10000000
3,Flat,Howrah,1320,5000000
3,Flat,Howrah,1150,7500000
2,Flat,Howrah,1170,5260000
2,Flat,Howrah,630,2700000
2,Flat,Howrah,763,5090000
2,Flat,Howrah,1468,5000000
3,Flat,Howrah,950,7500000
3,Flat,Howrah,793,4600000
3,Flat,Howrah,1102,4600000
2,Flat,Howrah,747,3700000
2,Flat,Howrah,550,2100000
2,Flat,Howrah,740,2100000
3,Flat,Howrah,1256,6100000
3,House,Howrah,1000,2800000
3,Flat,Howrah,1750,9500000
2,Flat,Howrah,667,4000000
2,Flat,Howrah,650,1500000
2,Flat,Howrah,1100,2700000
2,Flat,Howrah,855,2400000
3,Flat,Howrah,1460,16000000
2,Flat,Howrah,850,2600000
3,Flat,Howrah,900,3800000
3,Flat,Howrah,1172,8000000
3,Flat,Hyderabad,1475,8250000
3,Flat,Hyderabad,1600,7200000
3,Flat,Hyderabad,1560,4370000
3,Flat,Hyderabad,1707,9360000
2,Flat,Hyderabad,1150,5000000
3,Flat,Hyderabad,2602,20500000
3,Flat,Hyderabad,2086,13100000
3,Flat,Hyderabad,1681,13400000
3,Flat,Hyderabad,1916,10300000
3,Flat,Hyderabad,2630,19400000
3,Flat,Hyderabad,1750,9600000
3,Flat,Hyderabad,2810,24200000
3,Flat,Hyderabad,2433,17200000
3,Flat,Hyderabad,2405,20400000
3,Flat,Hyderabad,2050,15100000
3,Flat,Hyderabad,1965,27400000
3,Flat,Hyderabad,1649,11000000
3,Flat,Hyderabad,1515,6970000
3,Flat,Hyderabad,2222,30600000
2,Flat,Hyderabad,1210,6790000
3,Flat,Hyderabad,2640,30400000
3,Flat,Hyderabad,1800,7920000
3,Flat,Hyderabad,1898,13600000
3,Flat,Hyderabad,2080,16600000
3,Flat,Hyderabad,2660,28300000
3,Flat,Hyderabad,1965,16700000
3,Flat,Hyderabad,1674,11700000
3,Villa,Hyderabad,3192,28700000
3,Flat,Hyderabad,1860,19800000
3,Flat,Hyderabad,5235,57500000
3,Flat,Hyderabad,2124,22300000
3,Flat,Hyderabad,1839,14100000
3,Flat,Hyderabad,2190,23000000
3,Flat,Hyderabad,1400,6300000
3,Flat,Hyderabad,1930,13799999
3,Flat,Hyderabad,2865,21400000
3,Flat,Hyderabad,1650,9900000
3,Flat,Hyderabad,2205,15600000
3,Flat,Hyderabad,2260,16399999
3,Flat,Hyderabad,1860,16900000
3,Flat,Hyderabad,2640,29000000
3,Flat,Hyderabad,1950,11399999
2,Flat,Hyderabad,1220,6100000
2,Flat,Hyderabad,1200,6730000
3,Flat,Hyderabad,2075,16200000
3,Flat,Hyderabad,2004,17100000
3,Flat,Hyderabad,4190,30099999
3,Flat,Hyderabad,2430,19400000
3,Flat,Hyderabad,2400,16000000
2,Flat,Hyderabad,1265,7009999
3,Flat,Hyderabad,1995,17100000
3,Flat,Hyderabad,1635,9810000
3,Flat,Hyderabad,1775,10600000
3,Flat,Hyderabad,1725,13200000
2,Flat,Hyderabad,1075,10700000
3,Flat,Hyderabad,1495,8970000
3,Flat,Hyderabad,2140,16000000
3,Flat,Hyderabad,1675,8209999
3,Flat,Hyderabad,2035,12100000
2,Flat,Hyderabad,1190,8330000
3,Flat,Hyderabad,1935,14300000
3,Flat,Hyderabad,1840,17900000
2,Flat,Hyderabad,1135,5450000
3,Villa,Hyderabad,2702,16200000
3,Flat,Hyderabad,3040,29100000
3,Flat,Hyderabad,2088,15400000
3,Flat,Hyderabad,1850,11000000
3,Villa,Hyderabad,2400,18500000
3,Flat,Hyderabad,1697,9500000
3,Flat,Hyderabad,1700,15200000
3,Flat,Hyderabad,1566,17800000
3,Flat,Hyderabad,2310,15000000
3,Flat,Hyderabad,1765,15300000
3,Flat,Hyderabad,2700,20200000
3,Flat,Hyderabad,2240,15000000
2,Flat,Hyderabad,1148,5800000
3,Flat,Hyderabad,2277,27700000
3,Flat,Hyderabad,1660,10700000
2,Flat,Hyderabad,895,4310000
2,Flat,Hyderabad,910,4910000
3,Flat,Hyderabad,2520,19700000
3,Flat,Hyderabad,1261,18800000
3,Flat,Hyderabad,1500,14200000
3,Flat,Hyderabad,1449,7680000
3,Flat,Hyderabad,1855,9270000
3,Flat,Hyderabad,1198,18600000
3,Flat,Hyderabad,1240,10100000
3,Flat,Hyderabad,2765,28200000
3,Flat,Hyderabad,1369,26500000
2,Flat,Hyderabad,1430,19500000
3,Flat,Hyderabad,1543,8820000
2,Flat,Hyderabad,1245,8470000
2,Flat,Hyderabad,1380,7590000
3,Flat,Hyderabad,2101,24100000
3,Flat,Hyderabad,1775,9760000
2,Flat,Hyderabad,1010,7930000
3,Flat,Hyderabad,1390,14800000
3,Flat,Hyderabad,1500,11600000
3,Flat,Hyderabad,1450,14400000
3,Flat,Hyderabad,2063,11000000
3,Flat,Hyderabad,2140,15100000
2,Flat,Hyderabad,1100,8059999
3,Flat,Hyderabad,1400,7280000
3,Flat,Hyderabad,1385,10200000
3,Flat,Hyderabad,1766,15500000
3,Flat,Hyderabad,2225,31000000
2,Flat,Hyderabad,1100,8130000
3,Flat,Hyderabad,1287,25000000
3,Flat,Hyderabad,1595,10700000
3,Flat,Hyderabad,1525,19200000
3,Flat,Hyderabad,1412,6350000
2,Flat,Hyderabad,863,6670000
3,Flat,Hyderabad,1490,6850000
3,Flat,Hyderabad,2032,10100000
3,Flat,Hyderabad,1988,14800000
3,Flat,Hyderabad,2139,14400000
3,Flat,Hyderabad,2140,20000000
2,Flat,Hyderabad,901,7930000
3,Flat,Hyderabad,1374,20200000
2,Flat,Hyderabad,832,7800000
2,Flat,Hyderabad,800,6110000
3,Flat,Hyderabad,1245,9650000
2,Flat,Hyderabad,859,5030000
2,Flat,Hyderabad,980,3760000
3,Flat,Hyderabad,1252,10000000
3,Flat,Hyderabad,1652,14700000
3,Flat,Hyderabad,1420,7809999
3,Flat,Hyderabad,1495,16200000
3,Flat,Hyderabad,1200,7559999
3,Flat,Hyderabad,1294,24000000
3,Flat,Hyderabad,3490,34500000
3,Flat,Hyderabad,2050,30000000
3,Flat,Hyderabad,1140,8500000
3,Flat,Hyderabad,1400,5320000
3,Flat,Hyderabad,1531,10400000
3,Flat,Hyderabad,1699,18700000
2,Flat,Hyderabad,880,6360000
3,Flat,Hyderabad,1140,13500000
3,Flat,Hyderabad,3067,35800000
2,Flat,Hyderabad,800,9000000
3,Flat,Hyderabad,1915,20299999
3,Flat,Hyderabad,1383,22000000
3,Flat,Hyderabad,2050,11800000
3,Flat,Hyderabad,2049,14300000
2,Flat,Hyderabad,1325,8880000
3,Flat,Hyderabad,1983,14900000
3,Flat,Hyderabad,1397,8800000
2,Flat,Hyderabad,1415,7780000
3,Flat,Hyderabad,3260,24200000
2,Flat,Hyderabad,1027,10900000
3,Flat,Hyderabad,1967,22100000
3,Flat,Hyderabad,2430,19000000
3,Flat,Hyderabad,2040,15900000
2,Flat,Hyderabad,1089,4600000
3,Flat,Hyderabad,1305,12100000
2,Flat,Hyderabad,1237,11200000
3,Flat,Hyderabad,1700,10200000
3,Flat,Hyderabad,2960,28100000
3,Flat,Hyderabad,1510,20700000
3,Villa,Hyderabad,2008,13600000
3,Flat,Hyderabad,2340,21000000
3,Flat,Hyderabad,1220,21000000
2,Flat,Hyderabad,1251,8760000
3,Flat,Hyderabad,1612,19000000
3,Flat,Hyderabad,2300,32200000
3,Flat,Hyderabad,1564,20099999
2,Flat,Hyderabad,1200,6500000
3,Flat,Hyderabad,1675,19000000
3,Flat,Hyderabad,1710,16500000
2,Flat,Hyderabad,1000,9200000
2,Flat,Hyderabad,999,5200000
3,Villa,Hyderabad,3240,65000000
3,Villa,Hyderabad,1850,18000000
3,Flat,Hyderabad,2045,18200000
2,Flat,Hyderabad,1050,5900000
2,Flat,Hyderabad,842,5400000
3,Flat,Hyderabad,1540,8500000
2,Flat,Hyderabad,1045,4870000
2,Flat,Hyderabad,950,12000000
3,Flat,Hyderabad,1283,20000000
3,Flat,Hyderabad,2457,15500000
3,Villa,Hyderabad,1220,8500000
3,Flat,Hyderabad,1150,8000000
2,Flat,Hyderabad,1012,7000000
3,Flat,Hyderabad,1610,27900000
2,Flat,Hyderabad,1000,7500000
2,Flat,Hyderabad,956,4680000
2,Flat,Hyderabad,1250,7500000
3,Flat,Hyderabad,2680,32000000
2,Flat,Hyderabad,1440,14000000
2,Flat,Hyderabad,1030,5900000
3,Flat,Hyderabad,2600,39000000
3,Flat,Hyderabad,1926,10900000
3,Flat,Hyderabad,2049,24000000
3,Flat,Hyderabad,1375,34300000
3,Flat,Hyderabad,2175,21700000
3,Flat,Hyderabad,1750,49000000
3,Flat,Hyderabad,1356,20700000
2,Flat,Hyderabad,680,5990000
2,Flat,Hyderabad,1460,13500000
3,House,Hyderabad,1450,15000000
3,Flat,Hyderabad,980,17500000
3,Flat,Hyderabad,1750,18500000
3,Flat,Hyderabad,1450,8500000
3,Flat,Hyderabad,1700,14000000
3,Flat,Hyderabad,1700,19800000
2,Flat,Hyderabad,950,10000000
2,Flat,Hyderabad,805,4280000
3,Flat,Hyderabad,1668,18000000
3,House,Hyderabad,1650,32000000
3,Flat,Hyderabad,1900,25000000
3,Flat,Hyderabad,1750,44000000
3,Flat,Hyderabad,1993,27000000
2,Flat,Hyderabad,1150,12500000
3,Flat,Hyderabad,1500,13000000
3,Flat,Hyderabad,1500,20400000
2,Flat,Hyderabad,1350,8670000
3,Flat,Hyderabad,1416,30000000
2,House,Hyderabad,3105,35000000
2,Flat,Hyderabad,1214,8800000
3,Villa,Hyderabad,2100,25000000
3,Villa,Hyderabad,1620,45000000
2,Flat,Hyderabad,1900,9500000
3,Flat,Hyderabad,2000,20299999
3,Flat,Hyderabad,1375,6200000
2,House,Hyderabad,1300,8400000
3,Flat,Hyderabad,1500,15000000
3,Flat,Hyderabad,1715,19500000
3,Flat,Hyderabad,2049,15000000
3,Flat,Hyderabad,2277,17300000
2,Flat,Hyderabad,1341,13400000
2,Flat,Hyderabad,1000,6600000
2,Flat,Hyderabad,1025,5400000
2,Flat,Hyderabad,500,1800000
3,Flat,Hyderabad,1600,16000000
3,Flat,Hyderabad,1703,19200000
3,Villa,Hyderabad,2600,33000000
2,Flat,Hyderabad,1100,9000000
3,House,Hyderabad,1260,13899999
2,Flat,Hyderabad,561,4500000
3,Flat,Hyderabad,2100,23000000
3,Flat,Hyderabad,2400,15900000
3,Flat,Hyderabad,1870,17800000
3,Flat,Hyderabad,2605,19500000
2,Flat,Hyderabad,1050,9000000
2,Flat,Hyderabad,1256,9000000
3,Flat,Hyderabad,1300,9500000
2,Flat,Hyderabad,1000,4000000
3,Flat,Hyderabad,1625,20000000
3,Flat,Hyderabad,1500,14500000
2,Flat,Hyderabad,950,7150000
3,Flat,Hyderabad,1500,14000000
3,Flat,Hyderabad,1800,23500000
3,Flat,Hyderabad,1404,11800000
3,Villa,Hyderabad,1986,13300000
3,Flat,Hyderabad,2880,33000000
2,Flat,Hyderabad,1150,6400000
3,Flat,Hyderabad,2210,23000000
3,Flat,Hyderabad,1650,22500000
3,Flat,Hyderabad,2188,29800000
3,Flat,Hyderabad,1450,7990000
3,Flat,Hyderabad,1710,15500000
3,Flat,Hyderabad,2435,27000000
2,Flat,Hyderabad,1225,10600000
3,Flat,Hyderabad,1860,17500000
3,Flat,Hyderabad,2009,30600000
2,House,Hyderabad,1362,16500000
3,Flat,Hyderabad,2155,19600000
3,Flat,Hyderabad,1498,14300000
2,Flat,Hyderabad,1210,6550000
3,Flat,Hyderabad,1487,13500000
3,Villa,Hyderabad,2400,35000000
3,Flat,Hyderabad,1566,7850000
3,Flat,Hyderabad,1100,18300000
3,Flat,Hyderabad,2100,21000000
3,Villa,Hyderabad,2000,15000000
3,Villa,Hyderabad,2384,16500000
3,Flat,Hyderabad,2710,32500000
2,Flat,Hyderabad,1006,7159999
3,Flat,Hyderabad,2050,12700000
3,Flat,Hyderabad,1232,18500000
3,Flat,Hyderabad,2060,15400000
3,Flat,Hyderabad,1450,8820000
3,Flat,Hyderabad,2430,18200000
3,Flat,Hyderabad,2050,19900000
3,Flat,Hyderabad,2595,41600000
2,Flat,Hyderabad,1100,11700000
3,Villa,Hyderabad,1105,9900000
3,Villa,Hyderabad,3250,27300000
3,Flat,Indore,1315,3400000
3,Flat,Indore,1800,8100000
2,House,Indore,750,4050000
2,Flat,Indore,1150,7020000
3,House,Indore,2150,9500000
3,Flat,Indore,1409,4900000
3,Flat,Indore,1782,9900000
3,House,Indore,1200,8500000
2,Flat,Indore,725,6700000
2,Flat,Indore,800,5340000
2,Flat,Indore,882,5500000
2,Flat,Indore,980,3920000
2,Flat,Indore,900,9200000
3,House,Indore,1750,8990000
3,Flat,Indore,1380,5000000
3,Flat,Indore,1055,7040000
2,Flat,Indore,1170,6000000
2,Flat,Indore,1296,7100000
3,House,Indore,800,4600000
2,Flat,Indore,1096,5500000
2,Flat,Indore,1130,4900000
3,House,Indore,1000,15500000
2,Flat,Indore,1430,11000000
3,House,Indore,2250,12100000
2,Flat,Indore,850,5500000
3,House,Indore,1450,4500000
3,Flat,Indore,1400,6000000
3,Flat,Indore,1600,14000000
3,House,Indore,1350,9000000
3,Flat,Indore,2750,13000000
2,Flat,Indore,1045,2800000
3,Flat,Indore,1061,6500000
2,Flat,Indore,1190,5800000
2,Flat,Indore,1134,7600000
2,Flat,Indore,1285,4500000
2,Flat,Indore,1000,2700000
2,Flat,Indore,1300,5000000
3,House,Indore,1750,9000000
2,Flat,Indore,1000,4100000
2,Flat,Indore,1182,4500000
2,Flat,Indore,607,3850000
2,House,Indore,850,6800000
3,Flat,Indore,1400,8900000
2,Flat,Indore,835,3950000
2,Flat,Indore,1150,7700000
2,Flat,Indore,582,3500000
3,Flat,Indore,1552,6000000
2,House,Indore,1300,12000000
3,Flat,Indore,1100,6200000
3,Flat,Indore,1480,5500000
3,Flat,Indore,2032,15100000
3,House,Indore,1500,16500000
3,Villa,Indore,2100,10500000
3,Flat,Indore,1015,3200000
2,Villa,Indore,500,4500000
3,Villa,Indore,1700,6600000
2,Flat,Indore,950,8000000
2,Flat,Indore,1110,5200000
2,Flat,Indore,702,5300000
3,House,Indore,2800,18500000
2,Flat,Indore,1114,5500000
3,House,Indore,660,4700000
3,House,Indore,1210,24000000
2,Flat,Indore,1350,6300000
3,Villa,Indore,1934,11200000
2,Flat,Indore,750,4200000
2,Flat,Indore,1050,6000000
2,Flat,Indore,1000,5100000
3,Flat,Indore,1000,5800000
3,Villa,Indore,1100,11500000
2,Flat,Indore,700,3300000
2,House,Indore,900,11399999
2,Flat,Indore,1450,3000000
3,Flat,Indore,1680,16000000
3,House,Indore,1700,6300000
3,House,Indore,1930,9000000
3,Flat,Indore,1550,12500000
3,Villa,Indore,2000,7500000
3,Flat,Indore,1050,11500000
3,House,Indore,1395,9200000
3,House,Indore,725,6800000
2,Flat,Indore,2350,2730000
3,House,Indore,2800,11100000
3,Flat,Indore,1130,26000000
2,Flat,Indore,750,4900000
2,House,Indore,2100,5200000
3,Flat,Indore,980,18000000
2,Flat,Indore,1600,4500000
2,Flat,Indore,1200,16500000
3,Flat,Indore,920,6000000
2,House,Indore,2000,3800000
3,House,Indore,1425,8800000
3,Flat,Indore,1200,7700000
2,Villa,Indore,1200,8000000
2,House,Indore,1380,6500000
3,Flat,Indore,1380,6500000
3,Villa,Indore,1385,9200000
3,Flat,Indore,740,13500000
2,Flat,Indore,1110,3700000
2,Flat,Indore,1050,3200000
2,Flat,Indore,2100,5500000
3,House,Indore,2600,14000000
3,Flat,Indore,1700,7800000
3,House,Indore,1600,9000000
3,Villa,Indore,1500,7800000
3,House,Indore,1180,8000000
2,Flat,Indore,1000,4200000
3,House,Indore,2033,10000000
3,House,Indore,776,9000000
2,Flat,Indore,778,5600000
2,Flat,Indore,1260,5500000
3,Flat,Indore,1250,5200000
2,House,Indore,1050,6500000
2,Flat,Indore,1400,7500000
2,Flat,Indore,1710,7300000
2,Flat,Indore,1050,10300000
3,House,Indore,1300,9500000
3,House,Indore,2300,9500000
3,Villa,Indore,1130,15000000
3,House,Indore,1211,9500000
3,Flat,Indore,1650,7500000
3,Flat,Indore,920,11500000
2,House,Indore,868,6800000
2,Flat,Indore,1798,4500000
3,House,Indore,700,11000000
2,House,Indore,996,2500000
2,Flat,Indore,1500,5500000
3,House,Indore,1240,17500000
3,Flat,Indore,1260,9000000
2,Flat,Indore,850,6930000
2,Flat,Indore,750,5500000
3,House,Indore,700,9900000
2,Flat,Indore,860,6500000
2,Flat,Indore,2000,5500000
3,Flat,Indore,2150,11500000
3,House,Indore,650,14500000
2,Flat,Indore,1400,2700000
3,Flat,Indore,965,7000000
2,Flat,Indore,900,5800000
2,Flat,Indore,1656,5800000
3,Flat,Indore,700,5500000
2,Flat,Indore,1000,5500000
2,Flat,Indore,950,7000000
2,Flat,Indore,1351,5000000
3,Flat,Indore,650,4730000
2,Flat,Indore,780,3000000
2,Flat,Indore,700,2700000
2,Flat,Indore,1650,5500000
3,Flat,Indore,600,9500000
3,House,Indore,640,5450000
2,Flat,Indore,2453,2700000
3,House,Indore,899,11100000
2,Flat,Indore,1342,3500000
3,Flat,Indore,2200,8300000
3,House,Indore,855,16500000
2,Flat,Indore,1250,2900000
3,Flat,Indore,1116,3600000
2,Flat,Indore,1500,6000000
3,Flat,Indore,683,3600000
2,Flat,Indore,1100,4200000
2,Flat,Indore,820,3900000
2,House,Indore,874,8500000
2,House,Indore,700,9500000
3,Flat,Indore,900,5250000
2,House,Indore,1250,2200000
2,House,Indore,750,3779999
2,Flat,Indore,750,2500000
2,Flat,Indore,1294,2720000
2,Flat,Indore,1500,3200000
3,House,Indore,700,4540000
2,Flat,Indore,960,2300000
3,House,Indore,750,11500000
3,House,Indore,1750,10000000
3,House,Indore,1672,9100000
3,Flat,Indore,731,7020000
2,Flat,Indore,900,6500000
2,Flat,Indore,1490,4000000
2,Flat,Indore,1400,5960000
2,Flat,Indore,1000,3500000
3,Villa,Indore,440,12500000
2,House,Indore,900,4800000
2,Flat,Indore,945,3400000
2,Flat,Indore,1490,2500000
2,Flat,Indore,909,6500000
2,Flat,Indore,1200,3180000
2,Flat,Indore,3600,6800000
3,House,Indore,700,30000000
3,House,Indore,975,12000000
2,Flat,Indore,779,6200000
2,Flat,Indore,1150,3500000
3,Flat,Indore,1900,7500000
3,House,Indore,1500,15100000
3,House,Indore,2200,8500000
3,House,Indore,1451,13000000
2,Flat,Indore,650,4000000
2,Flat,Indore,800,3400000
2,Flat,Indore,850,2500000
2,Flat,Indore,1500,3300000
3,House,Indore,865,20000000
2,Flat,Indore,1250,3000000
3,House,Indore,1490,10000000
2,Flat,Indore,900,8500000
3,Villa,Indore,1100,12500000
2,Flat,Indore,600,3100000
2,Flat,Indore,1000,1680000
2,Flat,Indore,1164,2550000
2,Flat,Indore,700,5300000
2,Flat,Indore,1125,1600000
3,House,Indore,1000,5200000
3,House,Indore,760,150000
2,House,Indore,820,5000000
2,Flat,Indore,1045,2290000
2,Flat,Indore,880,2850000
2,House,Indore,800,6200000
3,House,Indore,881,8800000
2,Flat,Indore,1013,3640000
3,Flat,Indore,575,4000000
2,House,Indore,1400,6500000
2,Flat,Indore,1200,15000000
2,Flat,Indore,670,6000000
2,Flat,Indore,1350,3200000
2,Flat,Indore,1100,3500000
3,Flat,Indore,1107,6000000
2,Flat,Indore,1310,4600000
2,Flat,Indore,800,4500000
3,Villa,Indore,900,7640000
2,Flat,Indore,983,4000000
3,Flat,Indore,2000,6500000
3,House,Indore,1060,10000000
2,Flat,Indore,918,4700000
3,Villa,Indore,1478,10800000
3,Flat,Indore,1500,8550000
3,Villa,Indore,1600,9200000
3,Flat,Indore,638,13000000
2,Flat,Indore,2100,2230000
3,Villa,Indore,1250,16000000
2,Flat,Indore,930,4300000
2,Flat,Indore,1200,2800000
3,House,Indore,1300,4500000
3,Flat,Indore,1000,8000000
2,House,Indore,1188,7100000
2,Flat,Indore,1500,4500000
3,House,Indore,1000,15000000
3,Villa,Indore,756,8500000
2,Flat,Indore,1050,3000000
2,Flat,Indore,450,2600000
2,Flat,Indore,750,2800000
2,House,Indore,808,7500000
2,Flat,Indore,1000,2200000
3,House,Indore,750,10500000
3,House,Indore,840,8000000
3,House,Indore,700,16500000
2,Flat,Indore,850,3000000
3,Flat,Indore,925,3850000
2,Flat,Indore,600,2000000
3,House,Indore,1634,5500000
3,Flat,Indore,750,6000000
3,Villa,Indore,1200,7300000
2,Flat,Indore,650,5500000
2,Villa,Indore,850,12500000
2,Flat,Indore,840,2200000
2,Flat,Indore,1000,3200000
2,House,Indore,3200,2500000
3,Flat,Indore,850,11200000
2,Flat,Indore,860,2800000
2,Flat,Indore,871,2750000
2,Flat,Indore,1080,3350000
3,Flat,Indore,850,4500000
2,Flat,Indore,1100,3600000
2,House,Indore,680,3329999
2,Flat,Indore,1175,3600000
2,Flat,Indore,570,3100000
3,House,Indore,956,5400000
3,Flat,Indore,745,4200000
2,House,Indore,845,3350000
2,Flat,Indore,1193,3600000
2,Flat,Indore,920,4000000
2,Flat,Indore,1172,2300000
2,Villa,Indore,1172,9000000
2,House,Indore,1172,15000000
3,Flat,Jaipur,1688,8530000
3,Flat,Jaipur,1854,12500000
3,Flat,Jaipur,1895,8530000
3,Flat,Jaipur,4120,57600000
3,Flat,Jaipur,2771,23900000
3,Flat,Jaipur,1580,8220000
3,Flat,Jaipur,1814,10800000
3,Flat,Jaipur,1329,6509999
3,Flat,Jaipur,1805,11500000
3,Flat,Jaipur,1652,8590000
3,Flat,Jaipur,1375,9350000
3,Flat,Jaipur,1669,9180000
3,Flat,Jaipur,1870,13000000
3,Flat,Jaipur,1977,15800000
3,Flat,Jaipur,1697,8490000
3,Flat,Jaipur,1975,11800000
3,Flat,Jaipur,2665,31900000
3,Flat,Jaipur,2194,14900000
3,Flat,Jaipur,1742,10400000
3,Flat,Jaipur,1743,11800000
3,Flat,Jaipur,1399,7300000
3,Flat,Jaipur,1379,7300000
2,Flat,Jaipur,1127,4670000
3,Flat,Jaipur,1894,12800000
3,Flat,Jaipur,2426,43600000
2,Flat,Jaipur,1236,5640000
3,Flat,Jaipur,1253,5260000
3,Flat,Jaipur,1755,12200000
3,Flat,Jaipur,2241,14100000
3,Villa,Jaipur,1287,10000000
2,Flat,Jaipur,849,4370000
3,Flat,Jaipur,1653,9090000
3,Villa,Jaipur,495,5000000
3,Flat,Jaipur,926,3700000
3,Flat,Jaipur,3141,20700000
3,Flat,Jaipur,1445,7300000
3,Flat,Jaipur,1622,8920000
3,Flat,Jaipur,1872,13100000
3,Flat,Jaipur,2475,23500000
3,Flat,Jaipur,1945,8359999
3,Flat,Jaipur,1365,5590000
2,Flat,Jaipur,1343,7359999
3,Flat,Jaipur,1475,8800000
2,Flat,Jaipur,800,4000000
3,Flat,Jaipur,1865,10200000
3,Flat,Jaipur,1785,8300000
3,Flat,Jaipur,2043,10000000
3,Villa,Jaipur,2000,10500000
3,Flat,Jaipur,2015,20099999
3,Flat,Jaipur,1110,13500000
3,Villa,Jaipur,972,9000000
3,Flat,Jaipur,1692,8710000
3,Flat,Jaipur,1870,12100000
3,Flat,Jaipur,1734,10400000
2,Flat,Jaipur,599,4700000
2,Flat,Jaipur,1980,16299999
3,Villa,Jaipur,2200,12000000
3,Flat,Jaipur,1660,10700000
3,Villa,Jaipur,3000,15100000
3,Flat,Jaipur,2877,51700000
3,Villa,Jaipur,4860,9500000
3,Villa,Jaipur,1600,6500000
3,Villa,Jaipur,1800,4200000
3,Flat,Jaipur,1948,21400000
2,Flat,Jaipur,696,4000000
3,House,Jaipur,2000,17000000
3,Villa,Jaipur,2500,15500000
3,Flat,Jaipur,1530,7800000
3,Flat,Jaipur,1666,8580000
3,Flat,Jaipur,1338,6420000
3,Flat,Jaipur,1677,15800000
2,Flat,Jaipur,1080,3690000
3,Flat,Jaipur,1175,14000000
2,Flat,Jaipur,1008,4200000
3,Flat,Jaipur,1800,5790000
2,Flat,Jaipur,919,4500000
3,Flat,Jaipur,1382,8000000
3,Flat,Jaipur,1417,6380000
2,Flat,Jaipur,730,4000000
3,Villa,Jaipur,1650,14500000
3,Villa,Jaipur,1197,16000000
2,Flat,Jaipur,700,3600000
3,Flat,Jaipur,2065,18500000
2,Villa,Jaipur,850,2400000
3,Flat,Jaipur,1350,4200000
3,Flat,Jaipur,1742,20900000
3,Flat,Jaipur,2119,10800000
3,Flat,Jaipur,1882,24000000
2,Flat,Jaipur,1100,9500000
3,House,Jaipur,1686,6000000
2,Flat,Jaipur,1250,5200000
3,Flat,Jaipur,1200,14700000
3,Flat,Jaipur,1850,15000000
3,Flat,Jaipur,1675,9900000
3,Flat,Jaipur,1454,14000000
3,Flat,Jaipur,1533,14600000
3,Flat,Jaipur,1900,13300000
3,Flat,Jaipur,850,4600000
3,Flat,Jaipur,1463,7400000
3,Flat,Jaipur,1849,9600000
3,Flat,Jaipur,1510,7500000
2,Flat,Jaipur,863,7500000
3,Flat,Jaipur,1340,5760000
3,Flat,Jaipur,1100,7100000
3,Flat,Jaipur,1624,43400000
2,Flat,Jaipur,650,3900000
3,Villa,Jaipur,1700,5600000
3,Flat,Jaipur,1400,12500000
3,Flat,Jaipur,1430,6440000
3,Villa,Jaipur,1850,6800000
3,Flat,Jaipur,1985,11500000
3,House,Jaipur,2100,10200000
3,Flat,Jaipur,1685,11000000
3,Flat,Jaipur,100,5000000
3,Flat,Jaipur,1765,5700000
2,Flat,Jaipur,1170,5500000
2,Flat,Jaipur,1100,3200000
3,Villa,Jaipur,2000,22500000
3,Flat,Jaipur,1760,10000000
3,Flat,Jaipur,1580,8000000
3,Flat,Jaipur,1932,13000000
2,Flat,Jaipur,1063,4260000
3,Flat,Jaipur,982,4000000
2,Flat,Jaipur,1110,4000000
3,Flat,Jaipur,1900,14000000
3,Flat,Jaipur,1900,15000000
3,Flat,Jaipur,1500,10500000
3,Flat,Jaipur,1530,15000000
3,Flat,Jaipur,1136,5600000
3,Flat,Jaipur,1300,4200000
3,Villa,Jaipur,999,12100000
3,Flat,Jaipur,1100,3500000
2,Flat,Jaipur,1170,4600000
3,House,Jaipur,1800,9900000
3,Villa,Jaipur,2000,9500000
3,Flat,Jaipur,1500,7000000
2,Flat,Jaipur,900,3200000
3,Flat,Jaipur,1499,6500000
3,Villa,Jaipur,1500,8500000
3,Flat,Jaipur,980,3800000
3,Flat,Jaipur,1050,4700000
3,Flat,Jaipur,1220,5600000
3,Flat,Jaipur,1000,3050000
2,Flat,Jaipur,1400,14000000
2,Flat,Jaipur,879,3100000
3,Flat,Jaipur,900,1800000
2,Flat,Jaipur,1100,5500000
3,Villa,Jaipur,2700,12000000
3,Flat,Jaipur,1480,7000000
2,Flat,Jaipur,1000,6000000
3,Villa,Jaipur,2225,8000000
3,Villa,Jaipur,630,3200000
2,Flat,Jaipur,950,2750000
2,House,Jaipur,900,6500000
3,Flat,Jaipur,1200,3700000
2,Flat,Jaipur,815,4800000
2,Flat,Jaipur,800,4500000
3,Villa,Jaipur,1700,9000000
3,Flat,Jaipur,1656,11200000
3,Flat,Jaipur,1623,9000000
3,Flat,Jaipur,2521,30200000
3,Flat,Jaipur,1050,5000000
3,Flat,Jaipur,1549,10100000
2,Flat,Jaipur,1078,7490000
2,Flat,Jaipur,860,2650000
3,Flat,Jaipur,1150,4800000
2,Flat,Jaipur,800,2700000
2,Flat,Jaipur,569,2450000
3,House,Jaipur,1000,7800000
2,Flat,Jaipur,900,3500000
3,Flat,Jaipur,1300,5000000
3,Flat,Jaipur,1550,7000000
2,Flat,Jaipur,800,3200000
3,House,Jaipur,2165,12500000
3,Villa,Jaipur,1125,5500000
3,Flat,Jaipur,1021,4400000
2,Flat,Jaipur,1450,5000000
3,Flat,Jaipur,1668,8760000
3,Villa,Jaipur,1950,6500000
3,Flat,Jaipur,1650,6800000
3,Flat,Jaipur,1350,4500000
3,Flat,Jaipur,1680,8500000
2,Flat,Jaipur,650,4200000
2,Flat,Jaipur,678,4040000
3,Flat,Jaipur,1065,6000000
3,Flat,Jaipur,1000,9000000
2,Flat,Jaipur,1022,3200000
3,Flat,Jaipur,2900,39000000
3,Villa,Jaipur,1630,8700000
3,Villa,Jaipur,715,12500000
2,Flat,Jaipur,1500,4900000
3,Villa,Jaipur,756,5500000
3,Flat,Jaipur,1200,11100000
3,Villa,Jaipur,1700,6500000
3,Villa,Jaipur,828,4500000
3,Flat,Jaipur,1500,3750000
2,House,Jaipur,800,3500000
2,Flat,Jaipur,1098,3250000
3,Flat,Jaipur,1261,4600000
3,Flat,Jaipur,1350,5270000
2,Flat,Jaipur,600,4000000
3,Flat,Jaipur,1200,7000000
2,Flat,Jaipur,1050,3900000
3,Flat,Jaipur,1111,7759999
3,Villa,Jaipur,1500,8300000
2,Flat,Jaipur,800,4600000
3,Villa,Jaipur,1800,12000000
3,Flat,Jaipur,1300,7800000
3,Flat,Jaipur,1582,9000000
2,Flat,Jaipur,1072,4100000
3,Flat,Jaipur,1779,8000000
2,Flat,Jaipur,800,2500000
2,Flat,Jaipur,800,3000000
2,Flat,Jaipur,750,2500000
3,Flat,Jaipur,1600,9000000
3,Flat,Jaipur,2059,33000000
3,Flat,Jaipur,1200,7200000
2,Flat,Jaipur,1035,5200000
2,Flat,Jaipur,1100,4000000
3,Flat,Jaipur,1034,8130000
3,Flat,Jaipur,1400,9730000
2,Flat,Jaipur,1095,4050000
3,Flat,Jaipur,2423,15500000
3,Flat,Jaipur,1000,11500000
3,Flat,Jaipur,1200,5300000
2,Flat,Jaipur,690,3729999
2,Flat,Jaipur,1490,6400000
2,Flat,Jaipur,1190,5700000
2,Flat,Jaipur,450,2170000
3,Flat,Jaipur,834,3200000
2,Flat,Jaipur,980,7000000
2,Flat,Jaipur,1200,2500000
3,Villa,Jaipur,2000,13500000
3,Flat,Jaipur,1800,8000000
2,Flat,Jaipur,720,4500000
3,Flat,Jaipur,1350,5500000
2,Flat,Jaipur,646,3350000
3,Flat,Jaipur,2100,11500000
3,House,Jaipur,1500,5200000
2,Flat,Jaipur,1257,5200000
3,Flat,Jaipur,1300,5800000
3,Flat,Jaipur,1254,5900000
3,Flat,Jaipur,1047,4300000
3,Flat,Jaipur,900,3500000
3,Flat,Jaipur,1150,6800000
3,Flat,Jaipur,1200,13000000
3,Flat,Jaipur,1200,7500000
3,Flat,Jaipur,1430,4500000
3,Flat,Jaipur,1100,5000000
3,Villa,Jaipur,1800,6200000
3,Flat,Jaipur,1413,7100000
2,House,Jaipur,2016,38000000
3,Villa,Jaipur,1600,9200000
3,House,Jaipur,2200,16800000
2,Flat,Jaipur,621,3500000
3,Villa,Jaipur,2000,12500000
3,Flat,Jaipur,1000,3200000
2,Flat,Jaipur,750,4500000
3,House,Jaipur,1100,9000000
3,Villa,Jaipur,1998,12500000
3,Flat,Jaipur,1782,9500000
3,Flat,Jaipur,1968,13500000
2,Flat,Jaipur,740,1700000
3,Villa,Jaipur,1521,7000000
3,Flat,Jaipur,1887,16500000
3,Flat,Jaipur,2050,5500000
3,House,Jaipur,1440,5200000
3,House,Jaipur,2300,30600000
3,Flat,Jaipur,1300,5600000
3,Flat,Jaipur,1610,15800000
3,Flat,Jaipur,1857,12500000
3,Flat,Jaipur,1800,17000000
3,Villa,Jaipur,2000,6200000
3,Villa,Jaipur,2250,10600000
3,Flat,Jaipur,3126,25600000
3,Flat,Jaipur,1322,5400000
3,Villa,Jaipur,1521,7500000
2,Villa,Jaipur,1000,4600000
3,Flat,Jaipur,2700,27500000
2,Flat,Jaipur,1431,9490000
2,Flat,Jaipur,673,3820000
3,Flat,Jaipur,1750,18500000
3,Flat,Jaipur,1196,5700000
2,Flat,Jaipur,800,3500000
3,Flat,Jaipur,1250,7500000
2,House,Jalandhar,2800,21500000
3,House,Jalandhar,2000,6800000
2,House,Jalandhar,1000,2500000
2,Flat,Jalandhar,1050,5000000
3,House,Jalandhar,1800,7000000
3,Villa,Jalandhar,4200,15000000
3,House,Jalandhar,705,6500000
3,House,Jalandhar,900,7000000
3,House,Jalandhar,1800,13000000
2,House,Jalandhar,1350,4500000
2,House,Jalandhar,2200,11000000
3,Flat,Jalandhar,1300,5600000
3,House,Jalandhar,1900,6500000
2,Flat,Jalandhar,800,2200000
2,House,Jalandhar,828,1700000
2,House,Jalandhar,702,2000000
2,House,Jalandhar,1250,3500000
3,Flat,Jalandhar,1666,4200000
2,House,Jalandhar,1656,4000000
3,House,Jalandhar,900,5000000
3,Flat,Jalandhar,2100,6500000
2,House,Jalandhar,672,2800000
3,Flat,Jalandhar,1880,5400000
3,House,Jalandhar,800,4000000
2,Villa,Jalandhar,1148,3400000
3,House,Jalandhar,1500,4000000
2,Flat,Jalandhar,1000,3600000
2,Flat,Jalandhar,880,4900000
3,Flat,Jalandhar,1275,2800000
3,House,Jalandhar,5500,25000000
3,House,Jalandhar,1440,7200000
2,Flat,Jalandhar,900,5100000
3,Flat,Jalandhar,1435,8400000
2,House,Jalandhar,2450,7000000
2,House,Jalandhar,900,3600000
3,House,Jalandhar,3700,13000000
3,House,Jalandhar,3250,6000000
3,Villa,Jalandhar,4550,15000000
3,House,Jalandhar,1800,17500000
2,House,Jalandhar,625,3200000
3,Flat,Jalandhar,1200,4000000
2,House,Jalandhar,1225,2150000
2,Flat,Jalandhar,1110,4100000
3,House,Jalandhar,1295,5200000
2,House,Jalandhar,900,3950000
2,House,Jalandhar,650,10000000
3,House,Jalandhar,2000,7500000
2,Flat,Jalandhar,820,4250000
2,House,Jalandhar,900,6550000
3,Flat,Jalandhar,1900,5000000
3,House,Jalandhar,1500,7000000
2,House,Jalandhar,1450,4000000
3,Flat,Jalandhar,900,2800000
2,Flat,Jalandhar,750,1500000
3,Flat,Jalandhar,1450,3800000
2,House,Jalandhar,1500,6300000
2,House,Jalandhar,972,2600000
2,House,Jalandhar,2350,9560000
2,House,Jalandhar,1100,3700000
2,House,Jalandhar,4815,39800000
2,Flat,Jalandhar,760,4000000
3,House,Jalandhar,2178,10500000
2,House,Jalandhar,915,4200000
3,House,Jalandhar,1600,5500000
3,Flat,Jalandhar,1240,3500000
2,House,Jalandhar,1800,4000000
3,Villa,Jalandhar,2625,5000000
3,House,Jalandhar,3300,9000000
3,Villa,Jalandhar,1365,4000000
3,House,Jalandhar,2116,7000000
3,Flat,Jalandhar,1600,4000000
3,House,Jalandhar,1290,5500000
2,Flat,Jalandhar,470,2000000
3,House,Jalandhar,850,6000000
3,House,Jalandhar,1200,12000000
2,Flat,Jalandhar,800,2000000
3,House,Jalandhar,3600,7500000
2,House,Jalandhar,1200,5500000
2,House,Jalandhar,515,2500000
3,House,Jalandhar,3500,12000000
3,House,Jalandhar,1080,4000000
3,House,Jalandhar,1248,6500000
2,House,Jalandhar,1430,3800000
2,House,Jalandhar,525,1800000
3,House,Jalandhar,1600,3500000
2,House,Jalandhar,630,1750000
3,House,Jalandhar,1625,4500000
3,House,Jalandhar,3000,3200000
3,Flat,Jalandhar,950,3600000
3,House,Jalandhar,3200,9800000
2,Flat,Jalandhar,975,2300000
2,Flat,Jalandhar,950,2510000
3,House,Jalandhar,940,4500000
3,Flat,Jalandhar,1796,5500000
2,House,Jalandhar,1350,7000000
3,House,Jalandhar,2380,15000000
3,House,Jalandhar,525,2400000
3,Flat,Jalandhar,1600,3000000
3,House,Jalandhar,3500,11900000
3,House,Jalandhar,1500,5200000
2,House,Jalandhar,510,2280000
3,House,Jalandhar,1600,4500000
3,House,Jalandhar,825,2900000
2,House,Jalandhar,450,1650000
3,House,Jalandhar,1250,2500000
2,House,Jalandhar,520,2280000
3,House,Jalandhar,2250,5500000
3,Flat,Jalandhar,1800,3200000
3,House,Jalandhar,2250,12200000
2,House,Jalandhar,1340,4000000
2,House,Jalandhar,1100,1500000
2,House,Jalandhar,450,1300000
3,Flat,Jalandhar,1750,4000000
3,House,Jalandhar,1200,2000000
2,House,Jalandhar,1051,4200000
2,House,Jalandhar,1800,3590000
2,House,Jalandhar,681,2100000
2,House,Jalandhar,414,1200000
2,Flat,Jalandhar,1308,3300000
3,Flat,Jalandhar,1800,4000000
3,House,Jalandhar,4666,3500000
2,House,Jalandhar,634,2000000
3,Flat,Jalandhar,1700,5000000
2,House,Jalandhar,935,1950000
3,House,Jalandhar,1525,2960000
2,House,Jalandhar,840,1900000
3,House,Jalandhar,1633,4000000
2,Flat,Jalandhar,550,2100000
2,Flat,Jalandhar,600,1800000
3,House,Jalandhar,1396,8500000
3,House,Jalandhar,1396,6500000
3,House,Jalandhar,1396,6000000
3,House,Jalandhar,1396,2500000
2,House,Jalandhar,1396,2200000
3,House,Jalandhar,1396,5000000
3,House,Jalandhar,1396,4900000
2,House,Jalandhar,1396,2800000
2,House,Jalandhar,1396,3000000
3,House,Jalandhar,1396,4000000
3,Flat,Jamshedpur,1691,9300000
3,Flat,Jamshedpur,1726,8630000
3,Flat,Jamshedpur,2530,12600000
3,Flat,Jamshedpur,1325,5570000
2,Flat,Jamshedpur,950,3229999
2,Flat,Jamshedpur,780,6300000
3,Flat,Jamshedpur,1350,6000000
2,Flat,Jamshedpur,1151,4370000
3,Flat,Jamshedpur,1250,7000000
3,Flat,Jamshedpur,1050,5000000
3,House,Jamshedpur,1465,6600000
3,Flat,Jamshedpur,1020,2800000
3,Flat,Jamshedpur,1000,7000000
3,Flat,Jamshedpur,1550,8900000
2,Flat,Jamshedpur,1045,3140000
3,Flat,Jamshedpur,1365,5200000
2,Flat,Jamshedpur,831,3800000
2,Flat,Jamshedpur,875,4200000
2,Flat,Jamshedpur,999,7100000
3,Flat,Jamshedpur,1360,5750000
3,Flat,Jamshedpur,1200,13000000
2,Flat,Jamshedpur,1000,5500000
3,House,Jamshedpur,1600,18300000
2,Flat,Jamshedpur,770,3760000
3,Flat,Jamshedpur,1585,7000000
3,Flat,Jamshedpur,1724,24100000
3,Flat,Jamshedpur,1230,4800000
3,Flat,Jamshedpur,1315,5700000
3,Flat,Jamshedpur,1300,7000000
3,House,Jamshedpur,1345,8000000
2,Flat,Jamshedpur,602,4500000
3,House,Jamshedpur,1890,17000000
3,Villa,Jamshedpur,2410,10300000
3,Flat,Jamshedpur,903,3860000
3,Flat,Jamshedpur,996,6750000
3,Flat,Jamshedpur,1568,6120000
2,Flat,Jamshedpur,980,4120000
3,Flat,Jamshedpur,1420,7030000
2,Flat,Jamshedpur,1050,3300000
2,Flat,Jamshedpur,1050,4800000
2,Flat,Jamshedpur,1050,3000000
2,Flat,Jamshedpur,785,3500000
2,Flat,Jamshedpur,1117,4300000
3,Flat,Jamshedpur,1090,5500000
2,Flat,Jamshedpur,1050,4000000
2,Flat,Jamshedpur,900,3000000
3,Flat,Jamshedpur,1150,8250000
2,Flat,Jamshedpur,1200,4500000
3,Villa,Jamshedpur,2380,25000000
2,Flat,Jamshedpur,970,6700000
3,Flat,Jamshedpur,1290,7300000
2,Flat,Jamshedpur,1050,3600000
2,Flat,Jamshedpur,990,5000000
2,Flat,Jamshedpur,1200,3500000
2,Flat,Jamshedpur,950,4100000
2,House,Jamshedpur,750,1500000
2,Flat,Jamshedpur,830,2900000
3,Flat,Jamshedpur,1265,5000000
3,Flat,Jamshedpur,1150,6500000
3,Flat,Jamshedpur,1340,3080000
3,Flat,Jamshedpur,1100,5500000
3,Flat,Jamshedpur,1450,4970000
2,Flat,Jamshedpur,900,2700000
3,Flat,Jamshedpur,1740,14500000
3,Flat,Jamshedpur,970,2620000
2,Flat,Jamshedpur,826,4100000
2,Flat,Jamshedpur,925,3450000
2,Flat,Jamshedpur,900,2460000
3,Flat,Jamshedpur,1200,3350000
3,Flat,Jamshedpur,1350,7600000
3,Villa,Jamshedpur,1200,7500000
2,Flat,Jamshedpur,1050,7800000
2,Flat,Jamshedpur,750,2250000
2,Flat,Jamshedpur,1009,3000000
2,Flat,Jamshedpur,800,2500000
3,Flat,Jamshedpur,1250,4500000
2,Flat,Jamshedpur,1030,4400000
3,Flat,Jamshedpur,1050,4500000
3,Flat,Jamshedpur,900,3500000
3,Flat,Jamshedpur,1050,5500000
3,Flat,Jamshedpur,1050,5200000
3,Flat,Jamshedpur,1138,8000000
3,Flat,Jamshedpur,980,6500000
2,Flat,Jamshedpur,900,5000000
3,Flat,Jamshedpur,1000,4500000
3,Flat,Jamshedpur,1180,5500000
3,House,Jamshedpur,1800,5500000
2,Flat,Jamshedpur,780,3500000
3,Flat,Jamshedpur,1550,13000000
3,Flat,Jamshedpur,1150,5300000
3,Flat,Jamshedpur,1680,6500000
3,House,Jamshedpur,2000,8000000
2,Flat,Jamshedpur,880,3000000
3,Villa,Jamshedpur,4000,20000000
2,Flat,Jamshedpur,800,3000000
3,Flat,Jamshedpur,1220,5300000
3,Flat,Jamshedpur,1740,5500000
2,Flat,Jamshedpur,1250,5100000
2,Flat,Jamshedpur,852,3500000
2,House,Jamshedpur,580,3000000
3,Flat,Jamshedpur,1600,11500000
3,Flat,Jamshedpur,1315,5500000
2,Flat,Jamshedpur,700,2500000
3,Flat,Jamshedpur,805,2640000
3,Flat,Jamshedpur,1230,4500000
3,Flat,Jamshedpur,2000,4600000
2,Villa,Jamshedpur,3000,6200000
2,Flat,Jamshedpur,1045,2400000
2,Flat,Jamshedpur,980,2250000
3,House,Jamshedpur,1100,2800000
3,House,Jamshedpur,1800,10000000
3,House,Jamshedpur,1700,15000000
2,House,Jamshedpur,927,4000000
2,Flat,Jamshedpur,790,3500000
2,Flat,Jamshedpur,1130,2800000
3,House,Jamshedpur,1500,3600000
2,Flat,Jamshedpur,860,3500000
2,Flat,Jamshedpur,900,2500000
3,Flat,Jamshedpur,1450,4000000
3,Flat,Jamshedpur,1300,3850000
3,Flat,Jamshedpur,1341,3200000
3,Flat,Jamshedpur,1198,5030000
3,House,Jamshedpur,1750,8500000
2,Flat,Jamshedpur,925,2600000
2,Flat,Jamshedpur,750,2500000
3,Flat,Jamshedpur,1000,4300000
3,Flat,Jamshedpur,1334,5500000
2,Flat,Jamshedpur,977,4200000
2,Flat,Jamshedpur,1060,3800000
3,Flat,Jamshedpur,1050,4000000
3,Flat,Jamshedpur,1315,5000000
3,Flat,Jamshedpur,1070,3700000
3,Flat,Jamshedpur,1200,5100000
3,House,Jamshedpur,1000,6000000
3,Flat,Jamshedpur,975,3600000
3,Flat,Jamshedpur,1467,12000000
2,Flat,Jamshedpur,1070,5000000
3,Flat,Jamshedpur,1340,4000000
2,Flat,Jamshedpur,880,2900000
3,Flat,Jamshedpur,1320,4600000
3,House,Jamshedpur,1840,5700000
3,House,Jamshedpur,810,2400000
3,Flat,Jamshedpur,1920,11000000
3,Flat,Jamshedpur,1240,4000000
3,Flat,Jamshedpur,1495,5500000
3,Flat,Jamshedpur,1728,8000000
3,Flat,Jamshedpur,1365,5000000
2,Flat,Jamshedpur,1028,4100000
2,Flat,Jamshedpur,950,3329999
3,Flat,Jamshedpur,1240,3600000
2,Flat,Jamshedpur,875,2600000
2,Flat,Jamshedpur,851,3000000
2,Flat,Jamshedpur,1047,3000000
2,Flat,Jamshedpur,750,2600000
3,Flat,Jamshedpur,1305,6500000
2,Flat,Jamshedpur,652,2200000
2,Flat,Jamshedpur,935,4800000
3,Flat,Jamshedpur,1325,4500000
2,Flat,Jamshedpur,960,6220000
3,Flat,Jamshedpur,1400,9000000
3,Villa,Jamshedpur,1800,9000000
2,Flat,Jamshedpur,810,3000000
2,Flat,Jamshedpur,850,3000000
2,Flat,Jamshedpur,927,3000000
3,Flat,Jamshedpur,1250,3600000
3,Flat,Jamshedpur,1090,9000000
2,Flat,Jamshedpur,595,4000000
2,Flat,Jamshedpur,1000,2700000
3,Flat,Jamshedpur,1200,5000000
2,Flat,Jamshedpur,750,2800000
2,Flat,Jamshedpur,1009,4000000
3,Flat,Jamshedpur,1500,8000000
2,Flat,Jamshedpur,1400,5500000
3,Flat,Jamshedpur,1458,6000000
3,Flat,Jamshedpur,1280,4000000
2,Flat,Jamshedpur,995,3200000
3,Flat,Jamshedpur,1182,5600000
3,Flat,Jamshedpur,1870,7200000
3,House,Jamshedpur,2400,5500000
2,Flat,Jamshedpur,940,3600000
3,Flat,Jamshedpur,1378,5200000
3,Flat,Jamshedpur,1285,8500000
2,Flat,Jamshedpur,650,2200000
3,Flat,Jamshedpur,1300,6200000
3,Flat,Jamshedpur,1182,3550000
3,Villa,Jamshedpur,1590,4000000
3,Flat,Jamshedpur,1360,4079999
3,Villa,Jamshedpur,1748,9420000
2,Flat,Jamshedpur,1080,5960000
3,Flat,Jamshedpur,1300,6000000
3,Flat,Jamshedpur,1400,4500000
2,Flat,Jamshedpur,1025,4400000
3,House,Jamshedpur,980,2500000
2,Flat,Jamshedpur,807,3400000
2,Flat,Jamshedpur,1000,3500000
3,Flat,Jamshedpur,1471,8500000
3,Flat,Jamshedpur,1330,5550000
3,Flat,Jamshedpur,1230,7500000
2,Flat,Jamshedpur,1050,4700000
3,Flat,Jamshedpur,1220,7900000
3,Flat,Jamshedpur,800,3000000
2,Flat,Jamshedpur,600,2300000
3,Flat,Jamshedpur,1200,11000000
2,Flat,Jamshedpur,760,3800000
3,Flat,Jamshedpur,1170,4000000
2,Flat,Jamshedpur,1026,6200000
2,Flat,Jamshedpur,700,3000000
2,Flat,Jamshedpur,831,4500000
2,Flat,Jamshedpur,950,4500000
3,Flat,Jamshedpur,960,5500000
3,Flat,Jamshedpur,1200,6600000
2,Flat,Jamshedpur,865,3500000
2,Flat,Jamshedpur,796,2600000
3,Flat,Jamshedpur,1600,5500000
3,Flat,Jamshedpur,1200,6000000
3,Flat,Jamshedpur,1300,4500000
3,Flat,Jamshedpur,1700,9500000
2,Flat,Jamshedpur,950,3200000
2,Flat,Jamshedpur,950,3800000
3,Flat,Jamshedpur,1285,3600000
3,Flat,Jamshedpur,1300,6400000
2,Flat,Jamshedpur,800,3500000
3,Flat,Jamshedpur,1385,4700000
2,House,Jamshedpur,1178,3100000
2,Flat,Jamshedpur,1100,4000000
2,House,Jamshedpur,1000,2100000
2,Flat,Jamshedpur,1050,4750000
2,Flat,Jamshedpur,955,3500000
3,Flat,Jamshedpur,1310,4200000
3,Flat,Jamshedpur,1570,6000000
2,Flat,Jamshedpur,800,4500000
2,Flat,Jamshedpur,1000,6200000
3,Flat,Jamshedpur,1220,4500000
2,Flat,Jamshedpur,800,2300000
3,Flat,Jamshedpur,865,4200000
3,Flat,Jamshedpur,1260,6200000
3,Flat,Jamshedpur,950,4500000
2,Flat,Jamshedpur,950,4800000
3,House,Jamshedpur,1500,8000000
2,Flat,Jamshedpur,700,4000000
2,Flat,Jamshedpur,820,3400000
3,Flat,Jamshedpur,1540,11000000
3,Flat,Jamshedpur,1250,6600000
3,Flat,Jamshedpur,1100,6500000
2,Flat,Jamshedpur,830,3900000
2,Flat,Jamshedpur,925,3700000
2,Flat,Jamshedpur,1025,4200000
3,Flat,Jamshedpur,1050,3500000
3,Flat,Jamshedpur,1165,7000000
3,Flat,Jamshedpur,1250,11000000
2,Flat,Jamshedpur,851,3300000
2,Flat,Jamshedpur,700,1900000
3,Flat,Jamshedpur,1250,3800000
2,Flat,Jamshedpur,920,5000000
2,Flat,Jamshedpur,890,2700000
3,Flat,Jamshedpur,1181,4900000
3,Flat,Jamshedpur,1677,2870000
3,House,Jamshedpur,1677,6000000
3,Flat,Jamshedpur,1677,17500000
2,Flat,Jamshedpur,1677,2100000
3,Villa,Jodhpur,1702,6040000
3,House,Jodhpur,1000,5200000
3,Villa,Jodhpur,1800,5000000
3,House,Jodhpur,1300,25099999
2,Flat,Jodhpur,847,3800000
2,Flat,Jodhpur,1200,3200000
2,Flat,Jodhpur,802,3800000
3,Flat,Jodhpur,1750,11000000
3,Flat,Jodhpur,1450,20000000
2,Flat,Jodhpur,1345,7000000
2,Flat,Jodhpur,650,2600000
3,Villa,Jodhpur,800,2100000
3,Villa,Jodhpur,2300,10800000
3,House,Jodhpur,702,12500000
3,Villa,Jodhpur,832,2550000
2,Flat,Jodhpur,1305,6600000
2,House,Jodhpur,2000,17000000
2,Flat,Jodhpur,1250,4000000
3,Flat,Jodhpur,1338,6300000
2,Flat,Jodhpur,1300,7200000
3,Flat,Jodhpur,950,6000000
3,House,Jodhpur,1200,7500000
3,House,Jodhpur,2000,15000000
3,House,Jodhpur,1800,9500000
2,Flat,Jodhpur,850,4500000
2,Flat,Jodhpur,775,2700000
3,House,Jodhpur,2000,11500000
2,Flat,Jodhpur,1350,8300000
3,House,Jodhpur,2338,8000000
3,Flat,Jodhpur,1250,5000000
3,House,Jodhpur,2040,11000000
2,House,Jodhpur,1100,7700000
2,House,Jodhpur,1035,3700000
2,Villa,Jodhpur,3420,5500000
3,House,Jodhpur,1250,3300000
2,House,Jodhpur,900,6000000
2,Flat,Jodhpur,950,5000000
2,Flat,Jodhpur,995,6000000
3,House,Jodhpur,1250,17000000
2,House,Jodhpur,600,7000000
3,House,Jodhpur,1817,5400000
3,Flat,Jodhpur,1464,6500000
3,House,Jodhpur,1500,10000000
2,House,Jodhpur,5000,17500000
3,House,Jodhpur,648,7500000
2,House,Jodhpur,600,6700000
2,House,Jodhpur,1575,8500000
2,Flat,Jodhpur,750,3200000
3,House,Jodhpur,1700,8200000
3,Villa,Jodhpur,1800,9600000
2,House,Jodhpur,1200,8800000
2,Flat,Jodhpur,450,1800000
2,Flat,Jodhpur,750,3400000
3,Villa,Jodhpur,1550,5000000
2,Flat,Jodhpur,900,3200000
2,Flat,Jodhpur,1090,4500000
3,Flat,Jodhpur,1800,4000000
3,Villa,Jodhpur,2600,20000000
2,Villa,Jodhpur,900,4000000
3,House,Jodhpur,1800,16500000
3,Villa,Jodhpur,800,3000000
3,House,Jodhpur,1025,4500000
3,Villa,Jodhpur,550,5100000
3,House,Jodhpur,800,3200000
3,House,Jodhpur,2100,9000000
2,House,Jodhpur,800,3450000
2,Villa,Jodhpur,700,2980000
3,House,Jodhpur,1400,3950000
3,House,Jodhpur,3200,12500000
2,Flat,Jodhpur,120,2300000
3,House,Jodhpur,1530,5000000
3,Villa,Jodhpur,1100,8500000
3,Villa,Jodhpur,1370,4980000
3,Flat,Jodhpur,1530,4500000
2,Flat,Jodhpur,800,3600000
3,Villa,Jodhpur,2550,15500000
2,Flat,Jodhpur,750,3000000
2,Villa,Jodhpur,1151,3200000
2,House,Jodhpur,1000,2600000
3,House,Jodhpur,1500,4500000
2,House,Jodhpur,800,7500000
3,House,Jodhpur,1200,17500000
2,Flat,Jodhpur,550,1050000
2,Flat,Jodhpur,1125,2700000
3,Flat,Jodhpur,1650,6000000
2,Flat,Jodhpur,532,1470000
3,Villa,Jodhpur,1146,3800000
3,House,Jodhpur,760,6500000
3,Flat,Jodhpur,1400,4500000
2,House,Jodhpur,610,1700000
3,House,Jodhpur,1370,5300000
2,House,Jodhpur,1200,14000000
3,House,Jodhpur,2450,16000000
2,House,Jodhpur,1000,6000000
3,House,Jodhpur,1012,5200000
3,House,Jodhpur,900,4200000
2,House,Jodhpur,648,4500000
3,Flat,Jodhpur,980,5200000
3,Flat,Jodhpur,1420,6000000
2,House,Jodhpur,481,3250000
2,Flat,Jodhpur,918,4500000
3,House,Jodhpur,625,4500000
3,House,Jodhpur,2430,6500000
3,House,Jodhpur,1650,9900000
3,House,Jodhpur,816,4000000
2,Villa,Jodhpur,850,2900000
3,Flat,Jodhpur,1350,5000000
2,House,Jodhpur,900,4500000
3,House,Jodhpur,1000,10000000
2,House,Jodhpur,1250,8000000
2,Flat,Jodhpur,1221,5100000
3,House,Jodhpur,1200,7600000
3,Flat,Jodhpur,1320,5100000
2,House,Jodhpur,1350,6700000
2,Flat,Jodhpur,1200,7000000
2,House,Jodhpur,338,2300000
3,House,Jodhpur,1250,9000000
2,House,Jodhpur,1600,7500000
3,House,Jodhpur,1500,13000000
3,House,Jodhpur,2000,22500000
2,Villa,Jodhpur,1200,7000000
3,House,Jodhpur,1350,9000000
3,House,Jodhpur,1800,60000000
2,House,Jodhpur,900,4000000
2,Flat,Jodhpur,1750,2300000
2,Flat,Jodhpur,832,5000000
3,House,Jodhpur,2100,7500000
3,Villa,Jodhpur,800,2550000
2,House,Jodhpur,600,1350000
2,House,Jodhpur,1000,5800000
3,House,Jodhpur,900,2800000
3,House,Jodhpur,1100,8500000
2,Flat,Jodhpur,500,750000
3,Flat,Jodhpur,1325,4500000
3,Villa,Jodhpur,3000,9000000
3,House,Jodhpur,875,2500000
2,Villa,Jodhpur,2400,9000000
3,House,Jodhpur,1700,6500000
2,Flat,Jodhpur,1262,4200000
2,House,Jodhpur,900,15000000
3,Villa,Jodhpur,800,1900000
2,Flat,Jodhpur,1000,3200000
3,Villa,Jodhpur,1800,8000000
3,Flat,Jodhpur,1100,7500000
3,Flat,Jodhpur,1747,8500000
3,Villa,Jodhpur,800,4500000
2,Flat,Jodhpur,1291,4500000
2,House,Jodhpur,800,3100000
3,Flat,Jodhpur,855,5700000
2,Flat,Jodhpur,1130,3800000
2,Flat,Jodhpur,500,2200000
3,Villa,Jodhpur,785,4600000
3,Villa,Jodhpur,3000,900000
3,House,Jodhpur,1620,17000000
3,House,Jodhpur,700,3500000
3,House,Jodhpur,1000,3500000
2,Flat,Jodhpur,900,6000000
3,House,Jodhpur,1700,8020000
3,House,Jodhpur,1000,6500000
2,Flat,Jodhpur,700,1500000
2,Flat,Jodhpur,875,1500000
3,House,Jodhpur,2000,5000000
3,House,Jodhpur,1400,4500000
3,House,Jodhpur,1800,11000000
3,Flat,Jodhpur,1250,4920000
2,Flat,Jodhpur,1800,6653502
2,House,Jodhpur,1241,9000000
3,House,Jodhpur,1241,7000000
2,House,Jodhpur,1241,6653502
3,Flat,Kanpur,1770,10500000
3,Flat,Kanpur,2077,13100000
2,House,Kanpur,900,4500000
3,Flat,Kanpur,1350,5700000
3,Flat,Kanpur,1450,6000000
2,House,Kanpur,1350,5500000
3,Flat,Kanpur,1585,8000000
5,House,Kanpur,2250,22000000
7,House,Kanpur,5204,100700000
3,Flat,Kanpur,1350,6500000
2,Flat,Kanpur,700,5000000
2,Flat,Kanpur,850,8500000
3,Flat,Kanpur,2000,7500000
4,Flat,Kanpur,1875,12500000
3,Flat,Kanpur,1953,13799999
2,House,Kanpur,2358,21000000
3,Flat,Kanpur,1500,8400000
3,Flat,Kanpur,1350,6800000
4,Flat,Kanpur,2250,21000000
5,House,Kanpur,1620,18000000
4,Flat,Kanpur,2200,13000000
3,Flat,Kanpur,1250,5000000
3,Flat,Kanpur,1350,6400000
2,Flat,Kanpur,800,4500000
2,Flat,Kanpur,975,5000000
3,Flat,Kanpur,1425,7500000
2,House,Kanpur,1500,15000000
3,Flat,Kanpur,1500,13000000
3,Flat,Kanpur,1630,8100000
3,Flat,Kanpur,1649,8100000
3,House,Kanpur,1500,33000000
5,House,Kanpur,3600,18000000
2,Flat,Kanpur,1200,10500000
3,Flat,Kanpur,1400,6200000
2,Flat,Kanpur,1080,4500000
6,House,Kanpur,3204,32500000
3,House,Kanpur,2228,32000000
3,House,Kanpur,1800,40000000
2,Flat,Kanpur,1100,4800000
4,Flat,Kanpur,1800,16000000
4,House,Kanpur,9400,42100000
4,Flat,Kanpur,2500,27000000
3,Flat,Kanpur,5900,40000000
9,House,Kanpur,1800,9500000
3,House,Kanpur,1600,11000000
3,Flat,Kanpur,1626,12500000
2,Flat,Kanpur,985,5000000
3,Flat,Kanpur,1725,12200000
3,Flat,Kanpur,1100,7500000
3,Flat,Kanpur,1273,6500000
6,House,Kanpur,1800,3500000
6,Flat,Kanpur,3100,30500000
4,Flat,Kanpur,3200,10000000
3,Flat,Kanpur,1475,6500000
3,House,Kanpur,900,8300000
10,House,Kanpur,6000,35000000
3,Flat,Kanpur,941,10000000
3,House,Kanpur,2500,45000000
3,House,Kanpur,1560,15500000
4,House,Kanpur,900,3700000
3,Flat,Kanpur,1315,7500000
4,Villa,Kanpur,1080,5000000
3,Flat,Kanpur,1250,6800000
2,Flat,Kanpur,765,4800000
2,Flat,Kanpur,811,4500000
2,Flat,Kanpur,1087,5800000
4,Flat,Kanpur,3000,17500000
4,Flat,Kanpur,2600,29000000
3,Flat,Kanpur,1490,7200000
5,House,Kanpur,1450,6500000
2,Flat,Kanpur,950,6200000
3,Flat,Kanpur,1400,6500000
6,House,Kanpur,4500,25000000
4,Flat,Kanpur,2600,12500000
3,Flat,Kanpur,1550,12500000
4,Flat,Kanpur,3230,45000000
8,Villa,Kanpur,16650,18500000
3,Flat,Kanpur,1850,15000000
3,Flat,Kanpur,1400,6800000
4,Flat,Kanpur,2200,8500000
5,House,Kanpur,270,6000000
5,Flat,Kanpur,3001,31000000
6,House,Kanpur,3600,10000000
3,Flat,Kanpur,1690,11000000
3,Flat,Kanpur,1800,9000000
3,Flat,Kanpur,1350,7000000
2,Flat,Kanpur,700,3500000
8,House,Kanpur,1125,8200000
4,House,Kanpur,1500,4800000
10,House,Kanpur,1125,7500000
5,House,Kanpur,1800,20000000
6,House,Kanpur,900,7200000
4,Villa,Kanpur,2034,8500000
3,Flat,Kanpur,1050,4900000
3,Flat,Kanpur,1100,3340000
2,Flat,Kanpur,800,1900000
2,Flat,Kanpur,750,3600000
2,Flat,Kanpur,1050,3500000
2,Flat,Kanpur,650,2400000
2,Flat,Kanpur,770,6500000
2,Flat,Kanpur,1000,3000000
4,Flat,Kanpur,2300,16000000
3,Flat,Kanpur,1450,8000000
3,Flat,Kanpur,1200,7000000
2,House,Kanpur,860,3200000
3,Flat,Kanpur,1100,9000000
2,Flat,Kanpur,1250,6800000
2,Flat,Kanpur,1100,6200000
4,House,Kanpur,1650,24000000
2,Flat,Kanpur,1043,5740000
5,House,Kanpur,1350,7500000
2,Flat,Kanpur,400,2600000
2,Flat,Kanpur,950,5600000
6,House,Kanpur,1800,32000000
3,House,Kanpur,2205,4500000
3,Flat,Kanpur,1600,5700000
2,Flat,Kanpur,800,3800000
6,House,Kanpur,2925,9120000
2,House,Kanpur,450,2600000
7,House,Kanpur,5499,77000000
7,House,Kanpur,3600,12500000
2,Flat,Kanpur,850,3000000
3,Flat,Kanpur,1500,7000000
2,Flat,Kanpur,550,3200000
2,Flat,Kanpur,2360,2500000
4,Flat,Kanpur,1900,14000000
4,House,Kanpur,1500,14000000
4,House,Kanpur,650,6500000
5,House,Kanpur,2200,38000000
3,Flat,Kanpur,1400,7700000
2,Flat,Kanpur,1350,6100000
4,House,Kanpur,867,10000000
3,Villa,Kanpur,339,4200000
3,Flat,Kanpur,1250,7000000
4,House,Kanpur,1800,7500000
1,Flat,Kanpur,625,2800000
6,House,Kanpur,1503,20000000
5,House,Kanpur,1800,11000000
1,Flat,Kanpur,490,1400000
2,House,Kanpur,645,4650000
2,Flat,Kanpur,800,4800000
4,House,Kanpur,557,6500000
1,Flat,Kanpur,800,2550000
3,House,Kanpur,1035,12000000
4,Flat,Kanpur,1500,7500000
3,House,Kanpur,650,3500000
1,Flat,Kanpur,500,2000000
4,House,Kanpur,1098,9500000
3,Flat,Kanpur,1450,8500000
5,House,Kanpur,2700,20000000
2,Flat,Kanpur,1170,4800000
3,Flat,Kanpur,1585,5300000
3,Villa,Kanpur,900,10000000
5,House,Kanpur,380,3500000
3,House,Kanpur,2000,10000000
3,Flat,Kanpur,1585,8500000
3,Flat,Kanpur,1650,12000000
3,Flat,Kanpur,1480,12000000
3,Flat,Kanpur,1600,10000000
7,House,Kanpur,3500,20000000
2,Flat,Kanpur,900,4500000
3,Flat,Kanpur,1100,5400000
2,Flat,Kanpur,1000,4200000
3,House,Kanpur,1602,10500000
8,House,Kanpur,4000,20000000
3,Flat,Kanpur,1200,4900000
4,House,Kanpur,1320,4400000
3,Flat,Kanpur,1370,4400000
2,Flat,Kanpur,1000,8000000
3,Flat,Kanpur,1300,7400000
3,Flat,Kanpur,1323,4500000
4,House,Kanpur,504,4200000
2,Flat,Kanpur,900,4200000
2,Flat,Kanpur,850,3100000
3,Flat,Kanpur,1200,6300000
3,House,Kanpur,900,5500000
2,Villa,Kanpur,1280,10000000
4,House,Kanpur,2100,25000000
1,House,Kanpur,432,2500000
3,Flat,Kanpur,1430,5500000
5,House,Kanpur,12645,250000000
2,Flat,Kanpur,1000,5500000
2,Flat,Kanpur,1000,4800000
3,Flat,Kanpur,1000,5500000
3,Flat,Kanpur,1250,5500000
1,Flat,Kanpur,450,1300000
2,Flat,Kanpur,600,1000000
6,Villa,Kanpur,2600,21000000
2,Flat,Kanpur,110,5600000
3,Flat,Kanpur,1350,9500000
4,House,Kanpur,1500,22500000
5,House,Kanpur,5220,20500000
3,Flat,Kanpur,1500,8250000
4,House,Kanpur,2000,10000000
7,House,Kanpur,5580,100000000
2,Flat,Kanpur,1195,5500000
2,Flat,Kanpur,1195,5000000
5,House,Kanpur,1208,8500000
6,House,Kanpur,1620,5000000
1,House,Kanpur,800,3500000
3,Flat,Kanpur,900,10000000
5,House,Kanpur,675,55500000
2,House,Kanpur,1000,7500000
5,House,Kanpur,1980,22500000
6,House,Kanpur,1500,13000000
8,House,Kanpur,900,15000000
4,House,Kanpur,3200,20000000
4,House,Kanpur,1440,3700000
2,Flat,Kanpur,850,3200000
1,Flat,Kanpur,550,3500000
2,Flat,Kanpur,1043,6900000
3,Flat,Kanpur,1100,10000000
1,Flat,Kanpur,290,1600000
3,Flat,Kanpur,1800,11000000
4,Flat,Kanpur,1200,6500000
2,House,Kanpur,900,4200000
2,Flat,Kanpur,1070,6000000
6,House,Kanpur,3285,17000000
3,Flat,Kanpur,1400,7100000
10,House,Kanpur,5553,57500000
5,House,Kanpur,2900,17500000
3,Flat,Kanpur,1150,5500000
3,Flat,Kanpur,1810,13500000
5,Flat,Kanpur,3620,27000000
3,Flat,Kanpur,1300,9000000
4,Villa,Kanpur,4650,42500000
3,Flat,Kanpur,1350,5000000
3,Flat,Kanpur,1100,4800000
3,House,Kanpur,900,4500000
3,Flat,Kanpur,1100,4500000
3,Flat,Kanpur,1585,6800000
3,Flat,Kanpur,1350,7500000
2,House,Kanpur,1160,6800000
2,Flat,Kanpur,980,4250000
6,House,Kanpur,2904,5500000
3,House,Kanpur,1200,5000000
3,Flat,Kanpur,1100,6800000
3,Flat,Kanpur,1500,5150000
3,Flat,Kanpur,1024,3520000
2,Flat,Kanpur,750,2580000
3,House,Kanpur,2000,6000000
2,Flat,Kanpur,600,3000000
3,House,Kanpur,2000,6500000
3,House,Kanpur,1800,9500000
5,Villa,Kanpur,1210,13500000
10,House,Kanpur,1800,24000000
3,Flat,Kanpur,1500,4560000
3,Flat,Kanpur,1800,5470000
3,House,Kanpur,2360,4900000
4,House,Kanpur,2360,22500000
3,House,Kanpur,1602,15500000
3,Villa,Kanpur,1750,9630000
4,Villa,Kanpur,1750,16000000
3,Villa,Kanpur,1300,220000
1,Villa,Kanpur,1350,16000000
1,House,Kanpur,2360,8000000
3,House,Kanpur,2360,20000000
2,House,Kanpur,2360,3100000
4,House,Kanpur,2360,7350000
3,Flat,Kanpur,2360,8200000
3,House,Kanpur,2360,3500000
1,House,Kanpur,2360,3300000
4,House,Kanpur,2360,25000000
2,House,Kanpur,2360,10000000
3,House,Karimnagar,2000,14000000
2,Villa,Karimnagar,1764,8600000
2,House,Karimnagar,1503,11500000
2,House,Karimnagar,1485,8200000
2,House,Karimnagar,800,11000000
3,House,Karimnagar,1500,15000000
2,Flat,Karimnagar,1025,3600000
2,House,Karimnagar,10890,10000000
2,House,Karimnagar,979,12500000
3,Flat,Karimnagar,1600,8500000
2,House,Karimnagar,600,7500000
3,Villa,Karimnagar,1400,6500000
3,House,Karimnagar,2280,9900000
3,Flat,Karimnagar,1484,8500000
3,Flat,Karimnagar,1570,6800000
3,Flat,Karimnagar,1538,8500000
2,Flat,Karimnagar,900,3300000
2,House,Karimnagar,1485,6990000
2,Flat,Karimnagar,1250,4800000
2,House,Karimnagar,1800,9000000
2,House,Karimnagar,1400,7800000
2,House,Karimnagar,1000,9500000
2,Flat,Karimnagar,1150,4500000
3,House,Karimnagar,783,5500000
2,House,Karimnagar,1200,8000000
3,House,Karimnagar,2200,12500000
3,Flat,Karimnagar,1700,5400000
3,Flat,Karimnagar,1600,2300000
2,House,Karimnagar,2304,8051212
3,House,Karimnagar,2413,12000000
3,Flat,Kochi,1845,22100000
3,Flat,Kochi,2523,30299999
3,Flat,Kochi,1087,11399999
3,Flat,Kochi,1647,14000000
3,Flat,Kochi,1225,9000000
3,Flat,Kochi,2200,25000000
3,Flat,Kochi,1517,6800000
2,Flat,Kochi,1070,9300000
3,Flat,Kochi,2182,9000000
2,Flat,Kochi,637,11399999
2,Flat,Kochi,800,4400000
2,Flat,Kochi,1220,5900000
3,Villa,Kochi,1840,10700000
3,Flat,Kochi,1553,8900000
3,Flat,Kochi,1780,9500000
3,House,Kochi,1700,7000000
3,Flat,Kochi,1250,7200000
3,Flat,Kochi,1690,9500000
2,Flat,Kochi,956,5000000
3,Flat,Kochi,1540,7200000
3,Flat,Kochi,2483,34700000
2,Flat,Kochi,1049,5300000
3,House,Kochi,2340,14000000
3,Flat,Kochi,1623,6500000
3,Flat,Kochi,1150,6900000
3,Flat,Kochi,1450,8200000
3,Flat,Kochi,1035,8000000
2,Flat,Kochi,1439,9000000
3,House,Kochi,2500,35000000
3,Flat,Kochi,1700,9500000
3,Villa,Kochi,1950,23000000
2,Flat,Kochi,871,5000000
3,Flat,Kochi,1435,9000000
3,Flat,Kochi,1500,12000000
3,Villa,Kochi,1850,12500000
2,Flat,Kochi,10000,65000000
2,Flat,Kochi,1200,7000000
3,Flat,Kochi,1650,16000000
3,Flat,Kochi,1354,7200000
3,Villa,Kochi,1560,5950000
3,Flat,Kochi,1428,18600000
3,Flat,Kochi,1799,10500000
3,Villa,Kochi,1800,12000000
3,Flat,Kochi,1250,4300000
3,Flat,Kochi,900,5500000
3,Flat,Kochi,1700,19000000
3,Flat,Kochi,1200,5200000
3,Flat,Kochi,1900,18500000
3,Flat,Kochi,700,2300000
3,Flat,Kochi,1927,13500000
3,Flat,Kochi,1892,16500000
2,Flat,Kochi,779,4800000
3,Flat,Kochi,1350,7200000
3,House,Kochi,1300,7500000
2,Flat,Kochi,865,6500000
3,Villa,Kochi,885,6940000
3,Flat,Kochi,1500,15000000
3,Flat,Kochi,1203,8500000
3,Flat,Kochi,1000,5600000
3,Flat,Kochi,1680,15000000
3,Flat,Kochi,1400,5600000
3,Flat,Kochi,1300,14000000
2,Flat,Kochi,1200,9800000
2,Flat,Kochi,1200,7500000
3,Flat,Kochi,2188,20000000
3,Flat,Kochi,3473,30000000
3,Flat,Kochi,2000,26500000
3,Flat,Kochi,1750,6250000
3,House,Kochi,1581,8500000
3,House,Kochi,1500,8000000
2,Flat,Kochi,1010,5500000
3,Flat,Kochi,1566,11700000
3,Flat,Kochi,1050,8000000
3,Flat,Kochi,1400,6500000
3,Flat,Kochi,1250,4500000
2,Flat,Kochi,675,2850000
3,Flat,Kochi,1500,9500000
3,Flat,Kochi,1680,9000000
2,Flat,Kochi,1210,4320000
2,Flat,Kochi,1166,4500000
3,Flat,Kochi,2310,16200000
3,Flat,Kochi,2100,18500000
3,Flat,Kochi,1300,6200000
2,Flat,Kochi,1368,6800000
2,Flat,Kochi,1119,8000000
3,House,Kochi,1100,5800000
2,Flat,Kochi,1475,8500000
3,House,Kochi,4000,11600000
3,House,Kochi,2300,11000000
2,Flat,Kochi,1275,6800000
3,Flat,Kochi,700,4500000
3,Flat,Kochi,1325,6500000
3,Flat,Kochi,1125,7000000
3,Villa,Kochi,2000,14000000
2,House,Kochi,1000,6000000
3,Flat,Kochi,1460,5200000
3,Flat,Kochi,1550,4500000
2,Flat,Kochi,1150,7700000
2,Flat,Kochi,750,4000000
3,Flat,Kochi,1750,12000000
3,Flat,Kochi,1574,9500000
3,Flat,Kochi,1420,5070000
3,Flat,Kochi,1100,4800000
3,Flat,Kochi,1300,7500000
3,Flat,Kochi,1800,20000000
2,Flat,Kochi,1190,9700000
2,Flat,Kochi,1049,5000000
3,Flat,Kochi,1563,9000000
3,Flat,Kochi,1553,9100000
3,Flat,Kochi,2000,8500000
3,Flat,Kochi,1448,8000000
3,House,Kochi,1100,6000000
3,House,Kochi,1400,4500000
3,Flat,Kochi,1305,4660000
3,Flat,Kochi,1438,8500000
3,Flat,Kochi,1922,12500000
3,Flat,Kochi,1290,6500000
3,House,Kochi,2000,7200000
3,House,Kochi,2500,9950000
2,Flat,Kochi,825,12000000
2,Flat,Kochi,850,3500000
3,House,Kochi,2400,12000000
3,Flat,Kochi,1320,7800000
3,Flat,Kochi,1680,11500000
3,House,Kochi,1000,1000000
2,Flat,Kochi,1200,4290000
3,Flat,Kochi,1108,5900000
3,Flat,Kochi,1750,13200000
3,Flat,Kochi,1500,10000000
3,Flat,Kochi,1364,9200000
3,Flat,Kochi,1400,5500000
2,Flat,Kochi,1133,5000000
3,Flat,Kochi,1250,8000000
3,Flat,Kochi,1687,11500000
3,House,Kochi,1600,9500000
3,Flat,Kochi,1250,7000000
3,Flat,Kochi,1572,5500000
3,Flat,Kochi,1780,12500000
3,Flat,Kochi,1141,7500000
3,Flat,Kochi,1050,5200000
3,Flat,Kochi,1350,5900000
3,Flat,Kochi,1600,18500000
2,Flat,Kochi,1012,6000000
3,Flat,Kochi,1634,9500000
3,Flat,Kochi,1600,8900000
3,Flat,Kochi,1257,6500000
3,Flat,Kochi,1700,8500000
3,Flat,Kochi,1500,8000000
3,Flat,Kochi,1842,10000000
3,House,Kochi,1500,4230000
2,Flat,Kochi,900,7800000
3,Flat,Kochi,1420,5500000
2,Flat,Kochi,1137,6000000
2,House,Kochi,630,4000000
3,Flat,Kochi,1680,11200000
3,Flat,Kochi,1535,11000000
3,Flat,Kochi,1538,10500000
2,Flat,Kochi,1115,7300000
3,Flat,Kochi,2188,16500000
3,Flat,Kochi,2217,16000000
2,House,Kochi,200,5500000
3,House,Kochi,1500,5300000
2,Flat,Kochi,830,5500000
3,Flat,Kochi,1260,7600000
3,Flat,Kochi,1460,6500000
3,Flat,Kochi,2100,23500000
3,Flat,Kochi,1128,6500000
2,Flat,Kochi,1300,4640000
3,Villa,Kochi,2424,15000000
3,Flat,Kochi,1700,16500000
3,Flat,Kochi,1510,6700000
3,Villa,Kochi,1350,6000000
3,Flat,Kochi,1350,5500000
3,House,Kochi,2100,17500000
3,Flat,Kochi,1350,6900000
3,Flat,Kochi,1080,6500000
3,Villa,Kochi,1200,5500000
3,Flat,Kochi,1500,6000000
2,Flat,Kochi,1305,4600000
3,Flat,Kochi,700,5350000
3,Flat,Kochi,1435,8300000
3,Flat,Kochi,1495,8500000
3,Flat,Kochi,1400,8000000
3,House,Kochi,1200,6700000
2,House,Kochi,850,4000000
3,Villa,Kochi,2200,11500000
3,Flat,Kochi,1170,8200000
3,Flat,Kochi,839,8300000
3,House,Kochi,1350,6500000
3,Flat,Kochi,1050,9000000
3,Villa,Kochi,1510,7600000
3,Villa,Kochi,1250,6500000
2,Flat,Kochi,1081,9000000
3,House,Kochi,1400,5700000
2,House,Kochi,1000,4000000
2,Flat,Kochi,900,4000000
2,House,Kochi,950,7300000
3,Flat,Kochi,1475,9900000
3,Flat,Kochi,1774,20000000
2,Flat,Kochi,758,7000000
3,Flat,Kochi,1800,6000000
3,Villa,Kochi,1450,9600000
3,Flat,Kochi,870,6500000
3,Flat,Kochi,1000,1500000
3,Flat,Kochi,1200,4200000
2,Flat,Kochi,1850,9100000
3,Villa,Kochi,1240,6000000
3,Flat,Kochi,1300,5500000
3,Flat,Kochi,2000,16000000
2,Flat,Kochi,1100,6000000
2,Flat,Kochi,900,4200000
3,Villa,Kochi,1180,4600000
3,Flat,Kochi,1330,5000000
3,Flat,Kochi,2096,26500000
2,Flat,Kochi,1200,6900000
3,House,Kochi,1800,6500000
3,Villa,Kochi,1350,4400000
3,House,Kochi,1296,6000000
2,Flat,Kochi,1652,15200000
3,Flat,Kochi,867,4000000
3,Flat,Kochi,1190,6000000
3,Flat,Kochi,1135,6100000
2,Flat,Kochi,1000,5900000
2,Flat,Kochi,1600,7900000
3,House,Kochi,1311,9000000
2,Flat,Kochi,1900,8500000
3,Flat,Kochi,1310,8500000
3,Flat,Kochi,900,4000000
3,Flat,Kochi,1954,19000000
2,Flat,Kochi,1000,7000000
3,Flat,Kochi,5400,60000000
2,Flat,Kochi,900,6200000
3,House,Kochi,1910,27500000
3,House,Kochi,1670,11000000
3,House,Kochi,960,3200000
2,Flat,Kochi,1200,4000000
3,House,Kochi,1300,6500000
2,Flat,Kochi,972,4000000
2,Flat,Kochi,1800,15800000
2,Flat,Kochi,1400,9000000
3,Flat,Kochi,1000,9950000
3,House,Kochi,1900,25000000
3,Flat,Kochi,1450,5200000
3,Villa,Kochi,1280,8200000
3,Flat,Kochi,1355,5500000
2,Flat,Kochi,2100,18500000
3,Flat,Kochi,1156,14000000
2,Flat,Kochi,1913,7500000
2,Flat,Kochi,1200,5000000
2,Flat,Kochi,1350,9000000
2,House,Kochi,1150,7500000
3,House,Kochi,1600,8000000
2,Flat,Kochi,1950,18000000
3,House,Kochi,700,3500000
2,Flat,Kochi,1850,10500000
2,Flat,Kochi,750,2450000
3,Flat,Kochi,1567,8500000
2,Flat,Kochi,2424,15500000
3,Flat,Kochi,1850,8500000
2,Flat,Kochi,700,1850000
3,Villa,Kochi,1304,9500000
3,Flat,Kochi,1581,8000000
2,Flat,Kochi,1400,11000000
2,House,Kochi,1600,7000000
3,House,Kochi,740,3000000
3,House,Kochi,1300,5600000
3,Flat,Kochi,1000,2800000
3,Villa,Kochi,1450,4700000
3,House,Kochi,840,3800000
3,Flat,Kochi,1220,5400000
3,Flat,Kochi,1590,8800000
3,Flat,Kochi,1180,8500000
3,House,Kochi,1000,4800000
2,Flat,Kochi,1271,3800000
3,Villa,Kochi,1000,5000000
3,Flat,Kochi,1286,6000000
3,Flat,Kochi,920,4500000
3,Flat,Kochi,1250,7800000
3,House,Kochi,1200,6800000
3,Villa,Kochi,1200,4700000
3,Flat,Kochi,1483,5000000
3,Flat,Kochi,950,7500000
3,Flat,Kochi,1080,7500000
2,House,Kochi,800,2700000
3,Flat,Kochi,1205,6400000
2,House,Kochi,1020,7500000
3,House,Kochi,1142,5800000
3,Villa,Kochi,1700,9000000
3,Villa,Kochi,1200,18000000
2,House,Kochi,646,3000000
3,Flat,Kochi,650,4800000
3,Flat,Kochi,900,7800000
3,Flat,Kochi,1200,6500000
2,House,Kochi,880,5000000
2,House,Kochi,950,3800000
3,House,Kochi,1050,4760000
2,House,Kochi,1450,8500000
3,Villa,Kochi,1500,7800000
2,Flat,Kochi,1817,41000000
3,Flat,Kochi,800,4800000
3,House,Kochi,1080,4800000
2,Flat,Kochi,1128,6100000
3,House,Kochi,750,5000000
2,Flat,Kochi,1000,19500000
3,Flat,Kochi,1600,9000000
3,Flat,Kochi,1450,7500000
2,Flat,Kochi,1600,5800000
3,House,Kochi,1100,4500000
3,House,Kochi,1800,13000000
3,House,Kochi,2177,9000000
2,Flat,Kochi,807,6000000
2,Flat,Kochi,1440,7000000
2,Flat,Kochi,1280,9700000
2,Flat,Kochi,1055,4200000
2,Flat,Kochi,1250,6500000
2,Flat,Kochi,1000,3500000
3,House,Kochi,1000,5600000
3,House,Kochi,1500,10500000
2,Flat,Kochi,1280,7000000
2,House,Kochi,1500,5500000
2,Flat,Kochi,150,3800000
3,Flat,Kochi,1200,4000000
2,Flat,Kochi,1100,7200000
3,House,Kochi,1200,5500000
3,Flat,Kochi,1900,14000000
3,Flat,Kochi,1100,4500000
3,Flat,Kochi,900,6000000
3,Flat,Kochi,900,6200000
3,House,Kochi,3049,10000000
2,Flat,Kochi,900,26600000
2,House,Kochi,2296,28600000
3,House,Kochi,935,4300000
3,Flat,Kochi,950,3900000
3,House,Kochi,1200,7000000
2,Flat,Kochi,1500,6900000
3,Villa,Kochi,870,4500000
2,House,Kochi,900,3800000
2,Flat,Kochi,900,5100000
3,House,Kochi,2850,16000000
3,Flat,Kochi,1100,2500000
2,Flat,Kochi,1490,9500000
3,Flat,Kochi,1643,11000000
2,Flat,Kochi,1643,9900000
2,Flat,Kochi,1226,7500000
3,House,Kochi,1643,8900000
3,Flat,Kochi,1500,9000000
3,Flat,Kochi,1275,4300000
3,Villa,Kochi,1100,3800000
2,Flat,Kochi,850,6800000
2,Flat,Kochi,860,3990000
3,Flat,Kochi,1300,6500000
3,Flat,Kochi,1718,8500000
3,Flat,Kochi,998,4200000
3,House,Kochi,2000,50000000
3,Flat,Kochi,1370,6000000
2,Flat,Kochi,1250,11500000
2,Flat,Kochi,911,6500000
3,Flat,Kochi,1400,8900000
3,Flat,Kochi,950,7300000
3,Flat,Kochi,2285,21000000
2,Flat,Kochi,425,4100000
3,Flat,Kochi,1333,7000000
3,Flat,Kochi,1200,6000000
3,Flat,Kochi,2627,24600000
2,Villa,Kochi,1300,16500000
3,Flat,Kochi,1364,7300000
3,House,Kochi,3200,41500000
3,Flat,Kochi,2150,15500000
3,Flat,Kochi,975,7500000
3,Flat,Kochi,1500,20000000
2,Flat,Kochi,802,4200000
3,Flat,Kochi,1750,10000000
3,Flat,Kochi,1350,7500000
2,House,Kochi,700,4900000
2,Flat,Kochi,1070,4000000
3,Villa,Kochi,3000,22500000
3,Flat,Kochi,1321,6500000
3,Flat,Kochi,2032,12000000
2,House,Kochi,1000,13200000
3,House,Kochi,1307,7800000
3,Flat,Kochi,1533,7500000
2,Flat,Kochi,915,6200000
2,Flat,Kochi,1200,8000000
2,House,Kochi,950,7500000
2,Flat,Kochi,1800,14000000
3,Villa,Kochi,1350,8000000
2,Flat,Kochi,1680,4980000
3,Villa,Kochi,1485,6800000
3,Flat,Kochi,1510,5800000
3,House,Kochi,670,7000000
2,Flat,Kochi,1700,2800000
3,House,Kochi,750,3800000
2,Flat,Kochi,1616,4500000
3,Flat,Kochi,1050,6800000
2,Flat,Kochi,600,4200000
2,House,Kochi,700,1900000
2,Flat,Kochi,1817,4050000
3,Flat,Kochi,1290,9000000
2,Flat,Kochi,1100,5200000
3,Villa,Kochi,900,12700000
2,Flat,Kochi,700,3500000
3,Flat,Kochi,1300,2500000
2,Villa,Kochi,1150,4000000
3,Flat,Kochi,1050,4500000
3,Flat,Kochi,1312,4600000
2,Flat,Kochi,2300,5000000
3,Flat,Kochi,1550,4200000
3,Villa,Kochi,1200,3900000
2,Flat,Kochi,1000,4500000
2,Flat,Kochi,1050,8000000
2,Flat,Kochi,1511,6500000
3,Flat,Kochi,800,5500000
2,Flat,Kochi,1365,7000000
3,Flat,Kochi,1530,7200000
3,Flat,Kochi,1597,8000000
3,Flat,Kochi,903,12100000
2,Flat,Kochi,928,4500000
3,Flat,Kochi,1205,8500000
3,Flat,Kochi,1258,19000000
3,Flat,Kochi,1200,8900000
3,Flat,Kochi,1460,18500000
3,Flat,Kochi,2200,8000000
3,House,Kochi,1800,9000000
3,House,Kochi,1700,14900000
3,House,Kochi,2573,17500000
3,House,Kochi,1500,11800000
3,Villa,Kochi,2000,11500000
3,Flat,Kochi,1266,5920000
3,House,Kochi,2450,6500000
3,House,Kochi,1155,7500000
2,Flat,Kochi,670,3929999
2,House,Kochi,1400,2500000
3,Villa,Kochi,1100,4800000
2,Flat,Kochi,928,2680000
3,Flat,Kochi,600,3390000
2,House,Kochi,1200,5000000
2,Flat,Kochi,1750,3500000
3,Flat,Kochi,1200,9200000
3,Flat,Kochi,1340,7800000
3,Flat,Kochi,1162,5060000
2,Flat,Kochi,1500,3750000
3,Flat,Kochi,1000,9120759
3,Flat,Kochi,1680,9120759
3,Flat,Kochi,820,9120759
2,Flat,Kochi,1150,9120759
2,Flat,Kochi,1766,9120759
3,Flat,Kochi,1750,9120759
3,Flat,Kochi,1189,9120759
2,Flat,Kochi,2200,9120759
3,Flat,Kochi,1550,9120759
3,Flat,Kochi,1522,9120759
3,Flat,Kochi,2048,9120759
3,Flat,Kochi,2096,9120759
3,Flat,Kochi,1532,9120759
3,Flat,Kochi,1250,9120759
2,Flat,Kochi,1650,9120759
3,Flat,Kochi,1100,9120759
3,Flat,Kochi,1375,9120759
2,Flat,Kochi,760,9120759
2,Villa,Kochi,1300,9120759
3,House,Kochi,750,9120759
3,House,Kochi,1376,16000000
3,Villa,Kochi,1376,9000000
3,House,Kochi,1376,6500000
3,Flat,Kochi,1376,6000000
2,House,Kochi,1376,4000000
2,House,Kochi,1376,3190000
2,Flat,Kochi,1376,13100000
3,Flat,Kochi,1376,7500000
3,Flat,Kochi,1376,2600000
3,House,Kochi,1376,3800000
2,Flat,Kochi,1376,6980000
4,Flat,Kolkata,3364,37800000
5,Flat,Kolkata,4885,54900000
3,Flat,Kolkata,1219,6110000
3,Flat,Kolkata,911,4230000
3,Flat,Kolkata,781,7880000
3,Flat,Kolkata,789,3660000
3,Flat,Kolkata,858,6250000
3,Flat,Kolkata,860,6900000
2,Flat,Kolkata,615,5200000
3,Flat,Kolkata,957,5370000
3,Flat,Kolkata,802,5790000
3,Flat,Kolkata,1331,8500000
2,Flat,Kolkata,1015,4500000
4,Flat,Kolkata,1978,37100000
3,Flat,Kolkata,965,7100000
3,Flat,Kolkata,1593,25299999
4,Flat,Kolkata,2161,34000000
3,Flat,Kolkata,1000,3500000
3,Flat,Kolkata,950,4800000
3,Flat,Kolkata,1593,24100000
3,Flat,Kolkata,1080,7080000
2,Flat,Kolkata,905,5680000
3,Flat,Kolkata,2515,35000000
3,House,Kolkata,2100,5000000
3,Flat,Kolkata,1100,4000000
3,Flat,Kolkata,861,6790000
3,Flat,Kolkata,950,5500000
2,Flat,Kolkata,815,3500000
3,Flat,Kolkata,778,9000000
3,Flat,Kolkata,1557,7000000
3,Flat,Kolkata,800,3400000
3,House,Kolkata,2400,8000000
2,Flat,Kolkata,505,2150000
2,Flat,Kolkata,722,2500000
3,Flat,Kolkata,1460,13000000
3,Flat,Kolkata,1326,18000000
2,House,Kolkata,1200,8100000
3,Flat,Kolkata,854,5200000
2,Flat,Kolkata,747,3500000
2,Flat,Kolkata,881,3500000
3,Flat,Kolkata,1410,11500000
2,Flat,Kolkata,800,2800000
2,Flat,Kolkata,524,3950000
3,Flat,Kolkata,1291,5200000
3,Flat,Kolkata,1506,6200000
1,Flat,Kolkata,429,3450000
4,Flat,Kolkata,2061,27000000
2,Flat,Kolkata,519,4000000
3,Flat,Kolkata,1910,11500000
2,Flat,Kolkata,800,3500000
3,House,Kolkata,800,2500000
2,Flat,Kolkata,655,7500000
3,Flat,Kolkata,1815,6500000
2,Flat,Kolkata,624,3229999
2,Flat,Kolkata,750,5200000
1,Flat,Kolkata,495,2000000
3,Flat,Kolkata,1600,13899999
2,Flat,Kolkata,785,2750000
2,Flat,Kolkata,925,3900000
2,Flat,Kolkata,832,3600000
2,Flat,Kolkata,638,2550000
2,Flat,Kolkata,500,2400000
3,Flat,Kolkata,1076,8000000
2,Flat,Kolkata,600,3500000
7,House,Kolkata,4400,13000000
3,Flat,Kolkata,1184,12500000
2,Flat,Kolkata,850,3000000
5,Villa,Kolkata,3500,15000000
3,Flat,Kolkata,1230,2950000
2,Flat,Kolkata,730,2800000
4,Flat,Kolkata,3364,34000000
2,Flat,Kolkata,640,2000000
2,Flat,Kolkata,652,5000000
3,Flat,Kolkata,1220,2930000
3,Villa,Kolkata,2200,8200000
2,Flat,Kolkata,1170,9500000
2,Flat,Kolkata,750,5500000
4,Flat,Kolkata,1637,11500000
3,Flat,Kolkata,1100,13500000
2,House,Kolkata,850,3200000
2,House,Kolkata,550,1800000
3,House,Kolkata,3015,16000000
2,House,Kolkata,1100,2500000
2,Flat,Kolkata,600,1760000
2,Flat,Kolkata,800,10500000
5,House,Kolkata,2000,8000000
3,House,Kolkata,900,1400000
2,Flat,Kolkata,940,2300000
5,House,Kolkata,2600,11000000
3,Flat,Kolkata,980,12500000
2,Flat,Kolkata,650,2400000
2,House,Kolkata,1200,2400000
4,Flat,Kolkata,1180,6400000
3,House,Kolkata,950,1400000
2,Flat,Kolkata,700,2800000
2,Flat,Kolkata,810,2590000
2,Flat,Kolkata,950,4500000
2,Flat,Kolkata,380,1500000
4,Flat,Kolkata,1760,12500000
2,Flat,Kolkata,800,2050000
2,Flat,Kolkata,750,1920000
3,Flat,Kolkata,1240,12500000
1,Flat,Kolkata,444,1350000
3,Flat,Kolkata,2150,35000000
7,House,Kolkata,3760,15000000
4,Villa,Kolkata,3300,11000000
5,House,Kolkata,4400,10000000
5,House,Kolkata,1440,16000000
4,House,Kolkata,1200,13000000
4,Villa,Kolkata,4700,15000000
2,Flat,Kolkata,850,4800000
1,Flat,Kolkata,526,2000000
4,Flat,Kolkata,2320,14000000
3,House,Kolkata,1650,12000000
3,Flat,Kolkata,960,11000000
4,House,Kolkata,1600,3700000
2,Flat,Kolkata,517,4000000
6,House,Kolkata,3500,15000000
3,Flat,Kolkata,1380,22000000
3,House,Kolkata,1700,7000000
4,Villa,Kolkata,3000,27500000
2,House,Kolkata,1170,5400000
9,House,Kolkata,4380,12500000
3,Flat,Kolkata,1688,18000000
5,House,Kolkata,1086,11500000
3,Flat,Kolkata,1181,9500000
2,Flat,Kolkata,720,1750000
2,Villa,Kolkata,10000,65000000
2,Flat,Kolkata,869,1800000
2,Flat,Kolkata,500,1600000
3,Flat,Kolkata,1350,6900000
3,Flat,Kolkata,1100,3800000
3,Flat,Kolkata,1400,7600000
3,Flat,Kolkata,1350,4000000
1,Flat,Kolkata,519,1100000
3,Flat,Kolkata,1133,3000000
3,Flat,Kolkata,1160,6000000
3,Flat,Kolkata,1138,12500000
2,Flat,Kolkata,881,2470000
1,House,Kolkata,1080,2600000
1,Flat,Kolkata,620,2300000
3,Flat,Kolkata,920,4000000
5,House,Kolkata,1500,12500000
3,Flat,Kolkata,1100,7000000
4,House,Kolkata,2300,18000000
1,Flat,Kolkata,600,2000000
3,Flat,Kolkata,1290,9890000
3,Flat,Kolkata,950,6000000
6,Villa,Kolkata,3200,17000000
4,House,Kolkata,5000,9500000
4,Villa,Kolkata,1728,22500000
3,Flat,Kolkata,650,2600000
3,Flat,Kolkata,1533,40000000
2,Flat,Kolkata,901,5500000
4,House,Kolkata,2700,8000000
3,Flat,Kolkata,1133,4000000
4,House,Kolkata,1200,12000000
4,House,Kolkata,1426,6000000
6,Villa,Kolkata,2600,17500000
2,House,Kolkata,650,9500000
3,House,Kolkata,4000,18000000
3,Flat,Kolkata,850,3200000
2,Flat,Kolkata,948,2500000
2,Villa,Kolkata,1065,4000000
2,Flat,Kolkata,900,3350000
2,Flat,Kolkata,688,7500000
3,Flat,Kolkata,1100,4500000
2,Flat,Kolkata,1100,3000000
2,Flat,Kolkata,940,4300000
3,House,Kolkata,850,3500000
3,House,Kolkata,1900,27500000
7,House,Kolkata,2613,7500000
3,Flat,Kolkata,946,7000000
2,Flat,Kolkata,650,2000000
3,Flat,Kolkata,1327,9000000
2,Flat,Kolkata,770,2550000
4,Villa,Kolkata,3100,12500000
2,Flat,Kolkata,640,4500000
3,Flat,Kolkata,911,7500000
4,House,Kolkata,100,15000000
2,Flat,Kolkata,660,5500000
3,Flat,Kolkata,1127,6100000
5,House,Kolkata,2200,24000000
4,House,Kolkata,1075,7000000
6,Flat,Kolkata,18000,45000000
2,House,Kolkata,1100,2900000
6,House,Kolkata,1680,15000000
3,Flat,Kolkata,1475,14000000
3,Flat,Kolkata,1000,3000000
4,Villa,Kolkata,4228,16500000
6,House,Kolkata,2500,40000000
2,Flat,Kolkata,535,1000000
6,Flat,Kolkata,2100,15500000
4,House,Kolkata,1424,13000000
3,Flat,Kolkata,800,6300000
3,Flat,Kolkata,1120,3500000
2,Flat,Kolkata,761,6170000
3,Flat,Kolkata,1136,4700000
2,Flat,Kolkata,982,7500000
2,Flat,Kolkata,858,2200000
4,Flat,Kolkata,1484,6800000
3,Flat,Kolkata,1100,6800000
3,Villa,Kolkata,1676,10400000
2,Flat,Kolkata,748,2200000
2,Flat,Kolkata,700,1700000
3,Flat,Kolkata,980,11500000
2,Flat,Kolkata,700,3800000
5,House,Kolkata,1450,7600000
2,Flat,Kolkata,520,2000000
2,Flat,Kolkata,829,2900000
2,Flat,Kolkata,735,2500000
3,Flat,Kolkata,1128,3300000
3,Flat,Kolkata,910,8800000
2,Flat,Kolkata,700,3000000
7,House,Kolkata,2800,12000000
2,Flat,Kolkata,750,1800000
2,Flat,Kolkata,700,3500000
3,Flat,Kolkata,1050,9000000
3,Flat,Kolkata,1200,5000000
3,House,Kolkata,1841,5540000
2,Flat,Kolkata,680,3500000
2,Flat,Kolkata,965,4000000
2,Flat,Kolkata,784,3800000
6,House,Kolkata,2000,5600000
2,Flat,Kolkata,560,2500000
3,Flat,Kolkata,1000,15000000
3,Flat,Kolkata,1650,11000000
3,Flat,Kolkata,1410,20000000
5,Flat,Kolkata,1945,20000000
8,House,Kolkata,2400,45000000
4,Flat,Kolkata,1745,5000000
2,Flat,Kolkata,846,4300000
7,House,Kolkata,2600,22000000
2,Flat,Kolkata,530,1200000
3,Flat,Kolkata,1100,5000000
4,Villa,Kolkata,2116,12500000
3,Flat,Kolkata,850,2800000
3,Flat,Kolkata,1080,3500000
2,Flat,Kolkata,500,2000000
2,Flat,Kolkata,375,850000
3,Flat,Kolkata,1300,6000000
2,Flat,Kolkata,892,3400000
1,Flat,Kolkata,420,3800000
3,Flat,Kolkata,1000,6500000
3,Flat,Kolkata,1325,5650000
2,Flat,Kolkata,675,3150000
2,Flat,Kolkata,650,2300000
5,House,Kolkata,2880,15000000
5,House,Kolkata,2500,8000000
3,Flat,Kolkata,944,5100000
2,Flat,Kolkata,1155,5200000
2,Flat,Kolkata,800,2900000
2,Flat,Kolkata,651,4500000
3,House,Kolkata,1200,5000000
3,Flat,Kolkata,1350,12500000
3,Flat,Kolkata,1616,11000000
6,House,Kolkata,3600,10000000
3,House,Kolkata,1150,3000000
2,Flat,Kolkata,755,6400000
3,Flat,Kolkata,1630,8500000
4,Villa,Kolkata,439,2000000
6,House,Kolkata,2750,22000000
2,Flat,Kolkata,659,1400000
2,Flat,Kolkata,900,5000000
2,Flat,Kolkata,1010,6000000
2,Flat,Kolkata,630,3500000
3,Flat,Kolkata,900,4000000
2,House,Kolkata,1040,8000000
7,House,Kolkata,1800,6500000
2,Flat,Kolkata,570,2300000
2,Flat,Kolkata,630,2650000
5,Flat,Kolkata,2300,6900000
4,House,Kolkata,2600,40000000
5,House,Kolkata,2500,15000000
3,House,Kolkata,1726,25000000
8,Villa,Kolkata,1726,150000000
1,Villa,Kolkata,6400,18000000
3,Flat,Kozhikode,2022,14200000
2,Flat,Kozhikode,792,5450000
3,House,Kozhikode,1300,17500000
3,House,Kozhikode,1100,16000000
3,Flat,Kozhikode,1177,10900000
3,Flat,Kozhikode,1378,15900000
2,Flat,Kozhikode,1100,4250000
3,Flat,Kozhikode,1968,13500000
3,Flat,Kozhikode,2300,30000000
3,Flat,Kozhikode,1511,11200000
3,Flat,Kozhikode,1117,12000000
2,House,Kozhikode,400,2000000
2,Flat,Kozhikode,1250,9600000
2,Flat,Kozhikode,1100,7000000
3,House,Kozhikode,1300,4980000
3,Flat,Kozhikode,2074,20400000
3,Villa,Kozhikode,1950,21000000
2,House,Kozhikode,1100,4500000
2,Flat,Kozhikode,1000,7500000
2,Flat,Kozhikode,891,4000000
3,House,Kozhikode,800,4500000
3,Flat,Kozhikode,1116,9000000
3,House,Kozhikode,1000,2800000
3,Flat,Kozhikode,1000,11000000
2,House,Kozhikode,950,2700000
2,House,Kozhikode,700,4000000
3,Flat,Kozhikode,2100,12500000
3,House,Kozhikode,1000,12000000
2,Flat,Kozhikode,1280,4900000
3,Flat,Kozhikode,1260,9000000
2,Flat,Kozhikode,1250,7500000
3,House,Kozhikode,6000,10500000
3,House,Kozhikode,1750,11000000
3,Flat,Kozhikode,2200,11000000
3,Flat,Kozhikode,1680,97440000
2,Flat,Kozhikode,1400,7800000
3,House,Kozhikode,2012,14000000
2,House,Kozhikode,2130,9200000
2,House,Kozhikode,1890,9500000
3,Flat,Kozhikode,2012,14000000
3,Flat,Kozhikode,2301,17400000
2,Flat,Kozhikode,1140,8000000
3,Villa,Kozhikode,1335,6500000
2,House,Kozhikode,800,2700000
2,House,Kozhikode,1000,17000000
2,House,Kozhikode,950,4500000
3,House,Kozhikode,1484,4350000
3,House,Kozhikode,800,3700000
3,Villa,Kozhikode,1565,9970000
2,Flat,Kozhikode,1250,5500000
2,House,Kozhikode,1000,4000000
3,Flat,Kozhikode,1400,4000000
2,Flat,Kozhikode,1058,5500000
3,House,Kozhikode,1500,3300000
3,Flat,Kozhikode,1450,11500000
3,House,Kozhikode,1200,6600000
3,House,Kozhikode,3200,20000000
2,House,Kozhikode,1200,3500000
3,Flat,Kozhikode,1300,9300000
2,Flat,Kozhikode,1000,5100000
3,Flat,Kozhikode,1200,8500000
3,Flat,Kozhikode,1900,7400000
3,House,Kozhikode,1560,5500000
2,House,Kozhikode,1100,5800000
3,House,Kozhikode,1200,6000000
3,House,Kozhikode,800,6000000
3,Flat,Kozhikode,1801,11700000
3,Flat,Kozhikode,2200,20000000
3,Villa,Kozhikode,2000,27500000
3,House,Kozhikode,1700,8500000
3,Flat,Kozhikode,1785,9500000
3,Villa,Kozhikode,1400,6000000
3,Villa,Kozhikode,2000,8500000
3,Flat,Kozhikode,1100,6500000
3,House,Kozhikode,1800,15000000
2,Flat,Kozhikode,1349,7400000
2,Flat,Kozhikode,1362,9500000
2,House,Kozhikode,1350,7500000
3,Flat,Kozhikode,148,14000000
2,House,Kozhikode,1211,13000000
3,Flat,Kozhikode,1357,10700000
3,Villa,Kozhikode,2000,30000000
2,Flat,Kozhikode,1221,7500000
3,Villa,Kozhikode,1860,8000000
3,Flat,Kozhikode,1659,9500000
3,House,Kozhikode,1400,3500000
3,House,Kozhikode,1500,10300000
2,House,Kozhikode,800,3400000
3,Flat,Kozhikode,1394,8700000
3,House,Kozhikode,17000,5300000
3,House,Kozhikode,1200,6200000
2,House,Kozhikode,650,3000000
3,Villa,Kozhikode,2500,17500000
3,House,Kozhikode,2900,22500000
3,Villa,Kozhikode,1800,7200000
3,Villa,Kozhikode,1500,3700000
3,House,Kozhikode,1185,4700000
3,Flat,Kozhikode,1800,8000000
3,Flat,Kozhikode,1100,4800000
3,House,Kozhikode,1014,8200000
3,House,Kozhikode,1620,5500000
3,House,Kozhikode,200,1800000
2,Flat,Kozhikode,950,4600000
2,Flat,Kozhikode,1224,9500000
3,Villa,Kozhikode,1600,6500000
3,House,Kozhikode,840,4500000
2,Flat,Kozhikode,1100,6000000
2,House,Kozhikode,1514,3600000
3,House,Kozhikode,1514,10000000
2,House,Kozhikode,1514,6000000
4,Flat,Lucknow,1896,25600000
3,Flat,Lucknow,2350,20000000
4,Flat,Lucknow,1954,34600000
4,Flat,Lucknow,2890,27700000
4,Flat,Lucknow,2875,27200000
3,Flat,Lucknow,2300,19000000
3,Flat,Lucknow,1715,13300000
3,Flat,Lucknow,1770,14600000
3,Flat,Lucknow,1277,13799999
3,Flat,Lucknow,1796,9200000
4,Flat,Lucknow,2322,36200000
2,Flat,Lucknow,1320,10200000
5,Flat,Lucknow,2471,27700000
4,Flat,Lucknow,2922,28000000
2,Flat,Lucknow,1400,11200000
5,Flat,Lucknow,2471,27100000
5,Flat,Lucknow,4566,45599999
4,Flat,Lucknow,2535,16900000
3,Flat,Lucknow,1116,14200000
3,Flat,Lucknow,7105,59000000
4,Flat,Lucknow,1294,16000000
3,Flat,Lucknow,2847,23200000
3,Flat,Lucknow,1575,8300000
4,Flat,Lucknow,2938,28100000
5,Flat,Lucknow,4115,33500000
4,Flat,Lucknow,3219,26200000
4,Villa,Lucknow,4085,39800000
3,Flat,Lucknow,1464,23800000
3,Flat,Lucknow,1124,12200000
3,Flat,Lucknow,1780,9380000
3,Flat,Lucknow,1348,24400000
3,Flat,Lucknow,1080,6680000
4,Flat,Lucknow,2322,37500000
3,Flat,Lucknow,1560,5190000
4,Flat,Lucknow,4395,29800000
3,Flat,Lucknow,3790,25700000
3,Flat,Lucknow,1050,6500000
2,Flat,Lucknow,1385,8030000
2,Flat,Lucknow,869,10600000
3,Flat,Lucknow,1469,15000000
2,Flat,Lucknow,885,10000000
3,Flat,Lucknow,989,12100000
3,Flat,Lucknow,980,7970000
4,Flat,Lucknow,2284,24700000
3,Flat,Lucknow,1380,18800000
2,Flat,Lucknow,763,4410000
3,House,Lucknow,1000,6000000
4,Flat,Lucknow,1557,16200000
2,House,Lucknow,1370,6170000
4,Flat,Lucknow,1720,22000000
3,House,Lucknow,960,5500000
4,Flat,Lucknow,2745,18100000
6,Villa,Lucknow,5000,63000000
3,House,Lucknow,1600,22000000
3,Flat,Lucknow,1538,5960000
1,Flat,Lucknow,705,3030000
4,Flat,Lucknow,2150,11500000
3,Flat,Lucknow,1293,23500000
2,Flat,Lucknow,650,4230000
4,Flat,Lucknow,1896,26800000
4,Villa,Lucknow,2381,25900000
3,Flat,Lucknow,1037,8380000
3,Flat,Lucknow,1770,11800000
2,House,Lucknow,750,5300000
3,Flat,Lucknow,1991,27000000
3,Flat,Lucknow,999,9740000
3,Flat,Lucknow,1548,20000000
3,Villa,Lucknow,1600,13000000
4,Flat,Lucknow,1645,12900000
3,Flat,Lucknow,1800,10500000
7,House,Lucknow,2750,34000000
2,House,Lucknow,1000,6250000
2,House,Lucknow,1300,6500000
3,Flat,Lucknow,1775,10500000
5,House,Lucknow,2735,26000000
5,House,Lucknow,2800,56700000
3,Flat,Lucknow,1333,9600000
2,Flat,Lucknow,1050,8500000
2,Flat,Lucknow,870,9200000
3,House,Lucknow,2000,6500000
2,Flat,Lucknow,1440,8350000
3,House,Lucknow,1000,5400000
2,House,Lucknow,950,4200000
6,House,Lucknow,1100,8000000
3,Flat,Lucknow,1075,12600000
3,Flat,Lucknow,1810,15000000
8,Villa,Lucknow,7000,26000000
3,Flat,Lucknow,1880,12500000
2,Flat,Lucknow,795,6130000
3,House,Lucknow,1800,7500000
6,Villa,Lucknow,2381,22500000
3,Villa,Lucknow,675,5800000
3,House,Lucknow,730,4350000
2,House,Lucknow,440,6700000
5,House,Lucknow,800,6500000
3,House,Lucknow,1900,7000000
5,House,Lucknow,2291,9600000
2,Flat,Lucknow,1250,7000000
3,Flat,Lucknow,980,7640000
2,Flat,Lucknow,1380,10200000
3,Flat,Lucknow,1250,7490000
2,Flat,Lucknow,1125,5500000
2,Flat,Lucknow,869,9400000
5,Villa,Lucknow,1953,17700000
1,Flat,Lucknow,700,7000000
4,Flat,Lucknow,3150,31400000
2,Flat,Lucknow,710,6000000
2,Flat,Lucknow,1440,8050000
3,House,Lucknow,1350,6000000
2,Flat,Lucknow,1000,7500000
3,Flat,Lucknow,1575,15700000
2,Flat,Lucknow,936,9000000
2,Flat,Lucknow,1020,6000000
7,House,Lucknow,3600,19800000
3,House,Lucknow,950,5200000
4,Flat,Lucknow,1670,7300000
3,House,Lucknow,1225,5200000
3,Villa,Lucknow,1000,6500000
2,Flat,Lucknow,778,6000000
3,Flat,Lucknow,2086,10500000
4,Flat,Lucknow,2250,12500000
1,Villa,Lucknow,432,4100000
4,Villa,Lucknow,220,7800000
3,Flat,Lucknow,2080,24500000
6,Villa,Lucknow,15700,140000000
3,Flat,Lucknow,1050,6200000
3,Flat,Lucknow,1250,6500000
3,House,Lucknow,1000,6100000
6,House,Lucknow,4500,23000000
3,Villa,Lucknow,2500,18500000
3,Flat,Lucknow,880,4200000
3,Flat,Lucknow,1550,12500000
6,Villa,Lucknow,4700,27500000
3,Flat,Lucknow,1472,9500000
3,House,Lucknow,1000,4500000
3,House,Lucknow,1027,4500000
3,Flat,Lucknow,1250,8500000
3,Flat,Lucknow,1100,5500000
3,House,Lucknow,1100,5000000
1,Flat,Lucknow,610,2900000
3,Flat,Lucknow,1545,15900000
2,Villa,Lucknow,2000,13500000
7,House,Lucknow,1450,13500000
2,Flat,Lucknow,585,4200000
2,House,Lucknow,1425,8000000
3,House,Lucknow,1260,7400000
3,House,Lucknow,2000,5700000
2,Flat,Lucknow,894,4300000
6,House,Lucknow,1000,12400000
4,Villa,Lucknow,1250,7000000
2,Flat,Lucknow,960,5700000
3,House,Lucknow,1500,8500000
3,Flat,Lucknow,1295,14500000
2,Flat,Lucknow,1120,8000000
3,Flat,Lucknow,1400,8700000
3,Flat,Lucknow,950,8000000
3,Flat,Lucknow,1812,8500000
2,House,Lucknow,1000,5000000
3,Villa,Lucknow,970,4800000
2,House,Lucknow,850,4000000
4,House,Lucknow,2500,38000000
3,House,Lucknow,900,4050000
2,House,Lucknow,1050,6000000
4,Flat,Lucknow,3220,35000000
3,Flat,Lucknow,1480,8000000
3,Flat,Lucknow,1450,15500000
1,House,Lucknow,430,2300000
5,House,Lucknow,1920,15000000
2,Flat,Lucknow,800,3800000
2,House,Lucknow,900,5000000
1,Flat,Lucknow,400,1700000
3,Flat,Lucknow,1225,7300000
1,Flat,Lucknow,470,2500000
3,House,Lucknow,500,3500000
2,Flat,Lucknow,1380,10000000
1,Flat,Lucknow,600,3500000
2,Flat,Lucknow,990,6200000
5,Villa,Lucknow,1661,24000000
3,Flat,Lucknow,1955,11299999
4,Flat,Lucknow,2200,18000000
3,Flat,Lucknow,1500,10500000
2,Flat,Lucknow,781,2800000
3,Flat,Lucknow,1050,7000000
3,House,Lucknow,3400,6800000
6,House,Lucknow,1900,12500000
2,House,Lucknow,1000,4500000
2,Flat,Lucknow,1125,4500000
3,Flat,Lucknow,1325,5700000
2,Flat,Lucknow,890,5000000
3,Flat,Lucknow,1050,5500000
2,Flat,Lucknow,950,4800000
1,Villa,Lucknow,774,4700000
3,Flat,Lucknow,2500,38000000
2,Flat,Lucknow,850,4500000
4,House,Lucknow,960,13000000
3,Flat,Lucknow,1650,12900000
3,Flat,Lucknow,1625,9500000
2,Flat,Lucknow,1410,9300000
2,Flat,Lucknow,1183,6200000
3,Flat,Lucknow,1650,8500000
4,Flat,Lucknow,1827,11500000
2,House,Lucknow,1049,6200000
1,Villa,Lucknow,550,7300000
3,Villa,Lucknow,1650,5600000
2,House,Lucknow,1000,5300000
4,House,Lucknow,800,4500000
2,House,Lucknow,960,5000000
2,Flat,Lucknow,1400,10500000
1,Flat,Lucknow,610,2800000
6,House,Lucknow,1000,5800000
4,Flat,Lucknow,2015,15100000
5,House,Lucknow,2750,29200000
3,Villa,Lucknow,1230,16000000
3,House,Lucknow,3000,45000000
2,Flat,Lucknow,1250,7500000
3,House,Lucknow,560,5000000
2,House,Lucknow,1375,11500000
3,House,Lucknow,2100,11900000
5,Villa,Lucknow,2800,18000000
4,Flat,Lucknow,2055,17000000
2,Flat,Lucknow,1240,6550000
3,House,Lucknow,1714,11000000
3,Flat,Lucknow,1250,16600000
2,Flat,Lucknow,1015,9500000
3,Flat,Lucknow,1259,15500000
3,Flat,Lucknow,1000,9700000
3,Flat,Lucknow,1103,14400000
3,Flat,Lucknow,1070,8500000
5,House,Lucknow,2800,25000000
2,Flat,Lucknow,989,5500000
2,House,Lucknow,1200,7900000
2,House,Lucknow,1120,7500000
2,Flat,Lucknow,637,4800000
2,House,Lucknow,1452,6500000
3,House,Lucknow,2000,17000000
7,House,Lucknow,2500,17500000
3,House,Lucknow,2300,120000000
2,Flat,Lucknow,800,5000000
2,Flat,Lucknow,1036,6000000
5,House,Lucknow,6890,75000000
3,House,Lucknow,1000,4400000
3,Flat,Lucknow,1660,13600000
2,Flat,Lucknow,624,4000000
3,House,Lucknow,1250,4800000
2,House,Lucknow,1200,6500000
2,Flat,Lucknow,1060,7500000
2,Flat,Lucknow,780,4000000
2,Flat,Lucknow,900,6500000
2,Villa,Lucknow,565,5500000
3,Villa,Lucknow,6000,60000000
4,House,Lucknow,1125,6700000
4,House,Lucknow,3700,20000000
3,House,Lucknow,1000,7250000
2,Villa,Lucknow,1404,6000000
3,House,Lucknow,1200,7000000
4,House,Lucknow,1600,8000000
2,Flat,Lucknow,1250,11000000
4,Flat,Lucknow,3525,42000000
3,House,Lucknow,1000,4800000
2,Flat,Lucknow,1535,11000000
3,House,Lucknow,1700,10000000
4,House,Lucknow,1300,55000000
2,Flat,Lucknow,1000,7000000
2,Flat,Lucknow,1406,7500000
3,House,Lucknow,1000,7500000
2,Villa,Lucknow,1000,3500000
2,Flat,Lucknow,1298,5160000
2,Flat,Lucknow,1298,4500000
5,Villa,Lucknow,1298,45000000
1,House,Lucknow,1298,13000000
1,Flat,Lucknow,1298,3400000
3,Villa,Ludhiana,900,4200000
2,House,Ludhiana,1125,9100000
3,House,Ludhiana,981,4000000
3,Flat,Ludhiana,1090,5300000
3,Villa,Ludhiana,1800,14900000
3,Flat,Ludhiana,1600,7800000
3,House,Ludhiana,1215,2500000
3,Flat,Ludhiana,1400,9000000
3,Flat,Ludhiana,1400,8900000
3,Flat,Ludhiana,1584,12000000
3,House,Ludhiana,1550,6200000
2,Flat,Ludhiana,1190,7500000
3,Flat,Ludhiana,1680,12000000
3,House,Ludhiana,1800,8500000
2,Flat,Ludhiana,1254,4550000
3,Flat,Ludhiana,1530,11000000
2,House,Ludhiana,1800,13100000
2,Flat,Ludhiana,1000,3200000
2,Flat,Ludhiana,585,2000000
3,House,Ludhiana,2500,10000000
2,Flat,Ludhiana,1100,4200000
3,House,Ludhiana,1750,6500000
3,Flat,Ludhiana,1575,16500000
3,House,Ludhiana,900,3300000
3,House,Ludhiana,522,2400000
3,Villa,Ludhiana,2000,16500000
2,Flat,Ludhiana,400,1600000
3,House,Ludhiana,2520,12200000
2,Flat,Ludhiana,450,1500000
3,House,Ludhiana,1089,5700000
2,House,Ludhiana,900,2100000
3,House,Ludhiana,3000,8500000
3,Flat,Ludhiana,1593,13500000
3,House,Ludhiana,1120,13000000
3,House,Ludhiana,1170,2000000
2,House,Ludhiana,585,2900000
3,House,Ludhiana,3200,20000000
2,House,Ludhiana,900,8500000
2,Flat,Ludhiana,900,6000000
3,House,Ludhiana,900,4500000
3,House,Ludhiana,1600,5700000
3,Flat,Ludhiana,1650,5500000
2,House,Ludhiana,810,3080000
2,House,Ludhiana,657,3200000
3,House,Ludhiana,1940,4700000
3,House,Ludhiana,800,10000000
2,Flat,Ludhiana,1125,9700000
3,House,Ludhiana,2230,18000000
3,House,Ludhiana,1350,10000000
2,House,Ludhiana,1674,13500000
3,House,Ludhiana,3000,10000000
2,House,Ludhiana,560,1500000
3,House,Ludhiana,1764,6500000
3,House,Ludhiana,900,2800000
2,House,Ludhiana,2700,8000000
2,House,Ludhiana,1620,5000000
3,House,Ludhiana,134,2400000
2,House,Ludhiana,1000,5000000
3,Flat,Ludhiana,1350,6500000
3,House,Ludhiana,2200,8500000
3,House,Ludhiana,1600,8000000
2,House,Ludhiana,900,2500000
3,Flat,Ludhiana,1300,8000000
3,House,Ludhiana,1700,7000000
3,House,Ludhiana,750,1500000
3,House,Ludhiana,1800,6000000
3,Villa,Ludhiana,5000,20000000
3,House,Ludhiana,864,15000000
3,House,Ludhiana,1872,2600000
3,House,Ludhiana,1827,3500000
2,House,Ludhiana,1800,12000000
3,House,Ludhiana,1980,10000000
3,House,Ludhiana,900,1900000
2,Flat,Ludhiana,500,3000000
3,Flat,Ludhiana,2300,14000000
3,House,Ludhiana,900,8000000
3,Flat,Ludhiana,1300,4500000
2,Flat,Ludhiana,2000,6400000
3,House,Ludhiana,1350,9800000
2,Villa,Ludhiana,1125,3200000
2,Flat,Ludhiana,1000,6500000
3,House,Ludhiana,900,3800000
2,House,Ludhiana,950,3500000
3,House,Ludhiana,2000,6000000
2,House,Ludhiana,1000,4000000
3,Flat,Ludhiana,200,5000000
3,House,Ludhiana,105,5000000
3,House,Ludhiana,2000,9500000
3,Flat,Ludhiana,2300,7100000
3,House,Ludhiana,1400,5200000
2,House,Ludhiana,1000,3000000
2,Flat,Ludhiana,1250,6900000
3,Villa,Ludhiana,3600,25000000
3,Flat,Ludhiana,1530,9000000
3,House,Ludhiana,2430,35000000
3,House,Ludhiana,1250,5000000
3,Flat,Ludhiana,1800,14000000
3,House,Ludhiana,1350,3400000
3,Flat,Ludhiana,1515,10000000
2,Flat,Ludhiana,1000,4200000
2,Flat,Ludhiana,984,4200000
3,Flat,Ludhiana,2044,17200000
2,House,Ludhiana,1800,1550000
3,Flat,Ludhiana,1610,8500000
2,House,Ludhiana,900,4200000
3,Flat,Ludhiana,2400,13500000
2,Villa,Ludhiana,909,4000000
3,House,Ludhiana,900,10000000
2,Flat,Ludhiana,1000,6000000
2,House,Ludhiana,700,1600000
2,Flat,Ludhiana,1107,3500000
2,House,Ludhiana,500,14500000
2,Flat,Ludhiana,600,1500000
2,House,Ludhiana,1125,1400000
3,House,Ludhiana,1800,7500000
2,House,Ludhiana,1426,9000000
3,House,Ludhiana,3150,70000000
3,Flat,Ludhiana,1545,16299999
2,House,Ludhiana,450,2000000
3,Flat,Ludhiana,1000,5300000
3,Flat,Ludhiana,1300,9500000
3,House,Ludhiana,900,1750000
2,House,Ludhiana,1600,7000000
2,House,Ludhiana,900,3500000
3,Flat,Ludhiana,1782,7800000
3,House,Ludhiana,621,2950000
3,Flat,Ludhiana,1100,5300000
2,House,Ludhiana,900,2200000
3,House,Ludhiana,900,2500000
2,House,Ludhiana,1197,3200000
2,Flat,Ludhiana,984,4500000
2,Flat,Ludhiana,1200,9500000
3,Flat,Ludhiana,2100,11100000
3,House,Ludhiana,1500,4500000
2,House,Ludhiana,1242,6200000
3,Flat,Ludhiana,1650,10500000
2,House,Ludhiana,1944,6500000
3,House,Ludhiana,1900,3600000
3,House,Ludhiana,990,6000000
3,House,Ludhiana,1850,4200000
2,House,Ludhiana,1125,8700000
2,House,Ludhiana,450,1400000
3,House,Ludhiana,1800,80000000
3,House,Ludhiana,900,3700000
2,Flat,Ludhiana,550,3300000
2,House,Ludhiana,360,1580000
3,House,Ludhiana,3000,6000000
2,House,Ludhiana,1035,3500000
2,House,Ludhiana,450,2200000
3,House,Ludhiana,405,4500000
2,Flat,Ludhiana,984,4000000
3,House,Ludhiana,1548,10000000
2,House,Ludhiana,450,980000
2,House,Ludhiana,1000,2200000
3,House,Ludhiana,9450,11000000
3,Flat,Ludhiana,725,5700000
3,House,Ludhiana,880,8000000
2,House,Ludhiana,774,2100000
2,House,Ludhiana,1350,9600000
2,House,Ludhiana,1040,4000000
2,House,Ludhiana,900,3000000
3,Villa,Ludhiana,945,4200000
3,Flat,Ludhiana,1280,9000000
3,House,Ludhiana,1620,6500000
3,Flat,Ludhiana,1725,8500000
2,House,Ludhiana,1000,3800000
2,House,Ludhiana,900,6500000
2,House,Ludhiana,900,3200000
3,House,Ludhiana,900,2300000
2,House,Ludhiana,816,4500000
2,Flat,Ludhiana,1000,3000000
3,House,Ludhiana,2250,20000000
2,House,Ludhiana,428,1100000
2,Villa,Ludhiana,990,4500000
2,Flat,Ludhiana,720,1400000
3,Flat,Ludhiana,1530,12000000
3,House,Ludhiana,1300,5000000
3,Flat,Ludhiana,1669,9500000
3,House,Ludhiana,900,4000000
3,House,Ludhiana,810,3600000
3,House,Ludhiana,1800,5500000
3,House,Ludhiana,240,180000
3,Flat,Ludhiana,860,5570000
3,House,Ludhiana,1850,6000000
2,House,Ludhiana,900,1800000
2,Flat,Ludhiana,800,2500000
2,Villa,Ludhiana,750,2100000
3,Flat,Ludhiana,725,5500000
3,House,Ludhiana,1400,5500000
2,House,Ludhiana,800,3650000
3,House,Ludhiana,945,4000000
2,Flat,Ludhiana,1054,4200000
3,House,Ludhiana,2277,25000000
3,House,Ludhiana,648,2000000
2,Flat,Ludhiana,815,6300000
2,Flat,Ludhiana,1125,2800000
3,House,Ludhiana,1800,5200000
3,House,Ludhiana,972,4500000
2,Flat,Ludhiana,576,2800000
2,House,Ludhiana,550,1700000
2,House,Ludhiana,450,2500000
2,House,Ludhiana,1000,2500000
2,House,Ludhiana,630,900000
2,Flat,Ludhiana,1200,5500000
2,House,Ludhiana,600,1500000
3,House,Ludhiana,1215,3600000
2,House,Ludhiana,652,3000000
3,House,Ludhiana,2070,7000000
2,Flat,Ludhiana,1200,4900000
2,Flat,Ludhiana,684,3000000
3,House,Ludhiana,1300,7000000
3,House,Ludhiana,980,1380000
2,House,Ludhiana,900,1500000
2,House,Ludhiana,450,1500000
2,Flat,Ludhiana,1100,4000000
3,House,Ludhiana,2000,5600000
3,House,Ludhiana,950,2200000
3,House,Ludhiana,540,1350000
3,House,Ludhiana,900,7500000
3,Villa,Ludhiana,700,1980000
2,House,Ludhiana,450,1300000
3,House,Ludhiana,1050,3500000
2,Flat,Ludhiana,984,4100000
3,House,Ludhiana,945,2100000
3,House,Ludhiana,2255,8500000
3,House,Ludhiana,1620,3600000
2,House,Ludhiana,900,2900000
2,House,Ludhiana,1125,9000000
3,House,Ludhiana,819,3000000
2,Villa,Ludhiana,700,1980000
2,House,Ludhiana,603,1900000
3,House,Ludhiana,6480,1250000
3,House,Ludhiana,1350,4200000
3,House,Ludhiana,1260,2700000
2,House,Ludhiana,450,1150000
3,House,Ludhiana,2000,5500000
2,House,Ludhiana,1080,1400000
2,Flat,Ludhiana,1460,3500000
2,House,Ludhiana,455,790000
2,House,Ludhiana,630,1600000
2,House,Ludhiana,900,2000000
3,House,Ludhiana,579,1900000
2,House,Ludhiana,475,1100000
2,House,Ludhiana,675,1900000
2,Flat,Ludhiana,1620,4000000
3,House,Ludhiana,1600,2700000
2,Flat,Ludhiana,1260,3400000
3,Villa,Ludhiana,1400,4200000
2,House,Ludhiana,693,2000000
3,Villa,Ludhiana,1450,5000000
3,House,Ludhiana,730,2500000
2,House,Ludhiana,1912,3000000
3,House,Ludhiana,1912,7500000
3,House,Madurai,1390,13500000
2,House,Madurai,1244,22500000
2,House,Madurai,1150,7500000
2,Flat,Madurai,875,4800000
2,House,Madurai,969,18500000
2,Flat,Madurai,965,5000000
3,Flat,Madurai,1500,13000000
2,House,Madurai,800,4300000
2,Villa,Madurai,800,12000000
5,Flat,Madurai,4300,49500000
1,House,Madurai,520,3700000
5,House,Madurai,3400,16000000
3,House,Madurai,1260,12000000
2,House,Madurai,955,6000000
3,Flat,Madurai,1315,8900000
2,House,Madurai,1000,10000000
1,Flat,Madurai,820,4500000
4,House,Madurai,3000,25000000
3,House,Madurai,1500,9000000
3,Flat,Madurai,1530,8000000
3,House,Madurai,1000,9200000
2,Flat,Madurai,3200,11000000
3,Flat,Madurai,1420,11600000
2,House,Madurai,970,5200000
2,Flat,Madurai,1366,9500000
3,Villa,Madurai,1600,9000000
3,House,Madurai,1115,8500000
2,House,Madurai,1410,6900000
4,House,Madurai,1375,9000000
2,House,Madurai,1100,4900000
3,House,Madurai,1750,7659999
2,House,Madurai,1200,7900000
2,House,Madurai,1100,5400000
2,House,Madurai,1100,6850000
2,House,Madurai,600,3800000
4,Villa,Madurai,5000,20000000
1,House,Madurai,1326,4300000
2,House,Madurai,800,5500000
2,Villa,Madurai,1050,5500000
3,House,Madurai,755,18800000
2,House,Madurai,680,5500000
2,House,Madurai,1389,11500000
1,House,Madurai,550,9850000
3,Flat,Madurai,517,8000000
2,House,Madurai,710,4650000
2,House,Madurai,700,15000000
3,Villa,Madurai,1800,12500000
2,Flat,Madurai,1055,6000000
2,House,Madurai,595,6000000
2,House,Madurai,920,4900000
2,Villa,Madurai,1200,5500000
1,House,Madurai,820,3000000
2,House,Madurai,1377,9800000
3,House,Madurai,1100,5200000
2,Villa,Madurai,800,6100000
6,House,Madurai,2036,15500000
4,House,Madurai,2900,13500000
4,House,Madurai,2182,18000000
5,House,Madurai,3500,50000000
4,House,Madurai,600,9000000
2,House,Madurai,1111,6500000
3,House,Madurai,800,5000000
2,House,Madurai,975,5500000
4,House,Madurai,2836,30000000
2,House,Madurai,2675,7500000
3,House,Madurai,650,6500000
3,House,Madurai,3000,8500000
4,House,Madurai,2300,9000000
1,House,Madurai,600,2300000
2,House,Madurai,1840,6500000
6,House,Madurai,1458,17500000
2,House,Madurai,1650,7800000
2,Flat,Madurai,955,6800000
2,Flat,Madurai,1311,8600000
2,House,Madurai,2100,19900000
3,Flat,Madurai,1375,7500000
2,House,Madurai,1500,8500000
2,House,Madurai,1174,6200000
3,House,Madurai,1200,12000000
2,House,Madurai,611,7500000
2,Villa,Madurai,800,6500000
1,House,Madurai,450,2750000
2,House,Madurai,720,5500000
2,Flat,Madurai,1125,6000000
3,Villa,Madurai,160,5700000
3,House,Madurai,1200,6800000
5,House,Madurai,1650,9500000
2,Villa,Madurai,1000,8000000
3,House,Madurai,1875,5130000
2,House,Madurai,700,5500000
1,Flat,Madurai,1200,680000
2,House,Madurai,1500,6300000
2,House,Madurai,1350,6500000
4,Villa,Madurai,2600,12200000
2,Villa,Madurai,1040,5300000
2,House,Madurai,825,5200000
4,House,Madurai,1900,5600000
5,House,Madurai,2068,13000000
2,Flat,Madurai,2465,10500000
2,House,Madurai,3066,16000000
2,Flat,Madurai,1033,8000000
4,House,Madurai,2800,22500000
2,House,Madurai,800,6500000
8,House,Madurai,4000,28800000
2,House,Madurai,2100,9000000
1,House,Madurai,930,9500000
4,House,Madurai,1900,21000000
2,House,Madurai,1050,7400000
2,Flat,Madurai,6682,25000000
2,House,Madurai,1750,6000000
4,House,Madurai,1360,22500000
2,House,Madurai,250,5000000
5,House,Madurai,2006,18500000
2,House,Madurai,1050,15000000
5,House,Madurai,6000,25000000
2,House,Madurai,2750,9500000
3,House,Madurai,700,3000000
2,Flat,Madurai,1400,7500000
2,House,Madurai,1000,5000000
3,House,Madurai,1135,5000000
2,House,Madurai,2071,11000000
1,House,Madurai,1184,10000000
2,Flat,Madurai,900,4600000
3,Flat,Madurai,1900,21000000
4,Flat,Madurai,1541,10800000
5,House,Madurai,1000,8000000
3,House,Madurai,1320,11500000
6,House,Madurai,2100,8500000
3,Villa,Madurai,4792,8500000
3,Flat,Madurai,1500,8500000
3,Flat,Madurai,811,6700000
3,Villa,Madurai,1000,8000000
2,House,Madurai,780,5800000
3,Flat,Madurai,1250,8000000
4,House,Madurai,1500,22000000
4,House,Madurai,1875,11500000
8,House,Madurai,3500,10500000
3,House,Madurai,1500,8700000
2,Flat,Madurai,1106,4900000
3,Flat,Madurai,1150,9500000
4,House,Madurai,1600,7000000
5,Villa,Madurai,5050,500000000
2,House,Madurai,980,7500000
3,House,Madurai,935,7500000
2,House,Madurai,1000,9000000
3,House,Madurai,1980,7000000
3,House,Madurai,2000,14000000
2,House,Madurai,1200,4900000
2,House,Madurai,900,6000000
2,House,Madurai,1395,10000000
4,House,Madurai,2260,15000000
3,House,Madurai,327,15000000
1,House,Madurai,1050,3700000
2,House,Madurai,660,4000000
2,Flat,Madurai,1120,4600000
2,House,Madurai,663,4700000
2,House,Madurai,1050,6300000
3,House,Madurai,1272,5000000
2,House,Madurai,900,20000000
3,Villa,Madurai,1800,8500000
5,House,Madurai,1052,23100000
2,House,Madurai,600,6500000
2,Flat,Madurai,900,7900000
4,House,Madurai,1500,20000000
2,Flat,Madurai,1000,6500000
4,House,Madurai,3500,32500000
2,House,Madurai,1800,18000000
4,Villa,Madurai,750,14500000
4,House,Madurai,1800,6500000
3,House,Madurai,1800,12000000
2,House,Madurai,900,9500000
2,House,Madurai,800,5000000
3,Villa,Madurai,1480,6100000
2,House,Madurai,890,4300000
2,House,Madurai,900,3800000
2,House,Madurai,1000,7500000
3,Flat,Madurai,1304,7500000
5,Villa,Madurai,1550,18000000
2,Flat,Madurai,500,10000000
2,Flat,Madurai,680,3800000
5,House,Madurai,1800,252000000
1,Flat,Madurai,400,1500000
2,Flat,Madurai,1070,6400000
3,House,Madurai,1640,7500000
10,House,Madurai,4500,41000000
3,House,Madurai,1200,650000
2,House,Madurai,1100,5600000
4,House,Madurai,592,4500000
4,House,Madurai,1089,4000000
2,House,Madurai,2300,9800000
2,Flat,Madurai,1000,3500000
3,House,Madurai,2133,15000000
1,House,Madurai,2600,16500000
4,House,Madurai,930,12000000
2,Flat,Madurai,1100,5500000
2,Villa,Madurai,1325,4000000
2,House,Madurai,1070,4950000
2,Flat,Madurai,1057,5800000
2,Villa,Madurai,1100,4500000
3,House,Madurai,3400,18500000
4,House,Madurai,2500,36000000
2,House,Madurai,1150,5700000
3,House,Madurai,1680,9000000
5,House,Madurai,2000,15000000
2,House,Madurai,1100,13000000
3,Villa,Madurai,1600,5000000
3,Flat,Madurai,1270,8500000
1,House,Madurai,1302,3250000
3,House,Madurai,1841,8400000
2,House,Madurai,1150,8000000
2,Flat,Madurai,981,6500000
2,House,Madurai,932,6100000
2,Flat,Madurai,940,6000000
2,House,Madurai,1162,6000000
3,House,Madurai,2380,7500000
2,House,Madurai,1000,5850000
3,House,Madurai,1950,17500000
2,Villa,Madurai,850,6500000
2,House,Madurai,1007,6300000
5,House,Madurai,200,7000000
2,Flat,Madurai,900,4200000
3,House,Madurai,2400,14500000
2,House,Madurai,2500,10000000
3,House,Madurai,3400,55000000
2,House,Madurai,1050,6800000
3,House,Madurai,860,5000000
4,Villa,Madurai,1500,8200000
3,House,Madurai,1700,26000000
1,Flat,Madurai,600,2480000
3,House,Madurai,1750,8900000
2,Flat,Madurai,708,3000000
4,House,Madurai,1100,17000000
4,House,Madurai,2500,32500000
1,Flat,Madurai,1200,180000
2,House,Madurai,1100,6500000
2,House,Madurai,1170,5600000
2,Villa,Madurai,916,4200000
3,Flat,Madurai,1194,6000000
3,Villa,Madurai,1600,8800000
2,House,Madurai,978,3200000
5,House,Madurai,2447,16000000
3,House,Madurai,800,8900000
2,Flat,Madurai,999,4200000
2,Flat,Madurai,852,3200000
2,Flat,Madurai,1250,4500000
3,Flat,Madurai,1076,7700000
8,House,Madurai,4400,30000000
3,House,Madurai,2183,13000000
3,House,Madurai,678,7500000
3,House,Madurai,1980,19000000
6,House,Madurai,1317,21000000
2,Flat,Madurai,850,6000000
1,House,Madurai,1500,8500000
2,House,Madurai,810,6200000
1,House,Madurai,600,2500000
2,House,Madurai,750,9500000
2,House,Madurai,950,4800000
2,House,Madurai,480,6500000
2,Flat,Madurai,1073,4800000
3,Flat,Madurai,1484,7000000
2,Flat,Madurai,675,2500000
2,House,Madurai,1318,7200000
6,Villa,Madurai,3000,18500000
4,Villa,Madurai,4800,18000000
3,House,Madurai,990,6500000
2,House,Madurai,300,12500000
2,Flat,Madurai,850,3500000
3,Flat,Madurai,1680,6000000
1,Flat,Madurai,800,3500000
2,House,Madurai,1495,9000000
2,House,Madurai,1495,7009999
7,House,Madurai,1495,40000000
2,House,Madurai,1495,8300000
4,House,Madurai,1495,10900000
2,Villa,Madurai,1495,5700000
2,House,Madurai,1495,4800000
4,House,Madurai,1495,7000000
2,House,Madurai,1495,45000000
2,Flat,Mangalore,1450,11700000
3,Flat,Mangalore,2074,16200000
2,Flat,Mangalore,1460,11000000
2,Flat,Mangalore,1420,10200000
3,Flat,Mangalore,1650,4100000
3,Flat,Mangalore,1620,11500000
2,Flat,Mangalore,1170,5800000
2,Flat,Mangalore,1390,7000000
4,Flat,Mangalore,1500,4500000
3,House,Mangalore,2053,8500000
2,Flat,Mangalore,800,6200000
3,House,Mangalore,1800,7800000
2,House,Mangalore,650,3200000
2,Flat,Mangalore,1300,4900000
2,Flat,Mangalore,1430,9300000
4,Villa,Mangalore,2256,25000000
2,Flat,Mangalore,1275,4350000
2,Flat,Mangalore,1200,4000000
3,Flat,Mangalore,2100,28100000
2,Flat,Mangalore,1056,4200000
3,Flat,Mangalore,1455,9500000
4,Flat,Mangalore,4180,37600000
3,Flat,Mangalore,1400,10500000
3,House,Mangalore,2050,7500000
5,Villa,Mangalore,4200,42500000
2,House,Mangalore,850,4500000
4,Villa,Mangalore,4200,20000000
2,Flat,Mangalore,1170,4500000
5,Flat,Mangalore,10956,110500000
2,Flat,Mangalore,1225,7200000
2,Flat,Mangalore,1195,8100000
2,Flat,Mangalore,1142,4300000
3,Flat,Mangalore,900,3750000
3,Flat,Mangalore,3100,39500000
2,Flat,Mangalore,1080,4600000
1,Flat,Mangalore,715,4110000
2,House,Mangalore,1100,5000000
2,Flat,Mangalore,1225,7700000
1,House,Mangalore,700,3500000
3,House,Mangalore,1800,9000000
4,Villa,Mangalore,2550,18000000
2,Flat,Mangalore,630,2800000
2,Flat,Mangalore,900,4700000
1,Flat,Mangalore,690,2350000
1,Flat,Mangalore,500,2100000
2,House,Mangalore,1000,4400000
3,Flat,Mangalore,3000,13000000
3,Flat,Mangalore,1165,8200000
3,Flat,Mangalore,1330,5000000
2,Flat,Mangalore,900,4200000
2,Flat,Mangalore,1070,400000
3,Flat,Mangalore,1650,8500000
2,House,Mangalore,1429,7000000
3,Flat,Mangalore,1666,4000000
5,House,Mangalore,2700,36000000
3,House,Mangalore,2170,7000000
2,Flat,Mangalore,1150,4500000
3,Flat,Mangalore,1050,5200000
2,Flat,Mangalore,1200,5000000
2,Flat,Mangalore,1105,6500000
2,House,Mangalore,846,4200000
1,Flat,Mangalore,780,2600000
5,House,Mangalore,2800,14000000
2,Flat,Mangalore,975,5000000
3,Flat,Mangalore,1570,6900000
3,House,Mangalore,2500,12500000
2,Flat,Mangalore,880,2700000
4,Villa,Mangalore,2000,15000000
1,Flat,Mangalore,725,3200000
1,House,Mangalore,5000,6000000
3,Flat,Mangalore,3000,10000000
5,House,Mangalore,2742,14600000
2,Flat,Mangalore,650,2800000
2,Flat,Mangalore,681,4700000
2,Flat,Mangalore,1100,8500000
4,House,Mangalore,3158,12000000
3,House,Mangalore,2000,7200000
2,Flat,Mangalore,1100,4500000
3,Flat,Mangalore,1400,7000000
4,Villa,Mangalore,2875,15000000
3,House,Mangalore,2500,17500000
3,Flat,Mangalore,1200,5000000
3,Villa,Mangalore,2150,12500000
8,House,Mangalore,3048,25000000
2,Flat,Mangalore,998,4600000
2,Flat,Mangalore,800,2000000
3,Flat,Mangalore,1625,11200000
2,Flat,Mangalore,900,4500000
3,Flat,Mangalore,1455,8500000
3,Flat,Mangalore,1570,5500000
3,Flat,Mangalore,1700,9200000
3,House,Mangalore,1250,9000000
2,Flat,Mangalore,870,3100000
3,Flat,Mangalore,1350,8000000
3,Flat,Mangalore,1430,6500000
1,Flat,Mangalore,470,2000000
3,Flat,Mangalore,2200,11500000
2,Flat,Mangalore,1330,5500000
3,Flat,Mangalore,1240,6900000
3,House,Mangalore,1500,5500000
2,Flat,Mangalore,1100,5500000
2,House,Mangalore,700,3500000
3,Flat,Mangalore,1515,7800000
2,Flat,Mangalore,1250,5000000
2,Flat,Mangalore,1240,5500000
3,House,Mangalore,1900,8000000
4,House,Mangalore,2100,9000000
2,House,Mangalore,1200,4300000
4,House,Mangalore,4000,30000000
2,House,Mangalore,1050,10000000
2,Flat,Mangalore,250,3000000
3,House,Mangalore,1826,13000000
3,House,Mangalore,1900,8500000
3,Flat,Mangalore,2000,6900000
5,House,Mangalore,2250,8500000
3,Flat,Mangalore,1550,6200000
3,Flat,Mangalore,1400,5000000
4,Flat,Mangalore,3300,17000000
1,Flat,Mangalore,460,2300000
2,Flat,Mangalore,1500,6800000
3,Villa,Mangalore,220,4800000
4,Villa,Mangalore,3700,12500000
3,Flat,Mangalore,1870,8500000
3,Flat,Mangalore,1585,8900000
2,Flat,Mangalore,1015,4500000
3,House,Mangalore,1759,7500000
5,Villa,Mangalore,4300,18500000
2,Flat,Mangalore,1180,5000000
2,Flat,Mangalore,990,4200000
2,Flat,Mangalore,1185,8500000
2,Flat,Mangalore,1050,5100000
2,Flat,Mangalore,994,3979999
3,Flat,Mangalore,1500,8250000
1,Flat,Mangalore,705,4050000
3,Flat,Mangalore,1370,5690000
2,Flat,Mangalore,1091,5400000
2,Flat,Mangalore,1007,6000000
3,Villa,Mangalore,2600,15000000
2,Flat,Mangalore,1400,6200000
3,Flat,Mangalore,1350,7800000
2,Flat,Mangalore,1200,6000000
2,Flat,Mangalore,850,2400000
2,Flat,Mangalore,919,3000000
2,Flat,Mangalore,1100,3800000
2,House,Mangalore,1000,5990000
2,Flat,Mangalore,825,2700000
2,Flat,Mangalore,875,4500000
2,Flat,Mangalore,1203,4300000
2,Flat,Mangalore,725,5000000
2,Flat,Mangalore,1117,12000000
4,House,Mangalore,1400,17500000
2,Flat,Mangalore,850,3700000
4,House,Mangalore,1750,5000000
2,Flat,Mangalore,806,8200000
2,House,Mangalore,1250,3500000
2,House,Mangalore,1300,5900000
2,Flat,Mangalore,1410,9500000
3,House,Mangalore,1500,6000000
2,House,Mangalore,1000,3500000
2,Flat,Mangalore,700,3500000
2,House,Mangalore,1400,8000000
2,Villa,Mangalore,900,5700000
7,House,Mangalore,2400,5800000
3,House,Mangalore,4000,5800000
4,House,Mangalore,2600,15000000
2,House,Mangalore,1300,2200000
2,Flat,Mangalore,1205,9600000
2,Flat,Mangalore,1345,4000000
3,House,Mangalore,1200,12000000
3,Flat,Mangalore,1470,9000000
1,Flat,Mangalore,650,2800000
3,Flat,Mangalore,1760,12500000
3,Villa,Mangalore,1100,8900000
3,Flat,Mangalore,1522,7900000
2,Flat,Mangalore,1160,10000000
3,Flat,Mangalore,1870,13000000
1,Flat,Mangalore,10000,27500000
2,Flat,Mangalore,1080,4500000
3,Flat,Mangalore,1800,8500000
1,Flat,Mangalore,762,4800000
2,Flat,Mangalore,1000,3000000
1,Flat,Mangalore,645,2800000
2,House,Mangalore,900,3000000
2,House,Mangalore,2614,5600000
3,Flat,Mangalore,1240,6800000
3,Flat,Mangalore,1405,5200000
3,House,Mangalore,1400,6800000
1,Flat,Mangalore,770,4000000
3,House,Mangalore,2500,18500000
2,Flat,Mangalore,980,5600000
3,Flat,Mangalore,1117,6000000
3,House,Mangalore,2300,11500000
3,Flat,Mangalore,1400,4200000
3,Flat,Mangalore,1700,11000000
3,House,Mangalore,1300,4500000
2,Flat,Mangalore,1125,4100000
2,Flat,Mangalore,931,7909999
4,Villa,Mangalore,2500,32000000
3,House,Mangalore,400,4500000
6,House,Mangalore,1500,12500000
3,House,Mangalore,1350,5500000
3,House,Mangalore,1300,7500000
3,Flat,Mangalore,3300,39600000
3,House,Mangalore,1400,5000000
2,Flat,Mangalore,947,3000000
3,House,Mangalore,1500,20000000
2,Flat,Mangalore,1250,6000000
3,Villa,Mangalore,1500,15000000
3,Flat,Mangalore,1690,11900000
1,Flat,Mangalore,927,2450000
2,House,Mangalore,750,4900000
2,House,Mangalore,1100,6500000
2,House,Mangalore,1800,6550000
2,House,Mangalore,950,4700000
3,Flat,Mangalore,1675,7500000
4,Flat,Mangalore,3030,20000000
2,Flat,Mangalore,1160,4500000
2,Flat,Mangalore,750,2500000
2,Flat,Mangalore,1200,4500000
2,Flat,Mangalore,1245,4700000
3,House,Mangalore,1200,6500000
5,Flat,Mangalore,900,12500000
2,House,Mangalore,1416,10000000
6,House,Mangalore,3000,14000000
3,Flat,Mangalore,1630,11000000
1,Flat,Mangalore,450,1800000
2,Flat,Mangalore,1175,8500000
2,Flat,Mangalore,1050,4700000
2,Flat,Mangalore,990,6500000
2,Flat,Mangalore,1300,5000000
3,Flat,Mangalore,1720,8000000
2,Flat,Mangalore,750,1850000
3,House,Mangalore,2200,9800000
3,Flat,Mangalore,1525,6800000
1,Flat,Mangalore,645,2180000
4,Villa,Mangalore,4293,35000000
2,Flat,Mangalore,1300,4000000
4,House,Mangalore,1950,20000000
5,House,Mangalore,2400,12000000
2,Flat,Mangalore,1040,3150000
1,Villa,Mangalore,500,5500000
3,Flat,Mangalore,1836,15000000
2,House,Mangalore,1000,2500000
2,Flat,Mangalore,1275,7300000
5,Villa,Mangalore,4300,20000000
2,Flat,Mangalore,1310,7500000
3,Flat,Mangalore,1485,6000000
3,House,Mangalore,2300,8900000
2,Flat,Mangalore,1150,3800000
3,Flat,Mangalore,1450,4600000
4,Villa,Mangalore,2800,12500000
2,Flat,Mangalore,1100,6700000
2,Flat,Mangalore,918,3600000
3,Flat,Mangalore,1500,3600000
3,House,Mangalore,1078,11000000
2,Flat,Mangalore,1078,6000000
3,House,Mangalore,1078,50000000
2,House,Mangalore,1078,5000000
4,House,Mangalore,1078,18000000
2,House,Mangalore,1078,3500000
6,House,Mangalore,1078,14400000
2,House,Mangalore,1078,6000000
3,House,Mangalore,1078,7500000
3,Villa,Mangalore,1078,50000000
4,Flat,Mumbai,1765,111000000
3,Flat,Mumbai,912,29000000
3,Flat,Mumbai,1114,36800000
1,Flat,Mumbai,380,9690000
2,Flat,Mumbai,624,20400000
2,Flat,Mumbai,684,21400000
2,Flat,Mumbai,950,22300000
1,Flat,Mumbai,440,8240000
2,Flat,Mumbai,645,13300000
3,Flat,Mumbai,1007,29600000
3,Flat,Mumbai,1155,141300000
3,Flat,Mumbai,1350,51300000
3,Flat,Mumbai,1191,44400000
2,Flat,Mumbai,810,31200000
2,Flat,Mumbai,684,11800000
3,Flat,Mumbai,1024,27500000
3,Flat,Mumbai,928,36800000
2,Flat,Mumbai,650,25800000
4,Flat,Mumbai,2295,126199999
3,Flat,Mumbai,953,36400000
4,Flat,Mumbai,1615,64300000
2,Flat,Mumbai,927,25900000
3,Flat,Mumbai,1084,39800000
2,Flat,Mumbai,659,19000000
3,Flat,Mumbai,1411,38000000
4,Flat,Mumbai,1300,65000000
3,Flat,Mumbai,933,30800000
4,Flat,Mumbai,2259,146800000
4,Flat,Mumbai,1533,87000000
2,Flat,Mumbai,791,27599999
4,Flat,Mumbai,2175,82000000
5,Flat,Mumbai,2749,160200000
2,Flat,Mumbai,1040,31000000
4,Flat,Mumbai,997,26900000
2,Flat,Mumbai,632,19200000
3,Flat,Mumbai,1026,28600000
3,Flat,Mumbai,1217,31400000
4,Flat,Mumbai,1846,114200000
4,Flat,Mumbai,1665,53600000
6,Flat,Mumbai,6682,868600000
3,Flat,Mumbai,990,27599999
1,Flat,Mumbai,442,11299999
2,Flat,Mumbai,660,14500000
3,Flat,Mumbai,938,29500000
4,Flat,Mumbai,2525,164100000
4,Flat,Mumbai,1788,61800000
4,Flat,Mumbai,1741,134800000
2,Flat,Mumbai,620,9960000
2,Flat,Mumbai,546,13899999
2,Flat,Mumbai,720,14600000
2,Flat,Mumbai,756,18500000
3,Flat,Mumbai,1127,48500000
1,Flat,Mumbai,460,9500000
3,Flat,Mumbai,1056,53700000
3,Flat,Mumbai,1450,94200000
2,Flat,Mumbai,869,24300000
2,Flat,Mumbai,618,18800000
3,Flat,Mumbai,920,49500000
4,Flat,Mumbai,2250,101500000
3,Flat,Mumbai,990,31600000
2,Flat,Mumbai,738,20200000
2,Flat,Mumbai,728,25099999
2,Flat,Mumbai,769,34600000
3,Flat,Mumbai,1021,56100000
4,Flat,Mumbai,1788,66500000
3,Flat,Mumbai,1140,67000000
4,Flat,Mumbai,1884,102500000
5,Flat,Mumbai,4058,113600000
4,Flat,Mumbai,1624,48700000
2,Flat,Mumbai,672,10300000
3,Flat,Mumbai,1170,44700000
4,Flat,Mumbai,3064,321700000
2,Flat,Mumbai,639,11299999
5,Flat,Mumbai,2749,137400000
4,Flat,Mumbai,2251,115000000
5,Flat,Mumbai,3110,198800000
3,Flat,Mumbai,1065,33500000
4,Flat,Mumbai,1788,64200000
5,Flat,Mumbai,2500,108500000
3,Flat,Mumbai,1155,29200000
4,Flat,Mumbai,2175,83699999
3,Flat,Mumbai,1062,50100000
3,Flat,Mumbai,1140,58000000
3,Flat,Mumbai,976,54600000
2,Flat,Mumbai,781,26100000
2,Flat,Mumbai,758,23800000
1,Flat,Mumbai,453,15000000
4,Flat,Mumbai,1835,53099999
2,Flat,Mumbai,773,22799999
2,Flat,Mumbai,672,20400000
2,Flat,Mumbai,864,20299999
3,Flat,Mumbai,1457,43000000
1,Flat,Mumbai,391,13899999
6,Flat,Mumbai,2146,98500000
4,Flat,Mumbai,1356,62400000
4,Flat,Mumbai,1137,32100000
3,Flat,Mumbai,801,21200000
3,Flat,Mumbai,1255,56400000
2,Flat,Mumbai,576,13300000
3,Flat,Mumbai,809,27799999
2,Flat,Mumbai,616,9900000
4,Flat,Mumbai,3700,234100000
4,Flat,Mumbai,2276,150200000
3,Flat,Mumbai,876,22700000
2,Flat,Mumbai,634,17700000
2,Flat,Mumbai,663,13500000
3,Flat,Mumbai,1026,27100000
3,Flat,Mumbai,1338,93600000
3,Flat,Mumbai,920,50000000
4,Flat,Mumbai,1656,74200000
2,Flat,Mumbai,854,26400000
2,Flat,Mumbai,569,9070000
4,Flat,Mumbai,1699,76400000
3,Flat,Mumbai,1325,63400000
3,Flat,Mumbai,900,18300000
3,Flat,Mumbai,1049,28400000
2,Flat,Mumbai,620,10800000
2,Flat,Muzaffarpur,668,4500000
3,Flat,Muzaffarpur,1365,7780000
2,Flat,Muzaffarpur,750,4300000
2,Flat,Muzaffarpur,1023,5420000
3,Flat,Muzaffarpur,1200,8000000
2,House,Muzaffarpur,680,7500000
3,Flat,Muzaffarpur,1020,6600000
3,Flat,Muzaffarpur,1279,6750000
3,Flat,Muzaffarpur,1220,7500000
3,Flat,Muzaffarpur,1614,10000000
2,House,Muzaffarpur,200,4000000
3,Villa,Muzaffarpur,2200,50000000
2,Flat,Muzaffarpur,700,1650000
2,Flat,Muzaffarpur,1375,5500000
3,House,Muzaffarpur,1100,2500000
3,House,Muzaffarpur,800,4000000
2,Flat,Muzaffarpur,1187,4800000
2,Flat,Muzaffarpur,1000,4000000
2,House,Muzaffarpur,950,4500000
3,Flat,Muzaffarpur,1605,6549866
2,House,Muzaffarpur,950,6549866
3,Flat,Muzaffarpur,3300,6549866
3,Flat,Muzaffarpur,1258,7170000
2,Flat,Muzaffarpur,880,5900000
2,Flat,Muzaffarpur,931,4930000
2,Flat,Muzaffarpur,1071,6100000
3,Flat,Muzaffarpur,1300,7900000
3,Flat,Muzaffarpur,1345,7130000
2,Flat,Muzaffarpur,1049,5980000
2,Flat,Muzaffarpur,685,4390000
3,Flat,Muzaffarpur,1306,6920000
2,Flat,Muzaffarpur,1037,5910000
3,Flat,Muzaffarpur,900,6770000
3,Flat,Muzaffarpur,1325,7020000
2,Flat,Muzaffarpur,1023,5830000
3,Flat,Muzaffarpur,1300,6890000
2,Flat,Muzaffarpur,865,4580000
2,Flat,Mysore,1650,18500000
1,Flat,Mysore,928,6250000
4,House,Mysore,1100,8900000
3,House,Mysore,2000,15500000
2,Flat,Mysore,987,6900000
5,Villa,Mysore,1850,13000000
1,Flat,Mysore,1800,15000000
2,Flat,Mysore,900,7800000
4,Flat,Mysore,1535,10000000
4,House,Mysore,600,7500000
1,Villa,Mysore,800,3600000
4,House,Mysore,600,5200000
3,House,Mysore,1350,16900000
3,Villa,Mysore,2200,14500000
1,House,Mysore,2500,18500000
5,Flat,Mysore,2262,16000000
3,Flat,Mysore,1050,6100000
3,Flat,Mysore,1104,7350000
5,Flat,Mysore,900,6000000
4,Villa,Mysore,1850,8000000
1,Flat,Mysore,1070,5200000
2,Flat,Mysore,1000,11000000
5,Flat,Mysore,1800,7500000
2,Flat,Mysore,1707,9800000
5,House,Mysore,600,5400000
3,House,Mysore,720,6500000
3,House,Mysore,2000,19000000
5,House,Mysore,1988,20000000
5,House,Mysore,1400,12500000
5,Flat,Mysore,804,7240000
2,House,Mysore,800,8900000
4,House,Mysore,2100,18000000
2,House,Mysore,1200,17200000
3,Flat,Mysore,700,5800000
1,Flat,Mysore,1800,6800000
5,House,Mysore,1800,9500000
3,House,Mysore,2400,47500000
4,Villa,Mysore,3000,16299999
1,Villa,Mysore,2000,22000000
4,Flat,Mysore,850,5000000
5,Flat,Mysore,1100,7900000
3,House,Mysore,494,3300000
4,House,Mysore,2100,14500000
5,House,Mysore,2500,31000000
2,House,Mysore,3800,32500000
5,Flat,Mysore,1290,7100000
4,Flat,Mysore,900,5800000
3,House,Mysore,2000,12500000
5,House,Mysore,1200,12500000
5,Flat,Mysore,1225,8300000
3,Flat,Mysore,966,11800000
4,House,Mysore,1200,9500000
5,House,Mysore,1100,18500000
1,House,Mysore,1200,16000000
2,House,Mysore,3500,25000000
2,Flat,Mysore,1392,11000000
5,Flat,Mysore,950,5700000
3,House,Mysore,3100,21000000
2,House,Mysore,3600,19500000
5,Flat,Mysore,1250,10900000
1,Flat,Mysore,620,5800000
5,House,Mysore,1200,15500000
2,Flat,Mysore,1410,12500000
2,House,Mysore,450,9000000
2,House,Mysore,1200,10000000
2,Villa,Mysore,1100,14500000
2,House,Mysore,3400,14100000
3,Flat,Mysore,1285,6500000
3,Flat,Mysore,1650,12500000
4,House,Mysore,600,7509999
4,House,Mysore,1000,4170000
5,Flat,Mysore,1670,15000000
3,House,Mysore,3192,32000000
2,House,Mysore,1000,8000000
5,Flat,Mysore,1930,29500000
1,Villa,Mysore,1830,13500000
5,Flat,Mysore,1250,17500000
4,House,Mysore,1200,31000000
1,Villa,Mysore,2250,50400000
3,Flat,Mysore,1000,6200000
3,House,Mysore,1079,20000000
3,House,Mysore,4000,60000000
2,House,Mysore,3000,18500000
1,House,Mysore,800,16000000
3,House,Mysore,1800,32799999
2,House,Mysore,2400,21500000
1,House,Mysore,600,7300000
2,House,Mysore,1200,8200000
2,House,Mysore,1300,12500000
2,Flat,Mysore,1580,11900000
4,Flat,Mysore,1870,11000000
1,House,Mysore,1200,8800000
3,House,Mysore,600,8900000
5,House,Mysore,2743,27500000
3,Flat,Mysore,2294,11200000
2,Villa,Mysore,2200,21500000
4,House,Mysore,2400,22500000
3,House,Mysore,1400,7900000
5,House,Mysore,2000,13000000
5,Flat,Mysore,1260,8500000
4,Flat,Mysore,1100,4680000
2,House,Mysore,1900,14800000
1,House,Mysore,1900,7920000
5,House,Mysore,2800,11600000
5,Flat,Mysore,880,5200000
5,House,Mysore,3300,35000000
2,Flat,Mysore,1307,7300000
1,House,Mysore,1200,18000000
5,House,Mysore,2100,12500000
3,House,Mysore,2150,14700000
1,Flat,Mysore,1287,7720000
2,House,Mysore,700,6900000
2,House,Mysore,2400,10000000
1,Flat,Mysore,2000,12000000
1,House,Mysore,1200,14500000
4,House,Mysore,1300,28500000
1,House,Mysore,1200,6500000
1,House,Mysore,600,9000000
1,Flat,Mysore,2010,15000000
1,Flat,Mysore,990,6000000
5,House,Mysore,1650,12500000
4,Flat,Mysore,2000,12000000
5,House,Mysore,962,8500000
5,House,Mysore,1440,20500000
5,Flat,Mysore,652,6500000
2,Flat,Mysore,1000,5000000
2,House,Mysore,3192,32000000
3,House,Mysore,600,8500000
4,House,Mysore,1986,5500000
5,Villa,Mysore,1986,4500000
2,Flat,Mysore,1376,18000000
1,Villa,Mysore,700,20299999
1,Villa,Mysore,3800,32500000
4,Villa,Mysore,1900,20000000
3,House,Mysore,4848,40000000
2,Flat,Mysore,1472,8100000
5,Flat,Mysore,338,2400000
2,Flat,Mysore,1700,16000000
2,Flat,Mysore,1250,8000000
4,House,Mysore,4087,408700000
5,House,Mysore,2400,34000000
3,Villa,Mysore,850,7500000
3,House,Mysore,1200,120000
1,House,Mysore,1400,10500000
5,House,Mysore,1250,13500000
5,House,Mysore,1500,13000000
5,House,Mysore,600,7000000
3,House,Mysore,2400,15000000
1,Flat,Mysore,1200,6500000
4,House,Mysore,1300,14900000
5,House,Mysore,1450,8000000
1,House,Mysore,2200,16200000
4,House,Mysore,3200,30000000
2,House,Mysore,1500,16000000
5,Villa,Mysore,1500,17500000
2,House,Mysore,1200,13000000
5,House,Mysore,550,8000000
5,Flat,Mysore,960,5000000
2,Flat,Mysore,3000,10500000
4,House,Mysore,2400,15000000
4,Flat,Mysore,1310,9830000
1,Flat,Mysore,1659,9000000
1,House,Mysore,600,8500000
3,Flat,Mysore,1200,25000000
5,House,Mysore,1585,9800000
1,House,Mysore,975,11000000
2,House,Mysore,1900,14500000
1,House,Mysore,594,13000000
5,Villa,Mysore,2000,15500000
2,House,Mysore,400,7800000
4,House,Mysore,1500,16500000
3,House,Mysore,600,4700000
5,House,Mysore,1200,180000
5,House,Mysore,1200,12600000
4,Flat,Mysore,1576,9900000
1,House,Mysore,4000,65000000
2,House,Mysore,4500,65000000
1,Flat,Mysore,950,4500000
3,House,Mysore,1200,8300000
5,House,Mysore,1200,14000000
4,Flat,Mysore,1200,570000
4,House,Mysore,1200,13000000
2,House,Mysore,2400,13000000
1,Flat,Mysore,1000,6700000
1,Flat,Mysore,1070,5500000
3,House,Mysore,1650,8500000
2,Flat,Mysore,550,4200000
3,House,Mysore,2800,23000000
1,Flat,Mysore,1122,5900000
3,House,Mysore,1720,16000000
3,Flat,Mysore,930,7500000
1,Flat,Mysore,2000,22000000
2,Villa,Mysore,800,3000000
4,Flat,Mysore,1200,10000000
3,House,Mysore,2400,30000000
2,House,Mysore,1600,30000000
5,Flat,Mysore,890,3120000
2,House,Mysore,600,6500000
5,Flat,Mysore,1038,6000000
5,House,Mysore,2320,23000000
4,Flat,Mysore,1200,14500000
1,House,Mysore,1600,16000000
5,Flat,Mysore,1200,5000000
3,House,Mysore,1092,15000000
5,House,Mysore,1300,6759999
3,House,Mysore,2511,27500000
4,House,Mysore,2500,17500000
5,House,Mysore,1200,6000000
4,Flat,Mysore,941,4000000
5,Flat,Mysore,1650,9200000
2,House,Mysore,1200,20000000
3,House,Mysore,2600,32000000
1,Flat,Mysore,1650,14500000
4,House,Mysore,1200,12000000
5,House,Mysore,2000,48000000
3,House,Mysore,2000,38000000
3,House,Mysore,2300,26000000
4,House,Mysore,1200,11500000
2,House,Mysore,1500,22500000
5,Villa,Mysore,2400,27500000
1,House,Mysore,1600,8200000
1,House,Mysore,2000,30000000
1,House,Mysore,1200,7800000
4,Flat,Mysore,1180,7300000
5,House,Mysore,1200,13500000
1,House,Mysore,900,8500000
1,House,Mysore,800,8300000
1,House,Mysore,1200,6000000
3,Flat,Mysore,800,4200000
1,House,Mysore,1200,12000000
2,Flat,Mysore,950,5800000
4,House,Mysore,1500,19000000
2,Villa,Mysore,3000,10000000
4,House,Mysore,2200,25000000
1,Flat,Mysore,4000,30000000
1,House,Mysore,3000,15500000
1,House,Mysore,2400,29000000
5,House,Mysore,4100,18300000
2,House,Mysore,600,7200000
3,House,Mysore,1200,14000000
1,House,Mysore,2400,27500000
2,House,Mysore,400,7500000
5,House,Mysore,1120,15000000
1,Flat,Mysore,1180,12000000
3,Flat,Mysore,1283,8500000
3,House,Mysore,1200,10000000
2,Flat,Mysore,799,7600000
1,House,Mysore,1200,9500000
1,House,Mysore,1440,12500000
5,Villa,Mysore,1850,8500000
3,House,Mysore,230,2500000
4,House,Mysore,1200,15000000
4,House,Mysore,990,6500000
1,Flat,Mysore,2335,11500000
4,Flat,Mysore,100,9800000
2,Flat,Mysore,1728,8700000
3,House,Mysore,900,11000000
2,Flat,Mysore,1986,39000000
3,House,Mysore,1100,8200000
1,House,Mysore,600,7900000
1,Flat,Mysore,1000,7000000
3,Flat,Mysore,1200,18500000
2,Flat,Mysore,1986,11000000
1,Flat,Mysore,1986,11000000
3,Flat,Nagpur,1686,7909999
2,Flat,Nagpur,1398,5940000
2,Flat,Nagpur,1045,3400000
3,Flat,Nagpur,1965,9430000
3,Flat,Nagpur,1625,6800000
3,Flat,Nagpur,1385,8000000
3,Flat,Nagpur,1633,7350000
3,Flat,Nagpur,1886,8490000
3,Flat,Nagpur,1400,5390000
3,Flat,Nagpur,1380,9000000
3,Flat,Nagpur,1592,8600000
3,Flat,Nagpur,1490,6200000
3,Flat,Nagpur,1349,4860000
3,Flat,Nagpur,1557,17100000
2,Flat,Nagpur,1071,4820000
3,Flat,Nagpur,1798,8090000
3,Flat,Nagpur,2117,9530000
3,Flat,Nagpur,1150,6200000
3,Flat,Nagpur,1172,5900000
2,Flat,Nagpur,810,5000000
3,Flat,Nagpur,1500,6500000
2,Flat,Nagpur,805,3030000
2,Flat,Nagpur,1274,5100000
3,Flat,Nagpur,1100,9000000
3,Flat,Nagpur,1550,9500000
3,Flat,Nagpur,1192,9500000
2,Flat,Nagpur,940,7900000
3,Flat,Nagpur,1521,13200000
2,Flat,Nagpur,1000,3500000
2,Flat,Nagpur,1000,5800000
2,Flat,Nagpur,650,4150000
3,Flat,Nagpur,1223,11900000
4,Flat,Nagpur,2650,19800000
2,Flat,Nagpur,900,4500000
3,Flat,Nagpur,948,6500000
2,Flat,Nagpur,750,3000000
2,Flat,Nagpur,590,4500000
3,Flat,Nagpur,1145,7209999
3,Flat,Nagpur,1546,6500000
2,Flat,Nagpur,1065,4200000
2,Flat,Nagpur,550,3900000
2,Flat,Nagpur,1090,4900000
3,House,Nagpur,2000,8000000
2,Flat,Nagpur,1900,4000000
2,Flat,Nagpur,870,6030000
2,Flat,Nagpur,1100,6000000
3,Flat,Nagpur,1703,12000000
4,Flat,Nagpur,2200,13500000
2,Flat,Nagpur,1060,3400000
1,Flat,Nagpur,450,2000000
2,Flat,Nagpur,700,3300000
1,House,Nagpur,400,2200000
3,Flat,Nagpur,1250,5000000
2,Flat,Nagpur,940,4500000
3,Flat,Nagpur,972,16000000
3,Flat,Nagpur,1350,6600000
3,Flat,Nagpur,1100,7000000
2,Flat,Nagpur,648,4500000
3,Flat,Nagpur,1180,7250000
2,Flat,Nagpur,900,4800000
3,House,Nagpur,1255,9000000
2,Flat,Nagpur,1400,5950000
3,Flat,Nagpur,1650,23500000
3,Flat,Nagpur,1100,12100000
2,Flat,Nagpur,1187,7000000
2,Flat,Nagpur,850,4500000
3,Flat,Nagpur,1400,6500000
3,Flat,Nagpur,1250,4500000
2,Flat,Nagpur,830,7000000
3,Flat,Nagpur,1800,8500000
2,Flat,Nagpur,1000,2800000
3,Flat,Nagpur,1200,6330000
3,Flat,Nagpur,1276,6500000
3,Flat,Nagpur,1050,6000000
4,Flat,Nagpur,1986,15500000
3,Flat,Nagpur,1500,7500000
2,House,Nagpur,1500,6000000
3,Flat,Nagpur,1495,9100000
2,Flat,Nagpur,1264,5600000
3,Flat,Nagpur,1450,20500000
2,Flat,Nagpur,800,5000000
2,Flat,Nagpur,960,4500000
3,Flat,Nagpur,1000,7300000
3,Flat,Nagpur,1800,10500000
3,Flat,Nagpur,909,4900000
2,Flat,Nagpur,650,2300000
3,House,Nagpur,2300,10000000
2,Flat,Nagpur,882,5360000
1,Flat,Nagpur,600,2000000
4,Flat,Nagpur,2200,37500000
3,House,Nagpur,800,4300000
2,Flat,Nagpur,1403,6300000
3,Flat,Nagpur,1500,18000000
2,Flat,Nagpur,650,3800000
3,Flat,Nagpur,950,6000000
2,Flat,Nagpur,1000,4200000
2,Flat,Nagpur,900,4200000
2,Flat,Nagpur,744,6000000
2,Flat,Nagpur,650,7500000
2,Flat,Nagpur,720,4000000
3,Flat,Nagpur,2000,15000000
2,Flat,Nagpur,1165,6500000
2,Flat,Nagpur,700,4500000
3,Flat,Nagpur,878,3200000
2,Flat,Nagpur,850,7500000
2,Flat,Nagpur,700,3500000
2,Flat,Nagpur,950,8000000
2,Flat,Nagpur,600,3200000
2,Flat,Nagpur,800,3900000
3,Flat,Nagpur,1370,11500000
2,Flat,Nagpur,800,4930000
2,Flat,Nagpur,1140,3600000
2,Flat,Nagpur,1250,5400000
2,Flat,Nagpur,870,5400000
2,Flat,Nagpur,1390,6500000
2,Flat,Nagpur,1050,3500000
3,Flat,Nagpur,1296,12500000
2,Flat,Nagpur,650,2800000
2,Flat,Nagpur,844,4500000
2,Flat,Nagpur,1189,4950000
2,Flat,Nagpur,1189,3590000
2,Flat,Nagpur,1189,4700000
6,House,Nagpur,3499,17500000
2,House,Nagpur,850,3000000
3,Flat,Nagpur,750,4500000
2,Flat,Nagpur,750,2750000
2,Flat,Nagpur,750,2800000
3,Flat,Nagpur,1200,6200000
3,Flat,Nagpur,1250,6800000
3,Flat,Nagpur,1380,8250000
2,Flat,Nagpur,1305,4440000
2,Flat,Nagpur,650,2500000
2,Flat,Nagpur,782,4129999
2,Flat,Nagpur,656,3700000
3,Flat,Nagpur,928,4910000
3,Flat,Nagpur,1623,6800000
3,Flat,Nagpur,1780,11900000
3,Flat,Nagpur,1300,18500000
2,Flat,Nagpur,900,8700000
2,Flat,Nagpur,750,5200000
3,Flat,Nagpur,1000,11200000
3,Flat,Nagpur,1400,11800000
3,Flat,Nagpur,947,6800000
3,Flat,Nagpur,1100,19800000
2,House,Nagpur,900,3200000
3,Flat,Nagpur,825,7800000
3,Flat,Nagpur,1200,4500000
2,Flat,Nagpur,750,3700000
2,Flat,Nagpur,850,4000000
2,Flat,Nagpur,825,4100000
3,Flat,Nagpur,945,5900000
3,Flat,Nagpur,1350,28000000
3,Flat,Nagpur,1350,8500000
4,Flat,Nagpur,3200,36100000
3,Flat,Nagpur,1980,11100000
2,Flat,Nagpur,1250,5600000
4,House,Nagpur,3000,23000000
3,Flat,Nagpur,2113,6800000
2,Flat,Nagpur,860,3500000
2,Flat,Nagpur,525,3500000
3,House,Nagpur,1250,8000000
2,House,Nagpur,1424,4930000
2,Flat,Nagpur,1060,4200000
3,Flat,Nagpur,1100,6500000
3,House,Nagpur,2000,9100000
3,Flat,Nagpur,1500,8500000
3,Flat,Nagpur,1000,15000000
2,Flat,Nagpur,900,4600000
3,Flat,Nagpur,1690,12500000
4,Flat,Nagpur,2000,19900000
2,Flat,Nagpur,1100,4000000
3,Flat,Nagpur,2300,16500000
3,Flat,Nagpur,1100,6000000
3,Flat,Nagpur,785,6000000
2,Flat,Nagpur,1300,7100000
2,Flat,Nagpur,800,4500000
3,Flat,Nagpur,1500,10000000
2,Flat,Nagpur,830,3320000
3,Flat,Nagpur,1250,3500000
2,Flat,Nagpur,780,5850000
3,Flat,Nagpur,1300,5500000
3,Flat,Nagpur,1175,8500000
3,Flat,Nagpur,2020,12500000
3,Flat,Nagpur,1550,8500000
2,Flat,Nagpur,900,4000000
3,Flat,Nagpur,1400,7000000
3,Flat,Nagpur,1500,3800000
2,Flat,Nagpur,1180,9000000
2,Flat,Nagpur,975,4000000
3,House,Nagpur,510,4500000
2,Flat,Nagpur,571,4500000
2,Flat,Nagpur,722,2600000
2,Flat,Nagpur,1398,6290000
3,Flat,Nagpur,650,5200000
2,Flat,Nagpur,591,2900000
1,Flat,Nagpur,450,1700000
5,House,Nagpur,2300,12700000
4,Flat,Nagpur,2100,12500000
2,Flat,Nagpur,1326,5960000
2,Flat,Nagpur,605,1800000
2,Flat,Nagpur,940,3000000
1,Flat,Nagpur,450,1500000
2,Flat,Nagpur,945,4000000
2,Flat,Nagpur,950,3200000
2,Flat,Nagpur,965,3650000
3,Flat,Nagpur,960,6700000
2,Flat,Nagpur,935,1750000
3,Flat,Nagpur,1800,7190000
2,Flat,Nagpur,1014,5600000
2,House,Nagpur,1150,4500000
2,House,Nagpur,1500,13500000
2,Flat,Nagpur,720,2880000
2,House,Nagpur,1800,9000000
3,Flat,Nagpur,1150,4590000
3,Flat,Nagpur,1200,9500000
3,Flat,Nagpur,1200,8000000
2,Flat,Nagpur,850,3250000
2,House,Nagpur,735,4300000
3,Flat,Nagpur,1550,7600000
2,Flat,Nagpur,625,2400000
2,Flat,Nagpur,890,3700000
3,Flat,Nagpur,800,6800000
2,Flat,Nagpur,550,2980000
3,House,Nagpur,1500,8000000
2,Flat,Nagpur,852,10000000
3,Flat,Nagpur,1650,7900000
2,Flat,Nagpur,1080,5200000
2,House,Nagpur,700,3600000
3,Flat,Nagpur,992,6000000
2,Flat,Nagpur,678,4400000
3,Flat,Nagpur,910,9100000
2,Flat,Nagpur,756,3500000
2,Flat,Nagpur,570,4500000
3,Flat,Nagpur,1560,14500000
2,House,Nagpur,1500,4000000
2,Flat,Nagpur,625,3500000
2,Flat,Nagpur,1080,6200000
2,Flat,Nagpur,800,6000000
2,Flat,Nagpur,691,4200000
2,Flat,Nagpur,1250,6000000
2,Flat,Nagpur,980,2900000
4,Villa,Nagpur,800,3800000
2,Flat,Nagpur,1189,4500000
3,Flat,Nagpur,1189,5990000
2,Flat,Nagpur,1189,4600000
6,House,Nagpur,2000,20000000
2,Flat,Nagpur,750,4600000
2,Flat,Nagpur,1050,4200000
4,Villa,Nagpur,2234,7280000
3,Villa,Nagpur,1173,5000000
4,Villa,Nagpur,2200,28000000
3,Villa,Nagpur,1314,8500000
4,Villa,Nagpur,2705,28000000
3,Villa,Nagpur,1500,5900000
3,Villa,Nagpur,2050,10800000
3,Villa,Nagpur,2085,10300000
3,Villa,Nagpur,1300,18500000
3,Villa,Nagpur,3000,19500000
4,Villa,Nagpur,1330,16000000
4,Villa,Nagpur,1700,19000000
3,Villa,Nagpur,1150,3800000
4,Villa,Nagpur,1750,9800000
3,Villa,Nagpur,1500,12500000
4,Villa,Nagpur,1450,13000000
3,Flat,NewDelhi,1315,28000000
3,Flat,NewDelhi,1315,55000000
3,Flat,NewDelhi,1315,21000000
3,Flat,NewDelhi,1315,4200000
3,Flat,NewDelhi,1315,11500000
3,Flat,NewDelhi,1315,13000000
3,Flat,NewDelhi,1315,29500000
3,Flat,NewDelhi,1315,24000000
3,Flat,NewDelhi,3300,62900000
3,Flat,NewDelhi,2306,69200000
2,Flat,NewDelhi,1732,45500000
3,Flat,NewDelhi,3685,93100000
2,Flat,NewDelhi,900,7500000
3,Flat,NewDelhi,1872,62500000
3,Flat,NewDelhi,1872,52500000
3,Flat,NewDelhi,1980,45000000
3,House,NewDelhi,1250,18500000
3,Flat,NewDelhi,1800,75000000
3,Flat,NewDelhi,1300,26500000
3,Flat,NewDelhi,900,9000000
3,Flat,NewDelhi,650,8200000
3,Flat,NewDelhi,1953,65000000
3,Flat,NewDelhi,1900,56000000
3,Flat,NewDelhi,1950,31000000
3,Flat,NewDelhi,1500,26500000
2,Flat,NewDelhi,680,3600000
3,Flat,NewDelhi,1500,21400000
2,Flat,NewDelhi,1550,36200000
3,Flat,NewDelhi,800,9000000
3,Flat,NewDelhi,1800,28200000
3,Flat,NewDelhi,1872,55000000
3,Flat,NewDelhi,1500,26700000
3,Flat,NewDelhi,1200,14000000
2,Flat,NewDelhi,700,4500000
3,Flat,NewDelhi,900,5700000
3,Flat,NewDelhi,1600,37500000
2,Flat,NewDelhi,810,5400000
3,Flat,NewDelhi,1650,31500000
3,Flat,NewDelhi,1800,35000000
3,Flat,NewDelhi,1300,12400000
3,Flat,NewDelhi,1400,23500000
3,Flat,NewDelhi,2925,77000000
3,Flat,NewDelhi,1500,28000000
3,Flat,NewDelhi,1650,90000000
3,Flat,NewDelhi,1650,36500000
3,Flat,NewDelhi,800,11500000
2,Flat,NewDelhi,1150,26000000
3,Flat,NewDelhi,1850,28100000
3,Flat,NewDelhi,810,6800000
3,Flat,NewDelhi,1100,14500000
3,Flat,NewDelhi,1300,50000000
2,Flat,NewDelhi,900,6000000
3,Flat,NewDelhi,1000,7200000
3,Flat,NewDelhi,1710,29000000
2,Flat,NewDelhi,800,11000000
3,Flat,NewDelhi,1489,24500000
2,Flat,NewDelhi,1000,18500000
3,Flat,NewDelhi,1400,55000000
3,Flat,NewDelhi,1600,23000000
2,Flat,NewDelhi,850,9500000
3,Flat,NewDelhi,1700,25400000
3,Flat,NewDelhi,1075,6600000
3,Flat,NewDelhi,1200,9600000
3,Flat,NewDelhi,1000,7000000
3,Flat,NewDelhi,3000,37000000
3,Flat,NewDelhi,1600,27200000
3,Flat,NewDelhi,960,16500000
3,Flat,NewDelhi,1000,6500000
3,Flat,NewDelhi,1800,55000000
3,Flat,NewDelhi,1872,75000000
3,Flat,NewDelhi,2520,53500000
3,Flat,NewDelhi,1600,27500000
3,Flat,NewDelhi,870,21500000
3,Flat,NewDelhi,1872,51500000
3,Flat,NewDelhi,1700,37000000
3,Flat,NewDelhi,1350,9500000
3,Flat,NewDelhi,1800,50000000
3,Flat,NewDelhi,2000,37000000
3,Flat,NewDelhi,1600,60000000
3,Flat,NewDelhi,1650,24000000
3,Flat,NewDelhi,2200,31500000
2,Flat,NewDelhi,850,16500000
3,Flat,NewDelhi,1600,25200000
3,Villa,NewDelhi,3000,200000000
3,Flat,NewDelhi,1400,49000000
3,Flat,NewDelhi,2100,145000000
3,Flat,NewDelhi,1250,30000000
3,Flat,NewDelhi,1700,42500000
3,Flat,NewDelhi,1700,24500000
2,Flat,NewDelhi,1000,15800000
3,Flat,NewDelhi,1600,24000000
3,Flat,NewDelhi,1500,23500000
3,Flat,NewDelhi,1400,24000000
3,Flat,NewDelhi,1900,28400000
3,Flat,NewDelhi,1800,22000000
3,Flat,NewDelhi,1935,29000000
3,Flat,NewDelhi,1600,26500000
2,Flat,NewDelhi,749,14500000
3,Flat,NewDelhi,900,8200000
3,Flat,NewDelhi,4200,235000000
3,Flat,NewDelhi,1900,47500000
2,Flat,NewDelhi,450,2500000
3,Flat,NewDelhi,2400,66500000
2,Flat,NewDelhi,800,13000000
3,Flat,NewDelhi,1500,33500000
3,Flat,NewDelhi,2160,55000000
3,Flat,NewDelhi,1250,60800000
3,Flat,NewDelhi,2280,60000000
3,Flat,NewDelhi,1400,21000000
3,Flat,NewDelhi,810,6000000
3,Flat,NewDelhi,1350,18000000
3,Flat,NewDelhi,1300,29000000
3,Flat,NewDelhi,1250,38000000
3,Flat,NewDelhi,2701,67500000
3,Flat,NewDelhi,2900,50000000
2,Flat,NewDelhi,600,8000000
3,Flat,NewDelhi,119,8200000
3,Flat,NewDelhi,1425,23800000
2,Flat,NewDelhi,750,7500000
3,Flat,NewDelhi,1600,23800000
2,Flat,NewDelhi,600,5300000
2,Flat,NewDelhi,590,4700000
3,Flat,NewDelhi,1665,33000000
2,Flat,NewDelhi,1100,16500000
2,Flat,NewDelhi,713,6500000
3,Flat,NewDelhi,950,4500000
3,Flat,NewDelhi,2195,71000000
3,Flat,NewDelhi,1658,26500000
3,Flat,NewDelhi,1500,23800000
3,Flat,NewDelhi,730,23000000
3,Flat,NewDelhi,1400,23800000
3,Flat,NewDelhi,1600,21000000
3,Flat,NewDelhi,900,8500000
3,Flat,NewDelhi,1710,36000000
3,Flat,NewDelhi,800,8000000
3,Flat,NewDelhi,1080,21000000
2,Flat,NewDelhi,800,5200000
3,Flat,NewDelhi,2300,63000000
3,Flat,NewDelhi,1300,17500000
3,Flat,NewDelhi,1700,27900000
3,Flat,NewDelhi,1400,25000000
3,Flat,NewDelhi,600,7500000
2,Flat,NewDelhi,668,4000000
3,Flat,NewDelhi,1750,47500000
3,Flat,NewDelhi,2500,59900000
3,Flat,NewDelhi,2000,265000000
2,Flat,NewDelhi,1700,7500000
2,Flat,NewDelhi,500,2450000
2,Flat,NewDelhi,450,1900000
2,Flat,NewDelhi,534,3000000
3,Flat,NewDelhi,2700,95000000
3,Flat,NewDelhi,1560,28900000
2,Flat,NewDelhi,900,15000000
3,Flat,NewDelhi,1600,48000000
3,Flat,NewDelhi,1250,22500000
3,Flat,NewDelhi,1150,22500000
2,Flat,NewDelhi,2272,50000000
2,Flat,NewDelhi,450,2200000
3,Flat,NewDelhi,1200,12000000
2,Flat,NewDelhi,675,2500000
3,Flat,NewDelhi,1700,34100000
3,House,NewDelhi,1250,55000000
2,Flat,NewDelhi,1387,24500000
2,Flat,NewDelhi,630,3000000
3,House,NewDelhi,1860,10000000
3,Flat,NewDelhi,750,4100000
3,Flat,NewDelhi,1250,20000000
2,Flat,NewDelhi,430,2450000
3,Flat,NewDelhi,1500,32500000
3,Flat,NewDelhi,1050,7200000
3,Flat,NewDelhi,1000,14000000
3,Flat,NewDelhi,750,5200000
3,House,NewDelhi,1300,25000000
3,Flat,NewDelhi,950,21800000
3,Flat,NewDelhi,1400,44000000
3,Flat,NewDelhi,1400,70000000
3,Flat,NewDelhi,990,7500000
3,Flat,NewDelhi,1650,24900000
3,Flat,NewDelhi,900,13000000
3,Flat,NewDelhi,1350,6500000
3,Flat,NewDelhi,900,18000000
3,Flat,NewDelhi,2250,90000000
3,Flat,NewDelhi,1000,37500000
3,Flat,NewDelhi,890,6000000
3,Flat,NewDelhi,1950,23000000
2,Flat,NewDelhi,1111,7500000
3,Flat,NewDelhi,1710,51000000
3,Flat,NewDelhi,1440,29000000
2,Flat,NewDelhi,1300,18000000
3,Flat,NewDelhi,1800,37500000
3,House,NewDelhi,1500,27000000
3,Flat,NewDelhi,990,5150000
3,Flat,NewDelhi,1500,12000000
2,Flat,NewDelhi,612,3200000
3,Flat,NewDelhi,900,7500000
3,Flat,NewDelhi,1400,13500000
3,Flat,NewDelhi,810,5700000
2,Flat,NewDelhi,1040,11500000
2,Flat,NewDelhi,800,8000000
3,Flat,NewDelhi,1500,50000000
3,Flat,NewDelhi,1800,60000000
2,Flat,NewDelhi,530,3000000
3,House,NewDelhi,648,10000000
2,House,NewDelhi,450,2500000
3,Flat,NewDelhi,800,6700000
3,Flat,NewDelhi,1500,16800000
3,Flat,NewDelhi,1200,26000000
3,Flat,NewDelhi,850,5500000
2,Flat,NewDelhi,900,13000000
2,Flat,NewDelhi,855,3650000
2,Flat,NewDelhi,405,2020000
2,Flat,NewDelhi,700,3500000
2,Flat,NewDelhi,550,3200000
2,Flat,NewDelhi,666,4000000
3,Flat,NewDelhi,1000,21000000
3,Flat,NewDelhi,1800,26300000
2,Flat,NewDelhi,495,4500000
2,Flat,NewDelhi,900,9500000
3,Flat,NewDelhi,900,4000000
2,Flat,NewDelhi,900,4500000
2,Flat,NewDelhi,500,4200000
2,Flat,NewDelhi,800,9500000
2,Flat,NewDelhi,850,12500000
3,Flat,NewDelhi,2100,70000000
3,House,NewDelhi,900,18000000
2,Flat,NewDelhi,700,3750000
2,Flat,NewDelhi,625,9500000
3,Flat,NewDelhi,890,3500000
2,Flat,NewDelhi,1250,18500000
3,Villa,NewDelhi,1300,28000000
2,Flat,NewDelhi,750,5700000
3,Flat,NewDelhi,1400,7300000
3,Flat,NewDelhi,1800,37000000
2,Flat,NewDelhi,600,7000000
3,Flat,NewDelhi,1125,12500000
3,Flat,NewDelhi,800,6500000
3,House,NewDelhi,675,11000000
3,Flat,NewDelhi,1740,30000000
3,Flat,NewDelhi,1200,7000000
3,Flat,NewDelhi,1100,5700000
3,Flat,NewDelhi,1250,17000000
3,Flat,NewDelhi,1200,25000000
3,Flat,NewDelhi,1692,15000000
2,Flat,NewDelhi,810,9000000
3,Flat,NewDelhi,2250,61000000
2,Flat,NewDelhi,600,4500000
3,Flat,NewDelhi,2385,75000000
3,Flat,NewDelhi,1000,8000000
3,Flat,NewDelhi,1650,25500000
2,Flat,NewDelhi,450,3200000
3,Flat,NewDelhi,1100,17500000
3,Flat,NewDelhi,1050,17500000
2,Villa,NewDelhi,558,9300000
3,Flat,NewDelhi,1350,36100000
2,Flat,NewDelhi,450,2250000
3,House,NewDelhi,1100,7500000
3,Flat,NewDelhi,2880,60000000
3,Flat,NewDelhi,900,6000000
3,Flat,NewDelhi,1150,30000000
3,Flat,NewDelhi,1200,27000000
3,Flat,NewDelhi,1500,20000000
3,House,NewDelhi,5500,700000000
3,Flat,NewDelhi,1500,27500000
2,Flat,NewDelhi,720,9000000
2,Flat,NewDelhi,1100,18000000
2,Flat,NewDelhi,480,3700000
3,Flat,NewDelhi,1550,23400000
3,Flat,NewDelhi,1200,38500000
3,Flat,NewDelhi,1400,41500000
3,Flat,NewDelhi,1300,31000000
3,Flat,NewDelhi,1080,11500000
3,Flat,NewDelhi,1100,21000000
3,Flat,NewDelhi,720,5500000
2,Flat,NewDelhi,750,12000000
3,Flat,NewDelhi,1100,8490000
3,Flat,NewDelhi,1250,7700000
3,House,NewDelhi,1500,23000000
3,Flat,NewDelhi,1550,37000000
3,Flat,NewDelhi,1100,11500000
3,Flat,NewDelhi,1125,8000000
3,Flat,NewDelhi,1305,32000000
3,Flat,NewDelhi,1100,18500000
3,Flat,NewDelhi,1500,36500000
3,Flat,NewDelhi,1500,26000000
2,Flat,NewDelhi,1000,10500000
3,Flat,NewDelhi,900,5500000
2,Flat,NewDelhi,1100,11500000
3,Flat,NewDelhi,1300,24000000
3,Flat,NewDelhi,2752,48000000
3,Flat,NewDelhi,1550,23800000
3,Flat,NewDelhi,1953,50000000
3,Flat,NewDelhi,1300,27500000
3,Flat,NewDelhi,1800,32500000
3,Flat,NewDelhi,1300,22500000
3,Flat,NewDelhi,1200,5260000
3,Flat,NewDelhi,800,4500000
3,Flat,NewDelhi,1800,92500000
3,Flat,NewDelhi,1650,25200000
3,Flat,NewDelhi,1600,25000000
3,Flat,NewDelhi,1800,49000000
3,Flat,NewDelhi,675,6300000
3,Flat,NewDelhi,1200,17000000
3,Flat,NewDelhi,2000,22500000
3,Flat,NewDelhi,1060,8700000
3,Flat,NewDelhi,2455,57500000
2,Flat,NewDelhi,720,8850000
3,Flat,NewDelhi,1800,65000000
3,Flat,NewDelhi,2050,58500000
2,Flat,NewDelhi,800,4650000
3,Flat,NewDelhi,1200,22000000
2,Flat,NewDelhi,900,7000000
3,Flat,NewDelhi,1100,30000000
3,Flat,NewDelhi,1650,37500000
3,Flat,NewDelhi,1550,40000000
3,Flat,NewDelhi,1380,42100000
2,Flat,NewDelhi,700,4200000
3,Flat,NewDelhi,1150,18500000
2,Flat,NewDelhi,855,4000000
3,Flat,NewDelhi,2520,52500000
3,Flat,NewDelhi,1100,5950000
3,Flat,NewDelhi,1400,72500000
2,Flat,NewDelhi,904,17000000
3,Flat,NewDelhi,1500,14000000
2,Flat,NewDelhi,900,5400000
3,Flat,NewDelhi,810,9500000
3,House,NewDelhi,1125,16000000
3,Flat,NewDelhi,1250,21000000
3,Flat,NewDelhi,1300,13000000
3,Flat,NewDelhi,1000,13500000
3,Flat,NewDelhi,1450,27500000
3,Flat,NewDelhi,860,6000000
3,Flat,NewDelhi,1700,31000000
3,Flat,NewDelhi,2000,40000000
3,Flat,NewDelhi,810,5000000
3,Flat,NewDelhi,1100,13000000
3,Flat,NewDelhi,1500,18000000
2,House,NewDelhi,900,6500000
3,Flat,NewDelhi,900,6250000
3,Flat,NewDelhi,1600,22100000
2,Flat,NewDelhi,450,3500000
3,Flat,NewDelhi,1750,27500000
2,Flat,NewDelhi,648,4700000
3,Flat,NewDelhi,1050,6000000
3,Flat,NewDelhi,4050,57500000
3,Flat,NewDelhi,1600,52500000
3,Flat,NewDelhi,1400,65000000
3,Flat,NewDelhi,2500,74000000
3,Flat,NewDelhi,1100,20000000
3,Flat,NewDelhi,2100,41500000
2,Flat,NewDelhi,700,6500000
3,Flat,NewDelhi,1620,32000000
3,Flat,NewDelhi,1700,30000000
3,Flat,NewDelhi,850,10000000
3,Flat,NewDelhi,2000,75000000
3,Flat,NewDelhi,2000,20000000
3,Flat,NewDelhi,1350,45000000
3,Flat,NewDelhi,2000,55000000
3,Flat,NewDelhi,1728,40100000
3,Flat,NewDelhi,1600,25500000
3,Flat,NewDelhi,2029,52500000
3,Flat,NewDelhi,1650,52500000
3,Flat,NewDelhi,1300,37500000
3,Flat,NewDelhi,1400,28000000
3,Flat,NewDelhi,2000,30000000
3,Flat,NewDelhi,1746,28500000
3,Flat,NewDelhi,1800,51500000
3,Flat,NewDelhi,1500,80000000
3,Flat,NewDelhi,1440,17000000
3,Flat,NewDelhi,3550,47500000
2,Flat,NewDelhi,765,4300000
3,Flat,NewDelhi,1686,31000000
3,Flat,NewDelhi,1350,31100000
3,Flat,NewDelhi,1150,16000000
3,Flat,NewDelhi,1500,22500000
3,Flat,NewDelhi,1250,7500000
2,Flat,NewDelhi,1400,35000000
3,Flat,NewDelhi,1350,35000000
3,Flat,NewDelhi,1440,26000000
3,Flat,NewDelhi,2700,70000000
2,Flat,NewDelhi,850,15000000
3,Flat,NewDelhi,1800,15000000
2,Flat,NewDelhi,650,10800000
3,Flat,NewDelhi,1600,50000000
3,Flat,NewDelhi,990,9500000
3,Flat,NewDelhi,2000,105000000
3,Flat,NewDelhi,1125,13500000
3,Flat,NewDelhi,1000,21800000
2,Flat,NewDelhi,850,22000000
3,Flat,NewDelhi,950,11000000
3,Flat,NewDelhi,2200,34000000
2,House,NewDelhi,785,4000000
3,Flat,NewDelhi,1200,15000000
3,Flat,NewDelhi,1125,28000000
2,Flat,NewDelhi,900,14900000
3,Flat,NewDelhi,1050,17300000
2,Flat,NewDelhi,900,14000000
2,Flat,NewDelhi,792,4500000
2,Flat,NewDelhi,1000,22100000
3,House,NewDelhi,342,7000000
3,Flat,NewDelhi,2178,60000000
3,Flat,NewDelhi,1400,22500000
3,Flat,NewDelhi,1725,45000000
3,Flat,NewDelhi,200,27500000
2,Flat,NewDelhi,500,6600000
3,Flat,NewDelhi,1090,12200000
3,Flat,NewDelhi,900,7200000
3,Flat,NewDelhi,1800,23500000
3,Flat,NewDelhi,1800,44500000
3,Flat,NewDelhi,1350,54000000
3,Flat,NewDelhi,1500,27300000
3,Flat,NewDelhi,1580,31000000
2,Flat,NewDelhi,600,5900000
3,Flat,NewDelhi,1380,28000000
2,Flat,NewDelhi,900,11500000
2,Flat,NewDelhi,950,12000000
3,Flat,NewDelhi,1352,27500000
3,Flat,NewDelhi,1350,32500000
3,Flat,NewDelhi,1000,11500000
3,Flat,NewDelhi,1200,15500000
3,Flat,NewDelhi,1900,21000000
3,Flat,NewDelhi,1100,29000000
3,Flat,NewDelhi,1500,40000000
3,Flat,NewDelhi,1800,43500000
3,Flat,NewDelhi,2500,32500000
3,Flat,NewDelhi,2100,33500000
2,Flat,NewDelhi,700,15500000
2,Flat,NewDelhi,1000,27500000
3,Flat,NewDelhi,2250,79000000
2,Flat,NewDelhi,650,6000000
3,Flat,NewDelhi,1250,19000000
2,Flat,NewDelhi,1000,20000000
2,Flat,NewDelhi,1100,19200000
3,Flat,NewDelhi,1200,34800000
2,Flat,NewDelhi,1100,175000000
3,Flat,NewDelhi,1150,17500000
3,Flat,NewDelhi,1900,40000000
3,Flat,NewDelhi,2700,350000000
2,Flat,NewDelhi,1000,13000000
2,Flat,NewDelhi,850,4000000
3,Flat,NewDelhi,1450,31000000
3,Flat,NewDelhi,1950,29000000
3,Flat,NewDelhi,1800,31000000
2,Flat,NewDelhi,1120,57500000
2,Flat,NewDelhi,1250,14900000
3,Flat,NewDelhi,1800,30000000
2,Flat,NewDelhi,1100,12000000
3,Flat,NewDelhi,1150,17000000
2,Flat,NewDelhi,450,2800000
3,House,NewDelhi,1200,9900000
2,Flat,NewDelhi,550,3800000
3,Flat,NewDelhi,1100,10000000
3,Flat,NewDelhi,1250,4500000
3,Flat,NewDelhi,1700,25500000
3,Flat,NewDelhi,2000,44000000
2,Flat,NewDelhi,850,5300000
3,Flat,NewDelhi,1440,38000000
3,Flat,NewDelhi,1100,19000000
2,Flat,NewDelhi,1100,15500000
3,Flat,NewDelhi,1200,21000000
3,Flat,NewDelhi,1800,52500000
3,Flat,NewDelhi,855,8000000
3,Flat,NewDelhi,1300,26000000
3,Flat,NewDelhi,1350,16500000
3,Flat,NewDelhi,1350,27000000
3,Flat,NewDelhi,700,3200000
3,Flat,NewDelhi,1125,7000000
2,Flat,NewDelhi,700,4800000
3,Flat,NewDelhi,900,11200000
3,Flat,NewDelhi,1050,18000000
3,Flat,NewDelhi,2280,69900000
3,Flat,NewDelhi,1400,17000000
3,Flat,NewDelhi,1350,22000000
3,Flat,NewDelhi,1250,15500000
3,Flat,NewDelhi,900,20000000
2,Flat,NewDelhi,1125,16000000
3,Flat,NewDelhi,1100,9500000
2,Flat,NewDelhi,1050,22500000
2,Flat,NewDelhi,400,1900000
2,Flat,NewDelhi,650,9000000
2,Flat,NewDelhi,2234,51500000
3,Flat,NewDelhi,1125,5500000
3,Flat,NewDelhi,1377,16500000
3,Flat,NewDelhi,1500,27000000
3,Flat,NewDelhi,1800,42500000
3,Flat,NewDelhi,1550,55500000
2,Flat,NewDelhi,850,18500000
3,House,NewDelhi,1600,115100000
2,Flat,NewDelhi,880,11500000
3,Flat,NewDelhi,2000,35000000
3,Flat,NewDelhi,990,10000000
2,Flat,NewDelhi,900,6300000
2,Flat,NewDelhi,850,15500000
3,Flat,NewDelhi,1450,32500000
3,Flat,NewDelhi,1710,27500000
3,House,NewDelhi,1600,14000000
3,Flat,NewDelhi,1575,28500000
3,Flat,NewDelhi,1500,105000000
2,Flat,NewDelhi,710,5500000
2,Flat,NewDelhi,675,3500000
2,Flat,NewDelhi,900,14500000
3,Flat,NewDelhi,1170,21500000
2,Flat,NewDelhi,1125,10000000
3,Flat,NewDelhi,1450,25000000
3,Flat,NewDelhi,1700,42000000
2,Flat,NewDelhi,720,8500000
2,Flat,NewDelhi,450,8000000
3,Flat,NewDelhi,2150,54900000
3,Flat,NewDelhi,1250,13000000
2,Flat,NewDelhi,450,6000000
2,Flat,NewDelhi,1200,19000000
3,Flat,NewDelhi,1080,7000000
3,Flat,NewDelhi,855,4000000
2,Flat,NewDelhi,650,3200000
3,Flat,NewDelhi,1500,37500000
3,Flat,NewDelhi,900,4600000
2,Flat,NewDelhi,700,3600000
3,Flat,NewDelhi,1000,12000000
2,Flat,NewDelhi,950,17500000
2,Flat,NewDelhi,700,5000000
3,Flat,NewDelhi,1250,33000000
3,Flat,NewDelhi,1953,45000000
2,House,NewDelhi,650,20000000
3,Flat,NewDelhi,1040,7200000
3,Flat,NewDelhi,1551,32500000
3,Flat,NewDelhi,1620,25000000
3,Flat,NewDelhi,1200,40000000
3,Flat,NewDelhi,720,17000000
2,Flat,NewDelhi,950,9500000
3,Flat,NewDelhi,1600,45000000
3,Flat,Noida,1395,18100000
3,Flat,Noida,1900,30299999
4,Flat,Noida,3300,46300000
2,Flat,Noida,995,8380000
3,Flat,Noida,1188,12500000
2,Flat,Noida,1137,10400000
4,Flat,Noida,3700,145300000
5,Flat,Noida,6939,117899999
3,Flat,Noida,1657,65000000
3,Flat,Noida,1138,44700000
4,Flat,Noida,2510,35600000
5,Flat,Noida,3763,65000000
4,Flat,Noida,1078,19800000
4,Flat,Noida,2837,39700000
4,Flat,Noida,4707,780000000
4,Flat,Noida,2547,43500000
4,Flat,Noida,4650,69700000
3,Flat,Noida,1450,21700000
4,Flat,Noida,2505,18200000
3,Flat,Noida,1535,17200000
4,Flat,Noida,2085,70300000
4,Flat,Noida,3700,96199999
3,Flat,Noida,3200,63500000
4,Flat,Noida,1078,18900000
4,Flat,Noida,1568,25600000
3,Flat,Noida,1750,25900000
3,Flat,Noida,2488,36000000
2,Flat,Noida,1100,17500000
4,Flat,Noida,2292,30400000
2,Flat,Noida,1050,10700000
3,Flat,Noida,833,9750000
2,Flat,Noida,573,7220000
4,Flat,Noida,2455,80000000
3,Flat,Noida,1600,30000000
2,Flat,Noida,995,11200000
4,Flat,Noida,3355,47900000
4,Flat,Noida,4200,88200000
4,Flat,Noida,2990,43900000
4,Flat,Noida,3538,59600000
3,Flat,Noida,1575,20000000
4,Flat,Noida,4700,87500000
4,Flat,Noida,3258,35800000
3,Flat,Noida,1675,21000000
3,Flat,Noida,1400,19600000
2,Flat,Noida,1100,11900000
3,Flat,Noida,1666,59500000
3,Flat,Noida,1435,8750000
3,Flat,Noida,2000,30000000
3,Flat,Noida,1010,26500000
3,Flat,Noida,2034,33500000
2,Flat,Noida,900,7500000
2,Flat,Noida,1255,21300000
3,Flat,Noida,1401,37900000
4,Flat,Noida,2510,43500000
3,Flat,Noida,1357,12200000
3,Flat,Noida,1897,20500000
3,Flat,Noida,1300,9000000
4,Flat,Noida,1875,20500000
3,Flat,Noida,1528,12600000
3,Flat,Noida,2275,22500000
3,Flat,Noida,1565,13000000
3,Flat,Noida,1256,11800000
4,Flat,Noida,2275,49000000
7,House,Noida,1800,62500000
3,Flat,Noida,1295,13000000
3,Flat,Noida,1365,10500000
3,Flat,Noida,1450,15500000
3,Flat,Noida,1490,25000000
3,Flat,Noida,1267,18000000
7,Flat,Noida,5000,50000000
3,Flat,Noida,980,15100000
2,Flat,Noida,800,12500000
4,Flat,Noida,2190,22500000
3,Flat,Noida,1750,15500000
3,Flat,Noida,2180,26100000
5,Flat,Noida,3100,82000000
2,Flat,Noida,980,12500000
2,Flat,Noida,972,7000000
2,Flat,Noida,1150,18200000
3,Flat,Noida,1450,19900000
4,Flat,Noida,1874,18700000
3,Flat,Noida,844,10500000
3,Flat,Noida,1608,49400000
2,Flat,Noida,1050,7990000
3,Flat,Noida,1550,7450000
1,Flat,Noida,500,3060000
3,Flat,Noida,2124,34000000
4,Flat,Noida,3986,72000000
4,Flat,Noida,2500,73500000
2,Flat,Noida,1305,6000000
3,Flat,Noida,1615,27400000
2,Flat,Noida,804,22900000
3,Flat,Noida,2500,50000000
3,Flat,Noida,1090,9270000
3,Flat,Noida,1450,16500000
4,Flat,Noida,3600,112100000
3,Flat,Noida,1500,12300000
2,Flat,Noida,688,9030000
4,Flat,Noida,3195,43500000
3,Flat,Noida,2034,24900000
3,Flat,Noida,1500,25500000
4,Flat,Noida,2799,41000000
3,Flat,Noida,1264,37000000
8,Villa,Noida,9000,55000000
5,Flat,Noida,3732,139900000
3,Flat,Noida,1947,15000000
3,Flat,Noida,870,15500000
4,Flat,Noida,2727,34600000
4,House,Noida,3600,68500000
3,Flat,Noida,1360,10700000
2,Flat,Noida,900,7700000
3,Flat,Noida,1356,28000000
4,Flat,Noida,3360,62500000
1,House,Noida,450,2800000
4,Flat,Noida,2950,52000000
3,Flat,Noida,2034,25400000
3,Flat,Noida,2055,43400000
2,Flat,Noida,720,6500000
4,Villa,Noida,350,5600000
3,Flat,Noida,1250,13000000
3,Flat,Noida,1558,17800000
5,Flat,Noida,5935,118600000
4,Flat,Noida,1240,20400000
3,Flat,Noida,1250,4900000
3,Flat,Noida,1401,35000000
4,Flat,Noida,2801,80000000
3,Flat,Noida,1800,28500000
3,Flat,Noida,1545,32599999
2,Flat,Noida,765,35000000
3,Flat,Noida,2124,25000000
3,Flat,Noida,1325,10000000
1,Flat,Noida,450,1450000
4,Flat,Noida,2470,45300000
3,Flat,Noida,1300,27000000
4,Flat,Noida,3137,100000000
4,Flat,Noida,1400,13000000
7,House,Noida,3500,55000000
3,Flat,Noida,1110,8700000
4,Flat,Noida,2870,34000000
3,Flat,Noida,1660,24900000
2,Flat,Noida,960,6240000
3,Flat,Noida,1459,10000000
3,Flat,Noida,1640,13000000
3,Flat,Noida,1240,9300000
4,Flat,Noida,1575,16000000
3,Villa,Noida,1750,7959999
3,Flat,Noida,1200,9800000
3,Flat,Noida,2000,38700000
2,Flat,Noida,1288,14500000
2,Flat,Noida,1082,12200000
2,Flat,Noida,650,10000000
2,Flat,Noida,1230,10000000
2,Flat,Noida,950,3700000
3,Flat,Noida,1656,28500000
3,Flat,Noida,723,15000000
5,Villa,Noida,4060,45000000
2,Flat,Noida,1370,8750000
3,Flat,Noida,2350,28200000
3,Flat,Noida,1620,14500000
2,Flat,Noida,955,7700000
3,Flat,Noida,1800,25000000
3,Flat,Noida,1325,16500000
3,Flat,Noida,1525,34900000
2,Flat,Noida,860,5500000
2,Flat,Noida,845,11800000
3,Flat,Noida,1750,20000000
3,Flat,Noida,1295,12000000
4,Flat,Noida,1950,14500000
3,Flat,Noida,1800,27000000
3,Flat,Noida,1600,6500000
2,Flat,Noida,1480,21000000
3,Flat,Noida,1850,23500000
3,Flat,Noida,1320,16000000
3,Flat,Noida,990,5500000
2,Flat,Noida,1050,9900000
5,Villa,Noida,2100,9900000
2,Flat,Noida,1317,15000000
4,Flat,Noida,2010,20400000
2,Flat,Noida,1285,13000000
2,Flat,Noida,900,3400000
5,Flat,Noida,3000,40500000
7,House,Noida,5000,92500000
3,Flat,Noida,1525,23000000
3,Flat,Noida,950,10500000
3,Flat,Noida,1550,19000000
4,Flat,Noida,2525,65000000
3,Flat,Noida,1675,18300000
4,Flat,Noida,1900,23500000
3,Flat,Noida,2432,46000000
4,Flat,Noida,3250,52000000
3,Flat,Noida,1950,37500000
2,Flat,Noida,1195,16500000
3,Flat,Noida,1945,21000000
3,Flat,Noida,1870,16500000
8,House,Noida,2600,65000000
3,Flat,Noida,1400,8500000
2,Flat,Noida,1250,11500000
3,Flat,Noida,1750,19000000
1,Flat,Noida,595,2000000
5,Flat,Noida,6230,50000000
3,Flat,Noida,2810,54500000
2,Flat,Noida,1050,8200000
3,Flat,Noida,1826,28000000
4,Flat,Noida,2950,42500000
4,Flat,Noida,3200,45000000
4,Flat,Noida,6050,121000000
2,Flat,Noida,1085,7950000
3,Flat,Noida,1525,14000000
3,Flat,Noida,1800,24200000
3,Flat,Noida,1785,26500000
3,Flat,Noida,1320,14200000
3,Flat,Noida,1525,22500000
2,Flat,Noida,1258,8000000
2,Flat,Noida,1240,9000000
3,Flat,Noida,1651,18500000
2,Flat,Noida,750,4000000
1,Flat,Noida,350,4600000
4,Flat,Noida,2420,24000000
3,Flat,Noida,2626,41500000
3,Flat,Noida,1305,15000000
3,Flat,Noida,2304,35500000
5,Villa,Noida,6000,105000000
3,Flat,Noida,920,7500000
4,Flat,Noida,1300,17000000
3,Flat,Noida,1895,29000000
3,Flat,Noida,1900,17500000
3,Flat,Noida,1020,20500000
3,Flat,Noida,1577,16000000
2,Flat,Noida,1180,11500000
3,Flat,Noida,800,18100000
3,Flat,Noida,1385,18000000
3,Flat,Noida,1175,12500000
3,Flat,Noida,2350,42500000
1,Flat,Noida,936,9500000
3,Flat,Noida,969,6990000
3,Flat,Noida,1750,25000000
4,Flat,Noida,2806,125000000
2,Flat,Noida,1036,15000000
1,Flat,Noida,510,9000000
3,Flat,Noida,2770,49500000
2,Flat,Noida,1230,13400000
4,Flat,Noida,3905,78000000
3,Flat,Noida,1400,22000000
2,Flat,Noida,1220,12500000
3,Flat,Noida,1321,26000000
5,Villa,Noida,337,12100000
2,Villa,Noida,20000,250000000
5,Villa,Noida,622,6800000
2,Flat,Noida,765,9500000
4,Flat,Noida,2450,45000000
3,Flat,Noida,1325,9500000
2,Flat,Noida,1265,17000000
3,Flat,Noida,1400,7500000
3,Flat,Noida,1230,7000000
4,Flat,Noida,3165,70000000
3,Flat,Noida,1500,39500000
6,House,Noida,1881,55000000
4,Flat,Noida,2973,23700000
3,Flat,Noida,1665,18200000
2,Flat,Noida,1112,15000000
3,Flat,Noida,1490,13799999
3,Flat,Noida,2472,30900000
4,Flat,Noida,2235,40000000
3,Flat,Noida,1000,15000000
3,Flat,Noida,1664,16000000
3,Flat,Noida,1360,19000000
3,Flat,Noida,1153,17600000
2,Flat,Noida,925,9500000
4,Flat,Noida,2500,75000000
4,Flat,Noida,3905,72200000
4,Flat,Noida,1850,28000000
2,Flat,Noida,613,21500000
2,Flat,Noida,1110,8800000
5,House,Noida,2269,90000000
10,House,Noida,2269,85000000
5,House,Noida,2269,74600000
5,House,Noida,2269,160000000
2,Flat,Noida,2269,57645000
4,House,Noida,2269,55000000
5,House,Noida,2269,75000000
5,House,Noida,2269,40000000
6,House,Noida,2269,60000000
4,House,Noida,2269,95000000
10,Villa,Noida,2269,79500000
2,Villa,Noida,2269,70000000
3,Villa,Panipat,1224,18000000
2,Flat,Panipat,700,4300000
3,Flat,Panipat,1220,10000000
2,Flat,Panipat,1140,7000000
3,House,Panipat,2520,35000000
2,House,Panipat,2000,6400000
2,Flat,Panipat,766,5700000
3,Flat,Panipat,1850,13500000
3,Flat,Panipat,1950,9500000
3,House,Panipat,445,2000000
2,House,Panipat,670,5000000
2,House,Panipat,450,1200000
2,House,Panipat,1250,25000000
2,House,Panipat,1080,13500000
3,Flat,Panipat,970,7300000
3,Flat,Panipat,1660,7500000
3,House,Panipat,990,3500000
3,House,Panipat,1260,5500000
3,House,Panipat,2088,18500000
3,Flat,Panipat,1013,7300000
3,Flat,Panipat,1685,18000000
2,Flat,Panipat,1130,7700000
2,House,Panipat,600,3500000
3,House,Panipat,1260,4850000
3,Flat,Panipat,1680,6500000
2,Flat,Panipat,810,5200000
2,Flat,Panipat,691,4800000
2,House,Panipat,100,1500000
2,House,Panipat,900,9000000
3,House,Panipat,1080,3000000
2,Flat,Panipat,504,3100000
3,House,Panipat,900,4000000
3,House,Panipat,900,3600000
3,House,Panipat,1126,13000000
2,Flat,Patna,1155,5500000
2,Flat,Patna,1012,6000000
3,Flat,Patna,2500,7000000
3,Flat,Patna,1370,10300000
3,Flat,Patna,1330,21200000
3,Flat,Patna,1850,14000000
3,Flat,Patna,1165,6650000
2,Flat,Patna,870,4500000
3,Flat,Patna,1000,7500000
3,Flat,Patna,1765,12700000
3,Flat,Patna,1341,12500000
3,Flat,Patna,1521,8370000
3,Flat,Patna,1087,10500000
2,Flat,Patna,1075,6300000
3,Flat,Patna,1200,7940000
3,Flat,Patna,1025,6290000
3,Flat,Patna,1490,8500000
3,Flat,Patna,1775,11500000
2,Flat,Patna,1375,10000000
3,Flat,Patna,950,8000000
2,Flat,Patna,1000,9300000
2,Flat,Patna,918,3200000
3,Flat,Patna,1645,13000000
3,Flat,Patna,1506,10500000
3,Flat,Patna,1350,12500000
2,Flat,Patna,900,5100000
2,Flat,Patna,1190,6250000
3,Flat,Patna,1200,10700000
2,Flat,Patna,1349,7500000
3,Flat,Patna,1000,6500000
3,Flat,Patna,1830,11800000
3,Flat,Patna,1300,4550000
3,Flat,Patna,1128,7750000
3,Flat,Patna,1840,13000000
3,Flat,Patna,1160,8500000
2,Flat,Patna,1050,7800000
2,Flat,Patna,805,3379999
3,Flat,Patna,1460,12500000
3,Flat,Patna,1100,7500000
3,Flat,Patna,1050,7100000
3,Flat,Patna,1515,9400000
3,Flat,Patna,1503,15100000
3,Flat,Patna,1835,10000000
3,Flat,Patna,1250,7200000
2,Flat,Patna,1120,5500000
3,Flat,Patna,1550,9800000
3,Flat,Patna,1320,7700000
3,Flat,Patna,1300,13100000
3,Flat,Patna,1375,15000000
3,Flat,Patna,900,7000000
3,Flat,Patna,1150,9880000
2,Flat,Patna,1189,9500000
3,Flat,Patna,1610,16000000
3,Flat,Patna,1360,8500000
2,Flat,Patna,1073,6970000
3,Flat,Patna,1400,12000000
3,Flat,Patna,1400,9500000
3,Flat,Patna,1460,7800000
3,Flat,Patna,1280,12500000
2,Flat,Patna,790,5100000
3,Flat,Patna,1179,16200000
3,Flat,Patna,1450,12000000
3,Flat,Patna,1300,14000000
2,Flat,Patna,1300,9900000
3,Flat,Patna,1369,8900000
3,Flat,Patna,1238,10800000
3,Flat,Patna,1422,6400000
2,Flat,Patna,1160,6000000
2,Flat,Patna,800,4500000
3,Flat,Patna,1080,9000000
3,Flat,Patna,1450,4800000
2,Flat,Patna,1050,8000000
2,Flat,Patna,1025,5640000
3,Flat,Patna,1100,10000000
3,Flat,Patna,1550,12200000
2,Flat,Patna,1250,6000000
3,Flat,Patna,1960,9410000
3,Flat,Patna,1600,15600000
3,Flat,Patna,1327,7250000
3,Flat,Patna,1050,7800000
2,Flat,Patna,1065,10000000
3,House,Patna,1530,15000000
2,Flat,Patna,1255,8500000
2,Flat,Patna,1180,7000000
2,Flat,Patna,1200,6000000
3,Flat,Patna,1350,7000000
3,Flat,Patna,934,9360000
2,Flat,Patna,900,14500000
2,Flat,Patna,1025,6500000
3,Flat,Patna,790,9000000
2,House,Patna,680,7000000
3,Flat,Patna,1425,3979999
2,Flat,Patna,1145,5800000
2,Flat,Patna,850,6000000
3,Flat,Patna,1421,3970000
3,Flat,Patna,1365,5800000
2,Flat,Patna,912,8100000
2,Flat,Patna,880,9500000
3,Flat,Patna,1250,9800000
3,House,Patna,1023,12500000
2,Flat,Patna,849,6500000
3,Flat,Patna,1300,8000000
2,Flat,Patna,925,4600000
3,Flat,Patna,1100,12000000
3,Flat,Patna,1420,12000000
2,Flat,Patna,1000,4500000
2,Flat,Patna,1106,5000000
3,Flat,Patna,1310,6000000
3,Flat,Patna,1228,5640000
3,Flat,Patna,1335,10000000
2,Flat,Patna,850,7000000
2,Flat,Patna,850,4600000
3,Flat,Patna,1537,8850000
2,Flat,Patna,750,5500000
3,House,Patna,1800,30000000
3,Flat,Patna,1827,5100000
3,Flat,Patna,1235,3450000
3,Flat,Patna,1280,11000000
3,Flat,Patna,1480,4129999
3,Flat,Patna,1000,11000000
3,Flat,Patna,1300,10000000
2,Flat,Patna,986,3450000
2,Flat,Patna,860,5500000
3,Flat,Patna,1100,5800000
3,Flat,Patna,1520,12100000
3,Flat,Patna,1478,10000000
3,Flat,Patna,1516,10000000
2,Flat,Patna,960,4800000
3,Flat,Patna,1340,7770000
3,Flat,Patna,1490,6850000
3,Flat,Patna,2135,17500000
2,Flat,Patna,823,3800000
3,Flat,Patna,1118,6700000
3,Flat,Patna,945,6940000
3,Flat,Patna,1250,5500000
3,Flat,Patna,1200,7500000
3,House,Patna,680,15000000
3,Flat,Patna,1476,6780000
3,Flat,Patna,1486,7300000
3,Flat,Patna,1150,7500000
3,Flat,Patna,1210,7000000
3,Flat,Patna,1450,6500000
3,Flat,Patna,1560,9800000
2,Flat,Patna,1000,7000000
2,Flat,Patna,1000,5800000
3,Flat,Patna,1295,8500000
2,Flat,Patna,959,4410000
2,Flat,Patna,948,4360000
2,Flat,Patna,1208,5100000
2,Flat,Patna,980,4350000
3,Flat,Patna,1356,4960000
3,House,Patna,1361,20000000
2,Flat,Patna,985,4000000
2,Flat,Patna,1250,11000000
3,Flat,Patna,1250,25000000
2,Flat,Patna,975,8000000
3,Flat,Patna,1400,6500000
2,Flat,Patna,886,4800000
3,Flat,Patna,1450,8000000
2,Flat,Patna,1000,5000000
2,Flat,Patna,811,4000000
3,Flat,Patna,1001,9240000
3,Flat,Patna,1588,10000000
2,Flat,Patna,935,8000000
3,House,Patna,1361,6800000
2,Flat,Patna,930,5500000
3,Flat,Patna,1235,8000000
2,Flat,Patna,657,4730000
3,Flat,Patna,1320,9500000
2,Flat,Patna,1400,9000000
3,Flat,Patna,1350,11000000
2,Flat,Patna,680,7200000
2,Flat,Patna,800,10000000
3,Flat,Patna,1121,5500000
2,Flat,Patna,750,2250000
2,Flat,Patna,1730,13500000
2,Flat,Patna,1400,6310000
2,Flat,Patna,1050,7000000
3,Flat,Patna,1597,5500000
3,Flat,Patna,1129,7500000
2,Flat,Patna,605,3000000
3,Flat,Patna,900,9500000
3,Flat,Patna,1692,15500000
3,Flat,Patna,1400,11000000
2,Flat,Patna,980,5100000
3,Flat,Patna,1400,10000000
3,Flat,Patna,848,8600000
3,Flat,Patna,1500,12500000
2,Flat,Patna,1027,7800000
2,Flat,Patna,1120,9200000
3,Flat,Patna,1547,11600000
3,Flat,Patna,880,8000000
3,Flat,Patna,1375,9000000
3,Flat,Patna,1145,10800000
3,Flat,Patna,1200,10000000
3,Flat,Patna,1150,6200000
2,Flat,Patna,570,5500000
3,Flat,Patna,895,8640000
2,Flat,Patna,1040,4160000
2,Flat,Patna,1329,5850000
3,Flat,Patna,1451,7400000
3,Flat,Patna,1100,8200000
3,Flat,Patna,1200,25500000
3,Flat,Patna,1325,8500000
2,House,Patna,675,5000000
3,Flat,Patna,1430,25500000
3,House,Patna,710,3800000
3,Flat,Patna,1200,11100000
2,Flat,Patna,960,7000000
2,Flat,Patna,800,7000000
2,House,Patna,999,55000000
3,Flat,Patna,1375,10000000
2,Flat,Patna,950,5100000
2,Flat,Patna,850,5500000
3,Flat,Patna,1475,12300000
3,Flat,Patna,1200,4800000
3,Flat,Patna,900,8000000
3,Flat,Patna,1400,7500000
3,Flat,Patna,1250,9500000
2,Flat,Patna,750,6200000
3,Flat,Patna,900,5900000
2,Flat,Patna,1080,6800000
3,Flat,Patna,1000,12500000
3,Villa,Patna,350,3200000
2,Flat,Patna,1112,8500000
3,House,Patna,1550,25000000
3,Flat,Patna,1555,10000000
3,Flat,Patna,1400,7000000
3,Flat,Patna,1475,24500000
3,Flat,Patna,900,5400000
3,Flat,Patna,1295,7100000
3,Flat,Patna,1190,10500000
2,Flat,Patna,780,4500000
3,Flat,Patna,1000,8800000
3,Flat,Patna,1331,8300000
3,Flat,Patna,1250,9600000
2,Flat,Patna,800,8500000
3,Flat,Patna,1591,7500000
2,Flat,Patna,950,8000000
2,Flat,Patna,1050,3360000
3,Flat,Patna,1280,6950000
2,Flat,Patna,1125,9500000
2,Flat,Patna,776,6000000
3,Flat,Patna,1096,7000000
3,Flat,Patna,1325,11000000
2,Flat,Patna,750,3500000
2,Flat,Patna,800,4300000
3,Flat,Patna,1200,9000000
3,House,Patna,1650,20000000
3,Flat,Patna,1152,6000000
3,Flat,Patna,1450,8700000
3,Flat,Patna,1050,14500000
3,Flat,Patna,1450,7500000
3,Flat,Patna,1400,14500000
3,Flat,Patna,1382,7800000
2,Flat,Patna,1150,11500000
3,Flat,Patna,1420,10000000
2,Flat,Patna,1000,7800000
3,Flat,Patna,900,4200000
3,Flat,Patna,1675,9500000
2,House,Patna,900,4000000
2,Flat,Patna,700,6000000
3,Flat,Patna,1400,13500000
3,Flat,Patna,1600,15000000
3,Flat,Patna,1310,8000000
3,Flat,Patna,1400,19000000
3,Flat,Patna,1260,5500000
2,Flat,Patna,1040,6500000
3,Flat,Patna,1130,8000000
3,Flat,Patna,1328,8500000
2,Flat,Patna,1026,5130000
2,Flat,Patna,800,6000000
3,Flat,Patna,1370,11500000
2,Flat,Patna,890,7000000
3,Flat,Patna,1629,9000000
3,Flat,Pondicherry,1523,15000000
2,Flat,Pondicherry,832,3600000
2,Flat,Pondicherry,1155,7200000
2,Flat,Pondicherry,850,4700000
2,Villa,Pondicherry,1300,14000000
3,Villa,Pondicherry,1408,9500000
3,Flat,Pondicherry,1230,7600000
3,Flat,Pondicherry,1360,7500000
2,House,Pondicherry,1500,4800000
2,Villa,Pondicherry,1800,5000000
2,House,Pondicherry,1211,5540000
3,House,Pondicherry,2100,16200000
3,Villa,Pondicherry,1600,8900000
2,Flat,Pondicherry,910,8500000
2,Flat,Pondicherry,1550,8000000
2,Flat,Pondicherry,1060,5200000
2,Flat,Pondicherry,900,4200000
3,Villa,Pondicherry,1800,5000000
2,Flat,Pondicherry,1134,6000000
3,Flat,Pondicherry,1900,5200000
2,House,Pondicherry,980,4200000
2,Flat,Pondicherry,952,7500000
3,Flat,Pondicherry,1100,6600000
3,House,Pondicherry,2200,15000000
2,House,Pondicherry,1400,6300000
3,Flat,Pondicherry,1350,7500000
2,Flat,Pondicherry,1024,29000000
3,Flat,Pondicherry,1800,9500000
2,Flat,Pondicherry,938,3200000
3,Flat,Pondicherry,1300,4000000
2,House,Pondicherry,1200,7000000
2,House,Pondicherry,1800,10800000
2,Flat,Pondicherry,936,6000000
2,House,Pondicherry,1300,4500000
2,Flat,Pondicherry,777,5150000
3,Flat,Pondicherry,1100,5000000
3,Flat,Pondicherry,1325,6500000
2,Flat,Pondicherry,1240,6800000
2,Flat,Pondicherry,1250,7000000
2,House,Pondicherry,1800,6000000
3,Flat,Pondicherry,1600,8500000
2,Flat,Pondicherry,600,3700000
3,House,Pondicherry,1000,7500000
2,Flat,Pondicherry,825,3000000
2,House,Pondicherry,1380,4000000
2,Villa,Pondicherry,600,2200000
3,Flat,Pondicherry,484,7000000
2,Flat,Pondicherry,750,4000000
3,Flat,Pondicherry,1250,6900000
3,Flat,Pondicherry,1600,9600000
2,House,Pondicherry,725,4000000
2,House,Pondicherry,1300,13000000
2,Flat,Pondicherry,1000,3500000
3,Flat,Pondicherry,1500,8500000
3,House,Pondicherry,1500,50000000
2,House,Pondicherry,1800,7800000
3,Flat,Pondicherry,1315,5600000
3,Flat,Pondicherry,16000,9600000
2,Villa,Pondicherry,670,4200000
3,Flat,Pondicherry,2040,28600000
3,Villa,Pondicherry,1400,7000000
2,House,Pondicherry,800,4500000
3,Flat,Pondicherry,1126,8000000
2,Flat,Pondicherry,770,3700000
2,House,Pondicherry,2700,4900000
3,Flat,Pondicherry,1050,10000000
2,Flat,Pondicherry,1000,4850000
3,Flat,Pondicherry,1100,10000000
2,Villa,Pondicherry,900,5000000
3,House,Pondicherry,1600,6450000
2,Flat,Pondicherry,750,7500000
2,Flat,Pondicherry,700,4000000
3,House,Pondicherry,900,3200000
3,Flat,Pondicherry,950,5200000
3,Flat,Pondicherry,1300,7200000
3,Flat,Pondicherry,2300,12000000
2,Flat,Pondicherry,1050,8500000
2,House,Pondicherry,1200,4910000
2,Flat,Pondicherry,900,4300000
3,House,Pondicherry,1800,11500000
2,House,Pondicherry,500,1300000
3,House,Pondicherry,1200,13500000
3,Villa,Pondicherry,2081,15500000
2,House,Pondicherry,1100,6000000
3,Flat,Pondicherry,1200,5300000
2,Flat,Pondicherry,1010,3900000
2,Flat,Pondicherry,850,3700000
2,House,Pondicherry,1200,6800000
2,House,Pondicherry,1150,6000000
2,Flat,Pondicherry,800,4000000
3,Flat,Pondicherry,700,1900000
3,Flat,Pondicherry,2000,9500000
2,Flat,Pondicherry,395,4000000
3,Flat,Pondicherry,1200,6500000
2,Flat,Pondicherry,750,3000000
2,Flat,Pondicherry,1072,4990000
2,Flat,Pondicherry,850,3200000
2,Flat,Pondicherry,941,6000000
3,Flat,Pondicherry,1400,8200000
2,Flat,Pondicherry,900,4500000
2,House,Pondicherry,400,5200000
2,House,Pondicherry,1000,8500000
3,House,Pondicherry,2400,11500000
2,House,Pondicherry,1200,7500000
2,House,Pondicherry,1350,5300000
2,Flat,Pondicherry,800,3500000
3,House,Pondicherry,1300,7500000
2,House,Pondicherry,1320,5500000
2,Flat,Pondicherry,1000,5500000
3,House,Pondicherry,2400,11000000
2,House,Pondicherry,600,6800000
2,Flat,Pondicherry,1000,6500000
2,Flat,Pondicherry,900,4400000
3,Flat,Pondicherry,1485,7200000
2,Flat,Pondicherry,1050,4300000
2,Flat,Pune,787,7600000
3,Flat,Pune,974,12400000
1,Flat,Pune,478,4390000
2,Flat,Pune,674,6230000
3,Flat,Pune,1092,12200000
3,Flat,Pune,1231,17700000
4,Flat,Pune,1669,44300000
4,Flat,Pune,2023,19800000
4,Flat,Pune,1909,22200000
3,Flat,Pune,1310,21800000
3,Flat,Pune,1213,12200000
3,Flat,Pune,1191,11200000
2,Flat,Pune,600,6609999
3,Flat,Pune,1287,13400000
3,Flat,Pune,1097,11299999
2,Flat,Pune,659,6500000
2,Flat,Pune,950,10700000
3,Flat,Pune,1500,25500000
2,Flat,Pune,750,6110000
4,Flat,Pune,1870,26000000
3,Flat,Pune,1151,15800000
3,Flat,Pune,1200,17000000
4,Flat,Pune,1319,16200000
2,Flat,Pune,748,5980000
2,Flat,Pune,837,8180000
2,Flat,Pune,832,11200000
4,Flat,Pune,1942,26400000
4,Flat,Pune,1725,22799999
3,Flat,Pune,1080,14000000
3,Flat,Pune,1203,14200000
4,Flat,Pune,1612,17700000
3,Flat,Pune,1031,11000000
3,Flat,Pune,1110,15000000
2,Flat,Pune,792,9400000
3,Flat,Pune,1100,11700000
3,Flat,Pune,1212,16399999
3,Flat,Pune,940,15500000
3,Flat,Pune,1840,27300000
2,Flat,Pune,977,9180000
3,Flat,Pune,1029,20400000
4,Flat,Pune,2534,39500000
2,Flat,Pune,840,7770000
4,Flat,Pune,1860,26400000
2,Flat,Pune,815,10200000
4,Flat,Pune,1690,22599999
2,Flat,Pune,750,5080000
2,Flat,Pune,864,8790000
4,Flat,Pune,1744,24100000
3,Flat,Pune,1212,12900000
4,Flat,Pune,1645,20099999
4,Flat,Pune,2400,40800000
3,Flat,Pune,1158,17600000
2,Flat,Pune,769,9500000
3,Flat,Pune,1053,9580000
4,Flat,Pune,1616,19200000
2,Flat,Pune,725,6010000
2,Flat,Pune,670,9920000
2,Flat,Pune,798,7950000
3,Flat,Pune,1086,11500000
2,Flat,Pune,747,7970000
3,Flat,Pune,1261,16200000
4,Flat,Pune,1700,24500000
3,Flat,Pune,1325,18500000
4,Flat,Pune,2835,32500000
2,Flat,Pune,853,8970000
3,Villa,Pune,2128,18500000
2,Flat,Pune,749,5470000
2,Flat,Pune,806,11200000
3,Flat,Pune,989,8590000
2,Flat,Pune,696,7209999
6,Flat,Pune,5740,136500000
3,Flat,Pune,963,11299999
4,Flat,Pune,1420,14700000
2,Flat,Pune,918,7000000
3,Flat,Pune,1006,13200000
4,Flat,Pune,1858,22200000
3,Flat,Pune,1168,15900000
4,Flat,Pune,1650,20900000
2,Flat,Pune,828,9290000
4,Flat,Pune,2264,17200000
3,Flat,Pune,913,9910000
3,Flat,Pune,1249,14000000
3,Flat,Pune,974,11600000
4,Flat,Pune,2070,30900000
4,Flat,Pune,1450,20299999
3,Flat,Pune,774,7040000
3,Flat,Pune,894,9450000
3,Flat,Pune,955,7040000
3,Flat,Pune,1073,8780000
3,Flat,Pune,1190,18600000
2,Flat,Pune,751,7290000
3,Flat,Pune,1463,36100000
2,Flat,Pune,738,4860000
4,Flat,Pune,1485,15800000
2,Flat,Pune,789,9810000
3,Flat,Pune,947,10200000
2,Flat,Pune,783,8030000
3,Flat,Pune,892,7300000
4,Flat,Pune,719,8000000
3,Flat,Pune,960,9670000
2,Flat,Pune,755,12400000
3,Flat,Pune,1061,11200000
3,Flat,Pune,1166,21200000
3,Flat,Pune,1237,35000000
2,Flat,Pune,695,6450000
2,Flat,Pune,890,10200000
3,Flat,Pune,1066,12700000
4,Flat,Pune,1567,21900000
3,Flat,Pune,1064,14400000
3,Flat,Pune,1148,16000000
4,Flat,Pune,1836,46000000
3,Flat,Pune,1307,16600000
2,Flat,Pune,778,11000000
2,Flat,Pune,778,9730000
2,Flat,Pune,781,8600000
3,Flat,Pune,1101,9800000
3,Flat,Pune,1190,14000000
4,Flat,Pune,1592,19600000
2,Flat,Pune,723,7600000
3,Flat,Pune,1045,10800000
3,Flat,Pune,1154,14200000
4,Flat,Pune,1740,20700000
3,Flat,Pune,880,9400000
2,Flat,Pune,735,6709999
3,Flat,Pune,1055,21000000
2,Flat,Pune,566,5600000
4,Flat,Pune,1502,18200000
2,Flat,Pune,596,8000000
3,Flat,Pune,1189,18600000
4,Flat,Pune,1688,22200000
4,Flat,Pune,2088,37000000
4,Flat,Pune,4500,66000000
3,Flat,Pune,1075,15600000
3,Flat,Pune,1031,11100000
3,Flat,Pune,1160,10900000
3,Flat,Pune,1450,16000000
2,Flat,Pune,700,6500000
2,Flat,Pune,912,7800000
3,Flat,Pune,1174,10700000
2,Flat,Pune,710,7000000
2,Flat,Pune,630,6500000
3,Flat,Pune,900,13000000
1,Flat,Pune,502,6200000
1,Flat,Pune,444,4900000
2,Flat,Pune,700,6400000
3,Flat,Pune,1190,13600000
3,Flat,Pune,1060,9050000
2,Flat,Pune,750,7800000
2,Flat,Pune,711,5570000
3,Flat,Pune,1775,18000000
3,Flat,Pune,1250,13500000
2,Flat,Pune,840,9500000
3,Flat,Pune,902,9500000
4,Flat,Pune,1750,26500000
3,Flat,Pune,1158,16299999
3,Flat,Pune,1196,12900000
2,Flat,Pune,805,10000000
4,Flat,Pune,2528,42200000
4,Flat,Pune,1777,36100000
3,Flat,Pune,1393,13600000
3,Flat,Pune,1050,9900000
3,Flat,Pune,1300,15600000
3,Flat,Pune,1087,13100000
3,Flat,Pune,1360,17000000
2,Flat,Pune,1900,14200000
2,Flat,Pune,850,8800000
2,Flat,Pune,750,7500000
2,Villa,Pune,1452,12700000
2,Flat,Pune,900,15000000
4,Flat,Pune,1600,37000000
3,Flat,Pune,1013,9500000
2,Flat,Pune,780,11800000
3,Flat,Pune,980,15100000
3,Flat,Pune,1200,19000000
2,Flat,Pune,770,12500000
3,Flat,Pune,1250,15400000
2,Flat,Pune,1050,8800000
3,Flat,Pune,1044,9800000
3,Flat,Pune,1800,42500000
4,Flat,Pune,1495,31900000
3,Flat,Pune,1150,12500000
3,Flat,Pune,1350,13500000
2,Flat,Pune,875,4600000
1,Flat,Pune,515,3800000
3,Flat,Raipur,965,3800000
3,Flat,Raipur,1123,10000000
3,House,Raipur,1500,3550000
2,House,Raipur,650,1789999
2,Flat,Raipur,650,3500000
2,Flat,Raipur,900,3800000
3,Flat,Raipur,1470,4500000
2,Flat,Raipur,900,3900000
3,House,Raipur,1250,4500000
2,Flat,Raipur,1000,4350000
3,Flat,Raipur,1630,5800000
2,Flat,Raipur,750,1800000
2,Flat,Raipur,943,3400000
3,Flat,Raipur,1351,3790000
3,Flat,Raipur,1324,8200000
3,House,Raipur,1200,4300000
3,House,Raipur,600,4200000
2,Flat,Raipur,1006,3600000
2,House,Raipur,1125,4500000
2,Flat,Raipur,1054,3800000
2,Flat,Raipur,933,2750000
3,Flat,Raipur,1056,6190000
3,House,Raipur,1000,3800000
2,Villa,Raipur,800,4000000
2,Flat,Raipur,1050,6650000
3,House,Raipur,1600,7090000
3,Flat,Raipur,1495,6300000
3,Villa,Raipur,2150,6530000
3,House,Raipur,2150,7150000
3,Flat,Raipur,2178,8500000
2,House,Raipur,950,3600000
2,House,Raipur,601,1700000
3,House,Raipur,1150,4150000
2,Flat,Raipur,1122,5500000
3,Flat,Raipur,1084,4620000
2,House,Raipur,650,2300000
3,House,Raipur,2450,11000000
2,House,Raipur,1000,4500000
2,Flat,Raipur,1098,4950000
2,House,Raipur,1500,3200000
2,Flat,Raipur,1200,3500000
3,House,Raipur,900,2500000
2,House,Raipur,1800,5500000
2,Flat,Raipur,600,2100000
2,Flat,Raipur,760,4100000
3,Flat,Raipur,1843,8500000
2,Flat,Raipur,1214,4950000
3,Flat,Raipur,1200,5180000
2,House,Raipur,675,2800000
3,Flat,Raipur,965,3400000
2,Flat,Raipur,650,3100000
2,Flat,Raipur,985,3200000
3,House,Raipur,990,5800000
3,Flat,Raipur,1325,6500000
3,House,Raipur,1266,15500000
2,Flat,Raipur,985,3150000
3,Flat,Raipur,2020,7000000
3,House,Raipur,2600,12500000
2,Flat,Raipur,1365,6500000
3,Flat,Raipur,1930,7800000
2,Flat,Raipur,500,1500000
2,Flat,Raipur,1100,3200000
2,Flat,Raipur,1283,5500000
3,House,Raipur,1190,4800000
3,Villa,Raipur,1000,11500000
3,House,Raipur,600,2390000
2,House,Raipur,700,1800000
3,Flat,Raipur,1250,6200000
3,Flat,Raipur,1500,5200000
2,Flat,Raipur,1120,5850000
3,Flat,Raipur,1180,4500000
2,Flat,Raipur,750,2800000
3,House,Raipur,1125,7500000
3,House,Raipur,900,4550000
2,House,Raipur,750,2400000
2,House,Raipur,900,3000000
3,House,Raipur,1000,5500000
2,House,Raipur,1400,6800000
2,Flat,Raipur,950,3700000
2,Flat,Raipur,800,2800000
2,Flat,Raipur,839,2100000
2,House,Raipur,635,4000000
2,House,Raipur,2400,7000000
3,Villa,Raipur,1700,5200000
3,House,Raipur,700,2600000
2,Flat,Raipur,564,2500000
2,Flat,Raipur,984,5200000
3,House,Raipur,1600,4000000
3,House,Raipur,550,4000000
3,House,Raipur,1150,3950000
2,Flat,Raipur,1080,3650000
2,Flat,Raipur,1050,3200000
3,House,Raipur,1800,5500000
3,Flat,Raipur,800,4500000
2,House,Raipur,1400,6000000
3,Flat,Raipur,1509,5200000
2,Flat,Raipur,10000,3200000
2,Flat,Raipur,1080,4500000
2,Flat,Raipur,740,3000000
2,Flat,Raipur,1310,7000000
2,Villa,Raipur,1000,3500000
2,Flat,Raipur,896,2300000
2,Villa,Raipur,900,2500000
2,Flat,Raipur,800,4000000
2,Flat,Raipur,1188,4200000
2,House,Raipur,1000,3000000
2,House,Raipur,1058,2900000
2,House,Raipur,750,3200000
2,House,Raipur,850,3800000
2,Flat,Raipur,1175,4000000
3,House,Raipur,1800,12000000
3,Villa,Raipur,1476,9000000
2,Flat,Raipur,980,2600000
3,House,Raipur,1050,5000000
2,House,Raipur,1000,4300000
3,Flat,Raipur,800,3200000
2,Flat,Raipur,1256,5400000
2,Flat,Raipur,950,4500000
2,Flat,Raipur,1040,2700000
3,House,Raipur,2400,8700000
3,Flat,Raipur,1114,5000000
2,Flat,Raipur,1000,2900000
3,Flat,Raipur,1330,6000000
2,Villa,Raipur,950,2500000
2,House,Raipur,650,3300000
3,House,Raipur,1360,4550000
2,House,Raipur,1000,2490000
3,House,Raipur,750,4000000
2,Flat,Raipur,981,3200000
3,Flat,Raipur,1600,3000000
2,Flat,Raipur,735,2200000
2,House,Raipur,800,2200000
3,Flat,Raipur,850,1300000
2,Flat,Raipur,900,3600000
3,Flat,Raipur,1750,8650000
2,House,Raipur,800,3500000
3,Flat,Raipur,1480,3800000
2,Flat,Raipur,1000,5000000
3,House,Raipur,1600,3100000
3,Flat,Raipur,972,3729999
2,Flat,Raipur,450,1500000
2,Flat,Raipur,800,2500000
3,House,Raipur,1400,3400000
3,Flat,Raipur,1754,7490000
3,House,Raipur,1800,18500000
2,Flat,Raipur,1000,3000000
3,Flat,Raipur,1500,8000000
2,Flat,Raipur,550,1400000
3,House,Raipur,900,4200000
2,Flat,Raipur,1200,4500000
3,House,Raipur,1900,21000000
2,Villa,Raipur,1500,13000000
2,Flat,Raipur,710,2900000
2,Flat,Raipur,620,2000000
2,House,Raipur,1200,3400000
3,House,Raipur,1500,6500000
2,House,Raipur,800,3200000
2,Flat,Raipur,940,2600000
2,House,Raipur,500,2400000
2,Flat,Raipur,940,3000000
2,Flat,Raipur,1140,3200000
2,Flat,Raipur,943,3470000
3,House,Raipur,800,4000000
2,Flat,Raipur,1054,4500000
3,Flat,Raipur,1785,8000000
2,Flat,Raipur,1150,4500000
3,House,Raipur,1200,6000000
2,Flat,Raipur,1200,5200000
3,Flat,Raipur,1950,6800000
2,House,Raipur,1100,3300000
2,Flat,Raipur,840,5200000
3,House,Raipur,1600,6500000
3,Flat,Raipur,1100,3800000
3,Flat,Raipur,1030,7500000
3,Flat,Raipur,1522,4600000
3,House,Raipur,1800,6100000
2,House,Raipur,1200,7000000
2,Flat,Raipur,736,2800000
2,House,Raipur,600,2650000
2,Flat,Raipur,765,1800000
2,House,Raipur,750,3600000
3,Flat,Raipur,862,5500000
3,Flat,Raipur,1818,5500000
3,Villa,Raipur,1500,5000000
3,House,Raipur,1210,5000000
2,House,Raipur,750,3900000
2,Flat,Raipur,860,2250000
2,Flat,Raipur,1200,5500000
2,House,Raipur,1500,7500000
2,House,Raipur,900,3800000
3,House,Raipur,1000,4500000
2,Flat,Raipur,902,4400000
2,Flat,Raipur,815,2500000
2,Flat,Raipur,1020,3060000
2,Flat,Raipur,1050,6500000
2,Flat,Raipur,785,2010000
3,Flat,Raipur,1800,7000000
2,Flat,Raipur,650,3800000
2,Flat,Raipur,1070,2500000
2,Flat,Raipur,550,1800000
3,Flat,Raipur,1415,5000000
3,Flat,Raipur,1590,6200000
3,Flat,Raipur,1280,6500000
2,Flat,Raipur,850,3200000
2,Flat,Raipur,1200,3200000
3,House,Raipur,970,4000000
3,House,Raipur,1800,9900000
3,House,Raipur,1500,5200000
3,Flat,Raipur,1138,4100000
3,House,Raipur,420,3000000
2,Flat,Raipur,1054,3200000
3,Flat,Raipur,1080,3800000
2,Flat,Raipur,967,2700000
2,Flat,Raipur,635,2000000
2,Villa,Raipur,885,3200000
2,Flat,Raipur,990,4000000
2,Flat,Raipur,1176,3000000
2,Flat,Raipur,930,3500000
3,Flat,Raipur,1368,7000000
2,House,Raipur,624,2700000
3,House,Raipur,957,3400000
2,House,Raipur,500,1500000
3,House,Raipur,1250,3000000
3,House,Raipur,1850,8000000
3,House,Raipur,2200,8500000
2,House,Raipur,1000,4000000
2,Flat,Raipur,750,2500000
3,Flat,Raipur,1473,4500000
2,Flat,Raipur,700,1650000
2,House,Raipur,950,3200000
2,Flat,Raipur,800,1500000
3,Flat,Raipur,1828,7500000
2,Flat,Raipur,487,800000
3,House,Raipur,1500,5500000
2,Flat,Raipur,1250,2400000
2,House,Raipur,915,3700000
2,Flat,Raipur,1000,550000
2,Flat,Raipur,1125,3600000
2,House,Raipur,800,2400000
3,House,Raipur,600,3600000
2,Flat,Raipur,1900,2500000
2,Flat,Raipur,1100,4000000
2,Flat,Raipur,700,2300000
2,House,Raipur,850,3229999
2,Flat,Raipur,795,2000000
3,House,Raipur,1500,20000000
3,Flat,Raipur,1615,4900000
3,House,Raipur,1925,10200000
2,Flat,Raipur,685,2490000
2,House,Raipur,752,3000000
3,Flat,Raipur,1000,3000000
3,House,Raipur,1200,5300000
3,House,Raipur,1610,4000000
2,House,Raipur,1000,11000000
3,House,Raipur,1500,8900000
3,Flat,Raipur,1200,3000000
2,Flat,Raipur,1040,3750000
3,Flat,Raipur,1330,5500000
2,Flat,Raipur,1180,4000000
2,Flat,Raipur,625,1600000
2,Flat,Raipur,1000,3500000
3,Flat,Raipur,1400,2700000
3,Flat,Raipur,1180,2400000
2,Flat,Raipur,600,2200000
2,Flat,Raipur,750,4500000
3,Flat,Raipur,1300,6500000
2,Flat,Raipur,980,3000000
3,House,Raipur,1780,12000000
3,Flat,Raipur,1375,4500000
3,Villa,Raipur,1690,6700000
3,House,Raipur,1450,7000000
2,Flat,Raipur,721,2800000
2,House,Raipur,840,2650000
3,House,Raipur,900,5100000
2,Flat,Raipur,965,4000000
2,Flat,Raipur,487,700000
2,Flat,Raipur,1080,3800000
2,House,Raipur,1145,5600000
2,Flat,Raipur,1145,2000000
3,Flat,Ranchi,1280,7000000
3,Flat,Ranchi,1845,8490000
2,Flat,Ranchi,975,6830000
3,Flat,Ranchi,1425,8250000
3,Flat,Ranchi,1450,7500000
3,Flat,Ranchi,1459,7000000
3,Flat,Ranchi,1410,5220000
3,Flat,Ranchi,1486,11200000
3,Flat,Ranchi,1600,11000000
3,Flat,Ranchi,950,5200000
3,Flat,Ranchi,1190,10000000
3,Flat,Ranchi,1670,13500000
3,Flat,Ranchi,1200,5850000
3,Flat,Ranchi,1310,8500000
3,Flat,Ranchi,1590,9000000
3,Flat,Ranchi,1585,6900000
2,Flat,Ranchi,600,2000000
3,Flat,Ranchi,1600,10100000
3,Flat,Ranchi,1300,6000000
3,Flat,Ranchi,1425,7600000
3,Flat,Ranchi,1359,5300000
2,Flat,Ranchi,800,10000000
3,Flat,Ranchi,1206,7240000
3,Flat,Ranchi,1370,12500000
3,Flat,Ranchi,1100,6900000
3,Flat,Ranchi,1350,6000000
3,Flat,Ranchi,1800,11000000
3,Flat,Ranchi,1150,4490000
2,Flat,Ranchi,750,5000000
3,Flat,Ranchi,1645,6000000
2,Flat,Ranchi,900,5500000
3,Flat,Ranchi,1100,4500000
2,Flat,Ranchi,750,5800000
2,Flat,Ranchi,1100,3800000
2,Flat,Ranchi,1150,4900000
3,Flat,Ranchi,1567,8000000
2,Flat,Ranchi,960,5000000
3,Flat,Ranchi,1383,6000000
3,Flat,Ranchi,1260,4100000
3,Flat,Ranchi,1978,13300000
2,Flat,Ranchi,1083,4500000
3,Flat,Ranchi,1058,5500000
3,Flat,Ranchi,1990,8760000
3,Flat,Ranchi,1383,5530000
3,Flat,Ranchi,1670,6330000
3,Flat,Ranchi,1700,6800000
3,Flat,Ranchi,1750,8750000
3,Flat,Ranchi,1800,8820000
3,Flat,Ranchi,1732,8309999
3,House,Ranchi,1900,6650000
3,Flat,Ranchi,1108,3879999
3,Flat,Ranchi,1200,5800000
3,Flat,Ranchi,1100,5500000
2,Flat,Ranchi,1075,4750000
3,Flat,Ranchi,1044,4300000
3,Flat,Ranchi,1300,5200000
2,Flat,Ranchi,900,4500000
3,House,Ranchi,650,4000000
3,Flat,Ranchi,1693,7800000
3,Flat,Ranchi,1831,7500000
3,Flat,Ranchi,900,5200000
3,Flat,Ranchi,1350,4500000
3,Flat,Ranchi,1350,7500000
3,Flat,Ranchi,1380,5700000
3,Flat,Ranchi,1072,5360000
3,Flat,Ranchi,1200,5630000
2,Flat,Ranchi,1200,4500000
2,Flat,Ranchi,800,5400000
2,Flat,Ranchi,910,4210000
3,Flat,Ranchi,1330,7000000
3,Flat,Ranchi,1298,9000000
2,Flat,Ranchi,1000,3300000
3,Flat,Ranchi,2115,10000000
3,Flat,Ranchi,1885,10900000
3,Flat,Ranchi,1080,6800000
3,Flat,Ranchi,1560,10900000
2,Flat,Ranchi,1040,4600000
3,Flat,Ranchi,1530,6580000
2,House,Ranchi,704,2700000
3,Flat,Ranchi,1300,6650000
3,Flat,Ranchi,1550,7500000
3,Flat,Ranchi,1200,5500000
2,Flat,Ranchi,876,5000000
3,Flat,Ranchi,1680,5330000
3,Flat,Ranchi,1520,11100000
3,Flat,Ranchi,1593,10500000
2,Flat,Ranchi,1000,3650000
2,Flat,Ranchi,1200,5000000
2,House,Ranchi,900,6500000
3,Flat,Ranchi,1695,5800000
3,Flat,Ranchi,659,6000000
3,Flat,Ranchi,850,3660000
2,Flat,Ranchi,894,3329999
3,House,Ranchi,783,6000000
3,Flat,Ranchi,1300,6900000
3,Flat,Ranchi,1000,8500000
3,Flat,Ranchi,1550,10500000
3,Flat,Ranchi,1400,6500000
3,Flat,Ranchi,1096,7200000
3,Flat,Ranchi,1100,6500000
3,Flat,Ranchi,1450,9000000
2,Flat,Ranchi,916,4500000
3,Flat,Ranchi,1250,10500000
3,Flat,Ranchi,1645,12500000
3,Flat,Ranchi,1350,4950000
3,Flat,Ranchi,1670,8500000
3,Flat,Ranchi,1350,6400000
3,Flat,Ranchi,1285,8500000
3,Flat,Ranchi,1480,7000000
3,Flat,Ranchi,1345,6000000
3,House,Ranchi,1800,6300000
2,Flat,Ranchi,740,3110000
3,Flat,Ranchi,1600,5500000
3,Flat,Ranchi,2100,7000000
2,Flat,Ranchi,800,3050000
2,Flat,Ranchi,935,4500000
3,Flat,Ranchi,1100,7000000
3,Flat,Ranchi,1475,8000000
3,Flat,Ranchi,1575,8100000
2,Flat,Ranchi,1614,8000000
3,Flat,Ranchi,1150,5100000
3,Flat,Ranchi,1400,8800000
2,Flat,Ranchi,950,4500000
3,Flat,Ranchi,1465,4650000
3,Flat,Ranchi,1750,8500000
3,Flat,Ranchi,1300,5000000
3,Flat,Ranchi,1050,7700000
2,Flat,Ranchi,1000,5000000
2,Flat,Ranchi,1006,4500000
3,Flat,Ranchi,1545,6000000
2,Flat,Ranchi,1000,3500000
3,Flat,Ranchi,1537,7300000
2,House,Ranchi,1450,9000000
3,Flat,Ranchi,1545,4900000
2,Flat,Ranchi,1075,4400000
3,Flat,Ranchi,1925,9000000
2,Flat,Ranchi,900,4100000
2,House,Ranchi,750,2100000
2,Flat,Ranchi,1000,3600000
3,Flat,Ranchi,1385,4200000
2,Flat,Ranchi,900,3500000
3,House,Ranchi,12000,30000000
3,Flat,Ranchi,1100,6000000
3,Flat,Ranchi,1925,6110000
2,Flat,Ranchi,1470,6170000
3,Flat,Ranchi,2349,9500000
3,Flat,Ranchi,1250,11000000
3,Flat,Ranchi,1400,7200000
3,Flat,Ranchi,1350,7000000
2,House,Ranchi,1440,7500000
2,Flat,Ranchi,1100,5200000
3,Flat,Ranchi,1260,5500000
2,Flat,Ranchi,800,3000000
2,Flat,Ranchi,1150,6000000
2,Flat,Ranchi,1000,4000000
3,Flat,Ranchi,1675,8800000
3,Flat,Ranchi,1428,7000000
3,Flat,Ranchi,1035,6000000
3,Flat,Ranchi,1200,4600000
3,Flat,Ranchi,1463,6500000
3,Flat,Ranchi,1700,7500000
3,Flat,Ranchi,1600,6800000
2,Flat,Ranchi,1125,4500000
2,Flat,Ranchi,1100,5500000
3,House,Ranchi,2340,9500000
3,Flat,Ranchi,1200,4700000
3,Flat,Ranchi,1395,4700000
3,Flat,Ranchi,1331,6150000
2,Flat,Ranchi,1140,4790000
3,Flat,Ranchi,1580,8500000
2,Flat,Ranchi,915,2600000
2,Flat,Ranchi,915,3350000
3,Flat,Ranchi,1289,9500000
3,Flat,Ranchi,1310,5400000
3,Flat,Ranchi,1665,9800000
3,Flat,Ranchi,1500,5200000
2,Flat,Ranchi,1107,5200000
3,Flat,Ranchi,1326,9500000
3,Flat,Ranchi,1925,11000000
3,Flat,Ranchi,1550,6500000
3,Flat,Ranchi,1452,5500000
3,Flat,Ranchi,1215,4700000
3,Flat,Ranchi,1280,6000000
2,Flat,Ranchi,1065,4800000
3,Flat,Ranchi,1300,4940000
3,Flat,Ranchi,1430,5200000
3,Flat,Ranchi,1425,4520000
2,Flat,Ranchi,1050,6500000
3,Flat,Ranchi,1320,4190000
2,House,Ranchi,2870,9900000
2,Flat,Ranchi,1100,3490000
3,Flat,Ranchi,1120,7100000
2,Flat,Ranchi,990,4400000
3,Flat,Ranchi,1800,20000000
3,Flat,Ranchi,1473,6200000
2,Flat,Ranchi,1070,3750000
3,Flat,Ranchi,1711,8209999
2,Flat,Ranchi,1125,6080000
3,Flat,Ranchi,1997,10100000
3,Flat,Ranchi,1072,5290000
2,Flat,Ranchi,1075,5000000
2,Flat,Ranchi,800,3500000
3,Flat,Ranchi,1360,6000000
3,Flat,Ranchi,1600,9000000
3,Flat,Ranchi,1150,5200000
3,Flat,Ranchi,1575,6500000
2,Flat,Ranchi,900,2800000
3,Flat,Ranchi,1615,7000000
2,Flat,Ranchi,974,49000000
2,Flat,Ranchi,850,5000000
3,Flat,Ranchi,1210,4300000
2,Flat,Ranchi,1050,5000000
3,Flat,Ranchi,1426,6400000
3,Flat,Ranchi,1480,6850000
3,Flat,Ranchi,1485,7000000
3,Flat,Ranchi,1218,6500000
2,Flat,Ranchi,1169,7200000
3,Flat,Ranchi,2200,10800000
2,Flat,Ranchi,960,4100000
3,Flat,Ranchi,1143,12000000
3,Flat,Ranchi,1550,7200000
3,Flat,Ranchi,1400,11000000
3,Flat,Ranchi,1300,7800000
3,Flat,Ranchi,1450,5550000
3,Flat,Ranchi,1367,5000000
3,Flat,Ranchi,1124,3800000
3,Villa,Ranchi,1850,8500000
3,Flat,Ranchi,1280,8000000
2,Flat,Ranchi,1390,5570000
3,Flat,Ranchi,1224,5500000
3,Flat,Ranchi,2107,21000000
3,Flat,Ranchi,1295,5500000
2,Flat,Ranchi,1100,5800000
2,Flat,Ranchi,950,5000000
3,Flat,Ranchi,1250,5500000
3,Flat,Ranchi,1300,5550000
3,Flat,Ranchi,1251,5700000
3,House,Ranchi,2500,10000000
2,Flat,Ranchi,900,3600000
3,Flat,Ranchi,1200,9900000
2,Flat,Ranchi,1000,5500000
3,Flat,Ranchi,1400,8500000
3,Flat,Ranchi,1480,7500000
3,Flat,Ranchi,1577,9000000
3,Flat,Ranchi,1300,8000000
3,Flat,Ranchi,1615,12500000
3,Flat,Ranchi,1234,7000000
3,Flat,Ranchi,1300,6100000
3,Flat,Ranchi,1470,6130000
3,Flat,Ranchi,1480,10000000
2,Flat,Ranchi,1080,4300000
2,Flat,Ranchi,850,7200000
3,Flat,Ranchi,1540,7700000
3,Flat,Ranchi,1022,9000000
3,Flat,Ranchi,1400,5500000
2,Flat,Ranchi,1000,5100000
3,Flat,Ranchi,1130,5500000
2,Flat,Ranchi,870,8200000
2,Flat,Ranchi,1170,5500000
2,Flat,Ranchi,1100,10000000
3,Flat,Ranchi,1500,6000000
3,Flat,Ranchi,1460,8000000
3,Flat,Ranchi,1000,7500000
3,Flat,Ranchi,1305,5600000
3,Flat,Ranchi,1050,5600000
3,Flat,Ranchi,1565,6000000
3,Flat,Ranchi,1550,8000000
3,Flat,Ranchi,1240,6300000
3,Flat,Ranchi,1134,7000000
3,Flat,Ranchi,1255,5500000
3,Flat,Ranchi,1600,6700000
2,Flat,Ranchi,1392,3000000
3,Flat,Ranchi,1392,6500000
3,Villa,Rishikesh,3200,64000000
3,Villa,Rishikesh,675,8500000
2,Flat,Rishikesh,1050,6790000
3,Villa,Rishikesh,1645,5500000
2,Flat,Rishikesh,900,4500000
3,Flat,Rishikesh,1500,6500000
2,Flat,Rishikesh,1200,8000000
2,House,Rishikesh,1870,20000000
3,House,Rishikesh,910,6800000
2,Flat,Rishikesh,900,6500000
3,House,Rishikesh,209,9500000
3,House,Rishikesh,1890,11500000
2,Flat,Rishikesh,900,5500000
3,House,Rishikesh,2142,21500000
2,Flat,Rishikesh,850,5500000
2,Flat,Rishikesh,950,7650000
3,House,Rishikesh,1800,13500000
2,House,Rishikesh,900,7000000
2,House,Rishikesh,900,4800000
3,House,Rishikesh,1600,7000000
2,House,Rishikesh,1200,9500000
2,Villa,Rishikesh,1300,3500000
2,Flat,Rishikesh,900,5600000
3,House,Rishikesh,3000,12000000
3,Flat,Rishikesh,1350,12500000
3,House,Rishikesh,553,3200000
2,House,Rishikesh,1350,9500000
2,House,Rishikesh,900,2200000
2,House,Rishikesh,900,3800000
2,House,Rishikesh,900,4500000
3,House,Rishikesh,810,4600000
2,Flat,Rishikesh,800,7500000
3,Flat,Rishikesh,1450,6500000
3,Flat,Rishikesh,1350,6200000
3,House,Rishikesh,612,1800000
2,Flat,Rishikesh,1000,6000000
3,Flat,Rishikesh,1750,11500000
3,Flat,Rohini,900,13000000
3,Flat,Rohini,1000,19000000
3,Flat,Rohini,650,10800000
3,Flat,Rohini,800,16500000
3,Flat,Rohini,900,17300000
3,Flat,Rohini,1200,13000000
2,Flat,Rohini,700,5900000
3,Flat,Rohini,800,17500000
2,Flat,Rohini,850,13000000
2,Flat,Rohini,800,11000000
2,Flat,Rohini,1050,8200000
3,Flat,Rohini,1935,10000000
3,Flat,Rohini,720,19000000
3,Flat,Rohini,750,24000000
2,Flat,Rohini,646,9000000
2,Flat,Rohini,910,15000000
2,Flat,Rohini,640,6500000
3,Flat,Rohini,950,12000000
2,Flat,Rohini,1200,19000000
3,Flat,Rohini,345,14000000
2,Flat,Rohini,480,3300000
3,Flat,Rohini,650,7600000
3,Flat,Rohini,810,10000000
3,Villa,Rohini,1150,22500000
3,Flat,Rohini,1100,15000000
3,Flat,Rohini,645,7200000
3,Flat,Rohini,800,12600000
3,Flat,Rohini,600,15500000
3,Flat,Rohini,800,9500000
2,Flat,Rohini,700,15800000
2,Flat,Rohini,500,19000000
3,Flat,Rohini,1250,12500000
2,House,Rohini,450,13799999
3,Flat,Rohini,1000,3600000
2,Flat,Rohini,625,6500000
2,Flat,Rohini,600,6500000
2,Flat,Rohini,810,2700000
3,Flat,Rohini,1050,11500000
3,Flat,Rohini,1100,11700000
2,Flat,Rohini,750,3200000
3,Flat,Rohini,1300,5500000
3,Flat,Rohini,1100,17900000
3,Flat,Rohini,1300,22500000
2,Flat,Rohini,650,11000000
2,Flat,Rohini,900,17500000
3,Flat,Rohini,1050,7500000
2,Flat,Rohini,1000,5000000
2,Flat,Rohini,600,17500000
3,Flat,Rohini,1150,13700000
2,Flat,Rohini,1000,8500000
2,Flat,Rohini,1000,25000000
2,Flat,Rohini,650,20000000
3,Flat,Rohini,1100,4000000
3,Flat,Rohini,1100,13799999
3,Flat,Rohini,1250,11000000
3,Flat,Rohini,1100,15300000
3,Flat,Rohini,1200,2500000
3,Flat,Rohini,1200,15500000
2,Flat,Rohini,870,18000000
2,Flat,Rohini,900,22500000
2,Flat,Rohini,700,6800000
3,Flat,Rohini,800,4700000
2,Flat,Rohini,650,12500000
2,Flat,Rohini,350,17500000
2,Flat,Rohini,900,19000000
2,Flat,Rohini,950,6800000
2,Flat,Rohini,600,14000000
2,Flat,Rohini,650,9500000
3,Flat,Rohini,1500,10000000
3,Flat,Rohini,1200,7200000
3,Flat,Rohini,1200,7000000
3,Flat,Rohini,1050,10500000
2,Flat,Rohini,495,19000000
3,Flat,Rohini,1150,5200000
2,Flat,Rohini,950,14500000
2,Flat,Rohini,570,12500000
3,Flat,Rohini,1150,1900000
3,Flat,Rohini,1000,11000000
2,House,Rohini,500,10000000
2,Flat,Rohini,520,23000000
2,Flat,Rohini,1050,16000000
3,Flat,Rohini,970,8500000
2,Flat,Rohini,500,3200000
2,Flat,Rohini,800,6000000
3,Flat,Rohini,1000,16000000
3,Flat,Rohini,1125,15800000
2,House,Rohini,1000,9230000
3,House,Rohini,639,5500000
2,Flat,Rohini,850,4000000
2,Flat,Rohini,1100,3800000
2,Flat,Rohini,1000,22500000
3,Flat,Rohini,955,12500000
3,Flat,Rohini,1000,16500000
3,Flat,Rohini,600,6200000
2,Flat,Rohini,500,25000000
2,Flat,Rohini,1276,32500000
3,Flat,Rohini,420,3600000
3,Flat,Rohini,850,6200000
2,Flat,Rohini,1150,24700000
2,Flat,Rohini,400,1500000
2,Flat,Rohini,1350,19000000
2,Flat,Rohini,1100,16000000
3,Flat,Rohini,1200,26000000
2,Flat,Rohini,1200,18000000
3,Flat,Rohini,550,6800000
2,Flat,Rohini,900,16500000
2,Flat,Rohini,356,4500000
3,Flat,Rohini,600,6500000
2,Flat,Rohini,720,8200000
3,Flat,Rohini,810,4600000
3,Flat,Rohini,760,5200000
3,Flat,Rohini,325,2500000
2,Flat,Rohini,1100,26000000
2,House,Rohini,600,6500000
2,House,Rohini,1000,18000000
3,Flat,Rohini,600,3200000
2,Flat,Rohini,700,13000000
3,Flat,Rohini,850,2400000
2,Flat,Rohini,1054,11000000
3,Flat,Rohini,1000,12500000
3,Flat,Rohini,1000,6500000
2,Flat,Rohini,800,8500000
2,Flat,Rohini,1600,17400000
3,Flat,Rohini,800,11000000
2,Flat,Rohini,800,9000000
3,Flat,Rohini,899,7900000
2,Flat,Rohini,1572,12900000
3,Flat,Rohini,1000,10000000
2,Flat,Rohini,800,10500000
3,Flat,Rohini,405,3800000
2,Flat,Rohini,688,6000000
3,House,Rohini,650,2400000
3,Flat,Rohini,1450,24500000
2,Flat,Rohini,1100,23500000
3,Flat,Rohini,610,3500000
3,Flat,Rohini,1650,60000000
2,Flat,Rohini,900,14000000
2,Flat,Rohini,1100,17500000
2,Flat,Rohini,1350,16000000
2,House,Rohini,730,5100000
2,Flat,Rohini,600,2750000
2,Flat,Rohini,666,13000000
2,Flat,Rohini,603,10000000
3,House,Rohini,440,1500000
2,Flat,Rohini,850,10700000
3,Flat,Rohini,950,14500000
3,Flat,Rohini,933,6950000
2,House,Rohini,700,5500000
2,Flat,Rohini,1200,17500000
2,Flat,Rohini,800,15000000
2,Flat,Rohini,600,1700000
3,Flat,Rohini,1034,8500000
2,House,Rohini,855,15500000
2,Flat,Rohini,640,7000000
3,Flat,Rohini,750,14500000
2,House,Rohini,700,9900000
3,Flat,Rohini,585,3500000
2,Flat,Rohini,975,22000000
3,Flat,Rohini,540,1500000
2,Flat,Rohini,900,12500000
3,Flat,Rohini,600,3100000
2,Flat,Rohini,646,5800000
3,Flat,Rohini,1400,20600000
3,Flat,Rohini,450,3700000
2,Flat,Rohini,225,1200000
2,Flat,Rohini,1000,13500000
3,Flat,Rohini,600,4300000
3,Flat,Rohini,900,19500000
2,Flat,Rohini,460,2600000
2,Flat,Rohini,670,3000000
2,Flat,Rohini,1000,10000000
2,Flat,Rohini,495,5100000
3,Flat,Rohini,650,3300000
2,Flat,Rohini,900,5500000
2,Flat,Rohini,675,7500000
2,Flat,Rohini,600,5500000
3,Flat,Rohini,1000,14500000
2,Flat,Rohini,750,3800000
2,Flat,Rohini,850,11000000
3,Flat,Rohini,1200,12000000
2,Flat,Rohini,800,12700000
2,Flat,Rohini,1350,23000000
2,Flat,Rohini,400,3800000
2,Flat,Rohini,1100,17000000
2,Flat,Rohini,1000,15000000
3,Flat,Rohini,1000,5000000
3,House,Rohini,900,10000000
2,House,Rohini,1300,3950000
2,Flat,Rohini,1100,13000000
2,Flat,Rohini,1050,10500000
3,Flat,Rohini,1150,16000000
2,Flat,Rohini,810,14000000
2,Flat,Rohini,670,2800000
2,Flat,Rohini,1200,17000000
2,Flat,Rohini,960,12000000
2,Flat,Rohini,650,6500000
2,Flat,Rohini,1100,18500000
3,Flat,Rohini,950,14000000
2,Flat,Rohini,810,10500000
2,Flat,Rohini,1000,12500000
2,Flat,Rohini,900,8500000
2,Flat,Rohini,1000,9000000
3,Flat,Rohini,1250,18500000
2,Flat,Rohini,1400,19000000
2,Flat,Rohini,1100,25000000
3,Flat,Rohini,753,20000000
3,Flat,Rohini,753,3600000
2,Flat,Rohini,753,14100000
2,Flat,Rohini,753,9800000
2,Flat,Rohini,753,5000000
3,House,Rohini,753,32500000
3,Flat,Rohini,753,21000000
2,Flat,Rohini,753,5500000
2,Flat,Rohini,753,21000000
2,Flat,Rohini,753,6200000
2,Flat,Rohini,753,6000000
3,House,Rohini,753,5400000
2,Flat,Rohini,753,12500000
3,Flat,Rohini,753,4000000
3,Flat,Rohini,753,6600000
2,Flat,Rohini,753,11500000
2,Flat,Rohini,753,2700000
2,Flat,Rohini,753,6400000
3,Flat,Rohini,753,14000000
3,Flat,Rohini,753,3500000
2,Flat,Rohini,753,3050000
2,House,Rohini,753,4500000
3,Flat,Rohini,753,5500000
3,Flat,Rohini,753,5100000
3,Flat,Rohini,753,6500000
2,Flat,Rohini,753,3200000
2,Flat,Shimla,1095,9600000
2,Flat,Shimla,1039,7090000
2,Flat,Shimla,750,10000000
2,Flat,Shimla,820,8500000
3,Flat,Shimla,1350,14500000
3,Villa,Shimla,2400,55000000
3,House,Shimla,1620,7900000
3,Flat,Shimla,1500,13000000
3,Flat,Shimla,1200,7500000
2,Flat,Shimla,700,7500000
3,Flat,Shimla,1350,7800000
2,Flat,Shimla,750,6200000
3,Flat,Shimla,1020,10600000
2,Flat,Shimla,800,6500000
3,Flat,Shimla,1450,8900000
3,House,Shimla,3600,30000000
2,Flat,Shimla,800,6000000
2,Flat,Shimla,550,5800000
3,Flat,Shimla,1297,9500000
3,Villa,Shimla,1250,22000000
2,Flat,Shimla,1200,3000000
2,Flat,Shimla,800,3200000
3,Flat,Shimla,1400,8500000
3,House,Shimla,5000,95000000
2,Flat,Shimla,1800,15500000
2,Flat,Shimla,750,7200000
2,Flat,Shimla,800,5600000
2,Flat,Shimla,1000,10100000
2,Flat,Shimla,1100,10000000
3,Flat,Shimla,1050,3800000
2,Flat,Shimla,1200,7000000
3,Flat,Shimla,1950,15000000
3,Flat,Shimla,1450,14500000
2,Flat,Shimla,1095,9800000
3,Flat,Shimla,4500,5500000
2,Flat,Shimla,750,4300000
2,House,Shimla,2200,10000000
2,Flat,Shimla,1500,6000000
3,Flat,Shimla,1000,6700000
3,Flat,Shimla,1330,12000000
2,Flat,Shimla,1000,8500000
2,Flat,Shimla,1200,8000000
2,House,Shimla,1200,6300000
3,Flat,Shimla,800,6500000
2,Flat,Shimla,1100,15000000
3,Flat,Shimla,1550,8700000
3,Flat,Shimla,1250,15000000
2,House,Shimla,1500,10000000
3,Flat,Shimla,1550,12500000
2,Flat,Shimla,800,7500000
3,Flat,Shimla,1050,8800000
2,Flat,Shimla,1286,8000000
3,Flat,Shimla,1200,8000000
3,House,Shimla,1035,7100000
2,House,Shimla,700,4800000
3,Flat,Shimla,1500,9500000
3,Flat,Shimla,1150,7500000
2,House,Shimla,1500,3500000
3,Flat,Shimla,1000,4500000
3,House,Shimla,1400,9000000
3,Flat,Shimla,1200,6500000
2,Flat,Shimla,700,4800000
2,Flat,Shimla,800,4200000
3,Flat,Shimla,1100,6000000
2,Flat,Shimla,1250,6500000
2,Flat,Shimla,500,2500000
3,Flat,Shimla,1450,9000000
3,Flat,Shimla,1400,12200000
3,Flat,Shimla,1400,9500000
2,Flat,Shimla,1020,7500000
2,Flat,Shimla,1070,5500000
3,Flat,Shimla,1200,800000
3,Flat,Shimla,1201,10000000
2,Flat,Shimla,1201,4200000
2,Flat,Thane,670,10400000
5,Flat,Thane,2722,85399999
1,Flat,Thane,433,4610000
3,Flat,Thane,830,16800000
4,Flat,Thane,2040,57500000
2,Flat,Thane,740,8820000
2,Flat,Thane,565,13000000
3,Flat,Thane,1047,26900000
2,Flat,Thane,688,16399999
3,Flat,Thane,1023,20299999
3,Flat,Thane,903,20299999
2,Flat,Thane,604,10700000
3,Flat,Thane,962,22100000
4,Flat,Thane,1684,35700000
3,Flat,Thane,1137,27200000
4,Villa,Thane,5750,41500000
4,Flat,Thane,2235,52500000
2,Flat,Thane,540,6420000
2,Flat,Thane,782,7420000
3,Flat,Thane,962,18700000
1,Flat,Thane,375,3820000
3,Flat,Thane,1313,13600000
3,Flat,Thane,882,20600000
1,Flat,Thane,371,8290000
4,Flat,Thane,1894,38700000
3,Flat,Thane,1455,40500000
2,Flat,Thane,760,18100000
1,Flat,Thane,440,4500000
1,Flat,Thane,485,9500000
1,Flat,Thane,400,5900000
1,Flat,Thane,391,7800000
2,Flat,Thane,735,14700000
4,Flat,Thane,1672,44100000
2,Flat,Thane,666,14600000
2,Flat,Thane,606,6950000
2,Flat,Thane,793,7700000
3,Flat,Thane,940,16200000
1,Flat,Thane,357,9640000
2,Flat,Thane,754,17900000
3,Flat,Thane,1115,22000000
2,Flat,Thane,645,14900000
2,Flat,Thane,500,7500000
4,Flat,Thane,1753,49900000
2,Flat,Thane,625,18300000
1,Flat,Thane,430,11500000
3,Flat,Thane,1300,42500000
2,Flat,Thane,600,9000000
3,Flat,Thane,1174,21000000
2,Flat,Thane,670,15500000
2,Flat,Thane,555,14900000
2,Flat,Thane,702,18800000
1,Flat,Thane,449,4900000
3,Flat,Thane,1123,24800000
2,Flat,Thane,540,11000000
2,Flat,Thane,754,17800000
3,Flat,Thane,934,10800000
4,Flat,Thane,1688,55000000
3,Flat,Thane,1231,28000000
4,Flat,Thane,722,55400000
3,Flat,Thane,1307,34800000
3,Flat,Thane,995,23900000
2,Flat,Thane,750,19900000
3,Flat,Thane,870,7500000
2,Flat,Thane,650,12500000
3,Flat,Thane,1293,30000000
1,Flat,Thane,400,6800000
2,Flat,Thane,887,15500000
2,Flat,Thane,600,9200000
2,Flat,Thane,820,19000000
1,Flat,Thane,404,8900000
2,Flat,Thane,628,12400000
2,Flat,Thane,750,20900000
2,Flat,Thane,868,19600000
3,Flat,Thane,1115,19800000
3,Flat,Thane,983,26700000
2,Flat,Thane,502,6800000
2,Flat,Thane,845,19900000
3,Flat,Thane,1074,23300000
2,Flat,Thane,670,10000000
2,Flat,Thane,558,8200000
3,Flat,Thane,1103,15100000
2,Flat,Thane,783,19800000
1,Flat,Thane,441,9700000
1,Flat,Thane,458,10100000
1,Flat,Thane,476,10500000
1,Flat,Thane,314,1750000
2,Flat,Thane,610,8500000
3,Flat,Thane,1103,14100000
2,Flat,Thane,710,4250000
2,Flat,Thane,530,13000000
2,Flat,Thane,660,11500000
2,Flat,Thane,642,14400000
3,Flat,Thane,894,21000000
2,Flat,Thane,485,8300000
2,Flat,Thane,690,16200000
1,Flat,Thane,459,3800000
2,Flat,Thane,615,16600000
2,Flat,Thane,650,10000000
2,Flat,Thane,650,8740000
2,Flat,Thane,779,15500000
1,Flat,Thane,407,2520000
3,Flat,Thane,1140,31800000
1,Flat,Thane,449,2500000
2,Flat,Thane,665,5500000
3,Flat,Thane,1104,13500000
2,Flat,Thane,565,11000000
2,Flat,Thane,805,17200000
2,Flat,Thane,713,12000000
3,Flat,Thane,990,19000000
3,Villa,Thane,1963,36500000
1,Flat,Thane,395,9000000
2,Flat,Thane,650,15800000
2,Flat,Thane,791,7700000
2,Flat,Thane,600,4170000
1,Flat,Thane,612,13500000
4,Flat,Thane,2235,58400000
2,Flat,Thane,750,11000000
2,Flat,Thane,750,12500000
1,Flat,Thane,575,4700000
1,Flat,Thane,425,1880000
3,Flat,Thane,1120,14500000
2,Flat,Thane,675,5200000
1,Flat,Thane,500,9000000
2,Flat,Thane,509,6000000
2,Flat,Thane,558,8500000
2,Flat,Thane,500,6000000
2,Flat,Thane,600,6500000
4,Villa,Thane,2295,35900000
2,Flat,Thane,530,9900000
3,Flat,Thane,1109,25000000
1,Flat,Thane,457,5200000
2,Flat,Thane,765,5500000
1,Flat,Thane,560,4000000
1,Flat,Thane,450,4700000
1,Flat,Thane,515,4200000
4,Flat,Thane,1837,30600000
2,Flat,Thane,572,6200000
2,Flat,Thane,583,10500000
3,Flat,Thane,876,6800000
2,Flat,Thane,775,6500000
1,Flat,Thane,425,9000000
2,Flat,Thane,856,15500000
2,Flat,Thane,650,10500000
3,Flat,Thane,1000,22500000
2,Flat,Thane,530,10500000
2,Flat,Thane,586,5600000
2,Flat,Thane,530,8000000
2,Flat,Thane,804,15500000
4,Flat,Thane,1490,42000000
3,Flat,Thane,1200,6400000
3,Flat,Thane,1440,6000000
3,Villa,Thane,2800,60000000
1,Flat,Thane,476,10800000
1,Flat,Thane,439,4200000
3,Flat,Thane,1340,33500000
2,Flat,Thane,586,7300000
1,Flat,Thane,450,5850000
1,Flat,Thane,480,9500000
4,Flat,Thane,1700,59700000
1,Flat,Thane,470,10500000
4,Flat,Thane,1800,50500000
3,Flat,Thane,1057,25800000
2,Flat,Thane,835,22000000
1,Flat,Thane,351,5500000
1,Flat,Thane,420,2100000
2,Flat,Thane,575,5650000
2,Flat,Thane,950,4000000
2,Flat,Thane,450,4800000
2,Flat,Thane,492,4500000
2,Flat,Thane,850,3700000
2,Flat,Thane,711,14000000
1,Flat,Thane,550,3100000
2,Flat,Thane,768,4100000
1,Flat,Thane,451,4500000
2,Flat,Thane,1011,9000000
1,Flat,Thane,500,3350000
2,Flat,Thane,671,16900000
2,Flat,Thane,650,5500000
2,Flat,Thane,680,11100000
1,Flat,Thane,450,7700000
2,Flat,Thane,700,11000000
1,Flat,Thane,401,4000000
3,Flat,Thane,1500,49000000
1,Flat,Thane,694,1850000
2,Flat,Thane,759,9200000
1,Flat,Thane,526,5700000
2,Flat,Thane,575,6700000
2,Flat,Thane,845,4200000
2,Flat,Thane,639,5100000
1,Flat,Thane,550,5000000
2,Flat,Thane,702,11000000
1,Flat,Thane,502,4500000
1,Flat,Thane,650,2700000
1,Flat,Thane,716,3000000
2,Flat,Thane,685,18500000
3,Flat,Thane,1200,35000000
1,Flat,Thane,500,4110000
3,Flat,Thane,997,22900000
1,Flat,Thane,700,9900000
3,Flat,Thane,1500,21500000
1,Flat,Thane,421,4200000
3,House,Thane,2800,65000000
3,Flat,Thane,1476,19800000
2,Flat,Thane,780,17000000
2,Flat,Thane,685,12500000
2,Flat,Thane,517,13000000
2,Flat,Thane,515,13000000
3,Flat,Thane,1000,12000000
3,Flat,Thane,876,8600000
1,Flat,Thane,450,6700000
2,Flat,Thane,750,4000000
2,Flat,Thane,590,9000000
2,Flat,Thane,1000,8650000
2,Flat,Thane,550,2800000
1,Flat,Thane,450,3400000
2,Flat,Thane,1005,3600000
1,Flat,Thane,625,3500000
1,Flat,Thane,700,3000000
2,Flat,Thane,700,3000000
2,Flat,Thane,775,4000000
1,Flat,Thane,550,2650000
3,Flat,Thane,1150,25000000
1,Flat,Thane,527,5500000
1,Flat,Thane,750,3700000
1,Flat,Thane,650,6500000
2,Flat,Thane,775,9500000
3,Flat,Thane,1100,5500000
2,Flat,Thane,1492,8000000
3,Villa,Thane,285,2300000
2,Villa,Thane,285,750000
4,Villa,Thane,360,1700000
2,Villa,Thane,180,1500000
3,House,Trichy,1200,5750000
4,House,Trichy,2200,19000000
2,Villa,Trichy,1050,5900000
3,Flat,Trichy,1375,9200000
5,House,Trichy,3700,25000000
2,Flat,Trichy,995,6700000
3,Flat,Trichy,1618,15000000
2,Flat,Trichy,1112,9000000
6,House,Trichy,2200,11900000
2,Flat,Trichy,950,4280000
3,Flat,Trichy,2050,15000000
4,House,Trichy,2109,35000000
3,Flat,Trichy,1251,9200000
3,Flat,Trichy,1305,11000000
2,House,Trichy,870,4500000
3,Flat,Trichy,1390,8200000
2,Flat,Trichy,840,6000000
3,House,Trichy,2500,9500000
2,Flat,Trichy,1037,5670000
4,House,Trichy,2800,17000000
2,Villa,Trichy,525,3200000
2,Flat,Trichy,680,4950000
2,Flat,Trichy,914,3500000
2,Flat,Trichy,912,6000000
2,House,Trichy,1200,4100000
3,Flat,Trichy,1636,10000000
3,Villa,Trichy,2400,13000000
4,House,Trichy,2600,12500000
3,House,Trichy,1650,7000000
2,Flat,Trichy,1006,5990000
2,Flat,Trichy,960,4000000
2,House,Trichy,1500,12500000
6,House,Trichy,4600,22500000
2,Flat,Trichy,568,2700000
3,House,Trichy,1350,9500000
2,House,Trichy,1200,2500000
4,House,Trichy,2600,13000000
3,House,Trichy,2400,50000000
6,House,Trichy,2840,16800000
3,Villa,Trichy,1800,7500000
2,Flat,Trichy,900,6000000
2,House,Trichy,1200,8700000
6,House,Trichy,3300,16500000
2,Flat,Trichy,1200,810000
3,House,Trichy,1450,9000000
5,Villa,Trichy,2400,11000000
4,House,Trichy,1350,6900000
2,House,Trichy,1250,7500000
2,Flat,Trichy,924,6500000
3,House,Trichy,4800,60000000
2,House,Trichy,1567,4800000
4,House,Trichy,2840,11000000
3,House,Trichy,1200,6800000
3,Flat,Trichy,1086,11500000
1,House,Trichy,550,1200000
2,House,Trichy,1000,6500000
4,House,Trichy,3600,20000000
2,House,Trichy,1100,6500000
2,Flat,Trichy,878,5500000
3,Flat,Trichy,1825,14500000
2,House,Trichy,1400,9500000
1,Flat,Trichy,1200,500000
4,House,Trichy,1700,11000000
2,Flat,Trichy,1505,8000000
1,House,Trichy,2400,18000000
3,Flat,Trichy,1600,9750000
3,Flat,Trichy,100,7500000
9,House,Trichy,3690,14500000
2,House,Trichy,1000,4800000
3,Flat,Trichy,1450,9500000
2,House,Trichy,700,4990000
2,House,Trichy,1400,9800000
3,Flat,Trichy,1622,9500000
2,House,Trichy,1200,6500000
4,House,Trichy,2500,16000000
2,Flat,Trichy,1000,4000000
1,Villa,Trichy,1200,3200000
2,House,Trichy,1200,4500000
6,Flat,Trichy,1760,17500000
4,House,Trichy,2100,9900000
6,House,Trichy,3200,9000000
1,Flat,Trichy,635,3500000
3,Flat,Trichy,1200,3500000
5,House,Trichy,9600,25000000
2,House,Trichy,850,4800000
2,Flat,Trichy,784,4600000
1,House,Trichy,600,5500000
4,House,Trichy,1840,15000000
2,House,Trichy,1200,4700000
2,Flat,Trichy,1100,9500000
2,Flat,Trichy,980,6000000
5,House,Trichy,3200,40000000
8,House,Trichy,1600,21500000
2,Flat,Trichy,950,4500000
1,House,Trichy,600,4300000
3,Flat,Trichy,1000,800000
2,House,Trichy,1200,1440000
3,House,Trichy,1200,6500000
3,Flat,Trichy,2050,14500000
1,House,Trichy,855,5130000
3,Flat,Trichy,1300,8000000
3,Flat,Trichy,1377,7500000
2,Flat,Trichy,1130,8700000
3,House,Trichy,1524,6500000
2,Flat,Trichy,1000,4200000
2,House,Trichy,1000,9500000
2,House,Trichy,722,3400000
3,House,Trichy,1050,12500000
4,House,Trichy,1700,8000000
3,Flat,Trichy,1185,5600000
2,House,Trichy,1100,7500000
3,Flat,Trichy,1200,9600000
3,House,Trichy,1600,11500000
4,Villa,Trichy,2500,10000000
2,Flat,Trichy,1240,8500000
2,Flat,Trichy,1000,1100000
2,Flat,Trichy,1172,2500000
3,House,Trichy,2500,9000000
1,Flat,Trichy,890,250000
2,Flat,Trichy,780,3500000
4,House,Trichy,4000,14500000
2,House,Trichy,1200,2400000
2,House,Trichy,1500,7000000
2,House,Trichy,2400,17000000
2,Flat,Trichy,760,5400000
2,House,Trichy,950,5200000
3,Villa,Trichy,255,1789999
2,House,Trichy,4360,14000000
3,House,Trichy,1368,8500000
2,House,Trichy,600,2000000
3,Flat,Trichy,1360,8500000
1,Flat,Trichy,620,3700000
5,House,Trichy,5500,22000000
3,House,Trichy,3500,15700000
2,Flat,Trichy,845,5910000
3,Flat,Trichy,1200,4200000
3,Villa,Trichy,1200,8000000
2,Villa,Trichy,800,3400000
2,Flat,Trichy,963,5500000
2,House,Trichy,1700,5000000
2,House,Trichy,1100,4400000
4,House,Trichy,1200,8400000
2,Flat,Trichy,869,6000000
2,Flat,Trichy,1076,6000000
2,House,Trichy,100,5500000
2,Villa,Trichy,1100,8500000
2,Flat,Trichy,802,4400000
2,Flat,Trichy,1570,3000000
2,Villa,Trichy,900,5000000
2,House,Trichy,950,11299999
2,Flat,Trichy,988,5000000
2,House,Trichy,1500,7200000
4,House,Trichy,2400,11500000
4,House,Trichy,1800,14500000
2,Flat,Trichy,613,3100000
1,House,Trichy,2730,1000000
2,House,Trichy,1500,5500000
2,Flat,Trichy,786,3760000
3,House,Trichy,1300,7500000
3,Villa,Trichy,1400,8000000
3,House,Trichy,1850,16000000
2,Flat,Trichy,825,3700000
3,House,Trichy,2688,13400000
4,House,Trichy,1200,8000000
4,House,Trichy,1400,12000000
2,Flat,Trichy,1200,7000000
2,Flat,Trichy,945,4200000
2,House,Trichy,1500,5600000
1,Flat,Trichy,750,5200000
4,Villa,Trichy,2060,16000000
4,Flat,Trichy,1600,16500000
2,Flat,Trichy,700,3000000
2,House,Trichy,1400,12500000
3,House,Trichy,2000,5000000
3,House,Trichy,2100,20000000
3,Flat,Trichy,1400,7000000
1,House,Trichy,700,6000000
2,House,Trichy,1200,7000000
2,Flat,Trichy,810,2500000
6,House,Trichy,4000,15000000
2,Flat,Trichy,930,5000000
2,Flat,Trichy,1353,8900000
2,Flat,Trichy,980,4500000
1,Flat,Trichy,488,2000000
1,Flat,Trichy,350,1500000
3,House,Trichy,3000,16000000
4,House,Trichy,1800,8000000
2,House,Trichy,1250,3600000
2,Flat,Trichy,1084,7000000
2,Flat,Trichy,536,1500000
3,House,Trichy,1700,8500000
2,House,Trichy,1620,6000000
3,Flat,Trichy,1500,7500000
2,Flat,Trichy,742,4500000
3,House,Trichy,1100,6800000
3,Flat,Trichy,1230,4550000
1,Flat,Trichy,570,2300000
2,House,Trichy,1240,5400000
2,Flat,Trichy,850,6500000
3,Villa,Trichy,1235,7800000
3,Flat,Trichy,1326,8400000
4,House,Trichy,680,5500000
2,House,Trichy,900,17500000
3,Flat,Trichy,1224,9500000
2,House,Trichy,2450,8400000
2,Flat,Trichy,1127,5600000
2,House,Trichy,1000,6000000
2,House,Trichy,800,7000000
2,Flat,Trichy,930,6500000
2,House,Trichy,2700,5000000
2,Flat,Trichy,950,7500000
2,Flat,Trichy,975,3500000
3,House,Trichy,1872,11100000
2,Flat,Trichy,850,3300000
5,House,Trichy,1100,19800000
2,Flat,Trichy,800,1600000
2,Villa,Trichy,896,2550000
2,Villa,Trichy,200,960000
2,Flat,Trichy,800,5000000
3,House,Trichy,1172,6000000
2,House,Trichy,950,4000000
3,House,Trichy,3200,7100000
3,House,Trichy,1250,3500000
3,Flat,Trichy,1300,8200000
2,Flat,Trichy,805,3500000
3,Flat,Trichy,1270,6000000
2,House,Trichy,850,3350000
2,House,Trichy,800,2100000
2,Flat,Trichy,972,5200000
2,Flat,Trichy,1034,6800000
2,House,Trichy,1031,4500000
2,House,Trichy,1080,5500000
3,House,Trichy,1500,6000000
2,Villa,Trichy,1000,11000000
2,Flat,Trichy,700,3400000
2,Flat,Trichy,730,3600000
2,House,Trichy,6000,6000000
1,House,Trichy,650,1500000
3,Flat,Trichy,950,9500000
2,House,Trichy,1050,4800000
2,Flat,Trichy,900,3000000
2,Villa,Trichy,1225,6200000
2,Flat,Trichy,770,4000000
4,House,Trichy,890,8000000
2,House,Trichy,1500,8000000
2,House,Trichy,950,650000
2,House,Trichy,900,3900000
2,Flat,Trichy,950,6500000
1,House,Trichy,300,3000000
3,Flat,Trichy,1560,6050000
3,House,Trichy,1600,13500000
2,Flat,Trichy,960,3710000
2,House,Trichy,1605,11000000
2,Flat,Trichy,1605,9000000
3,Flat,Trichy,1605,7620000
3,Villa,Trichy,9200,27000000
1,Flat,Trichy,1605,1400000
1,Flat,Trichy,1605,2500000
3,Villa,Trichy,1605,6000000
2,Flat,Udaipur,1175,6500000
3,Flat,Udaipur,1800,9000000
3,Flat,Udaipur,1710,8500000
3,Flat,Udaipur,1699,8000000
3,Flat,Udaipur,2500,9200000
3,Flat,Udaipur,1485,4500000
2,Villa,Udaipur,960,4200000
2,Flat,Udaipur,1400,4500000
3,Flat,Udaipur,1050,4200000
3,House,Udaipur,2150,8500000
3,Flat,Udaipur,1650,6500000
3,Flat,Udaipur,1850,6200000
3,Villa,Udaipur,1800,10000000
2,Flat,Udaipur,1150,4600000
3,Flat,Udaipur,1699,6800000
3,House,Udaipur,975,6300000
3,Flat,Udaipur,1650,6150000
2,Flat,Udaipur,1100,2500000
2,Flat,Udaipur,800,4500000
3,Flat,Udaipur,1468,7500000
2,Flat,Udaipur,1283,5500000
2,Flat,Udaipur,900,4500000
2,Flat,Udaipur,830,4000000
2,Flat,Udaipur,1000,2900000
2,Villa,Udaipur,1200,5600000
3,House,Udaipur,1300,6500000
2,Flat,Udaipur,988,4000000
3,House,Udaipur,1920,13500000
2,Flat,Udaipur,1187,4000000
2,Flat,Udaipur,1260,6950000
2,Flat,Udaipur,1285,4500000
2,Villa,Udaipur,3000,13600000
3,Flat,Udaipur,1700,7400000
2,Flat,Udaipur,900,3500000
2,Flat,Udaipur,855,2000000
2,Flat,Udaipur,1150,5500000
3,House,Udaipur,1450,6500000
3,Flat,Udaipur,1500,5250000
3,Villa,Udaipur,1800,6550000
3,House,Udaipur,2200,10000000
3,House,Udaipur,1000,4500000
2,Flat,Udaipur,1330,4400000
2,House,Udaipur,1125,5000000
2,House,Udaipur,1000,5000000
2,House,Udaipur,494,3600000
3,House,Udaipur,1000,6000000
2,Flat,Udaipur,1100,5000000
2,Flat,Udaipur,1080,3300000
3,House,Udaipur,1000,5000000
3,Villa,Udaipur,1100,5700000
3,House,Udaipur,1600,18000000
2,Flat,Udaipur,577,5700000
3,House,Udaipur,1800,4500000
2,Flat,Udaipur,1350,7000000
2,Flat,Udaipur,950,3300000
2,Flat,Udaipur,1150,4200000
2,Flat,Udaipur,1237,5500000
3,House,Udaipur,2310,19000000
2,House,Udaipur,1200,15000000
2,Flat,Udaipur,1320,6000000
2,Flat,Udaipur,150,2500000
2,Villa,Udaipur,1250,6000000
3,Flat,Udaipur,1200,15000000
2,Villa,Udaipur,700,4500000
3,Flat,Udaipur,1564,6000000
3,House,Udaipur,960,8500000
3,Villa,Udaipur,5000,20000000
2,House,Udaipur,745,5000000
2,Flat,Udaipur,1000,3000000
2,House,Udaipur,1125,4550000
3,Flat,Udaipur,1650,6300000
3,Flat,Udaipur,1700,5800000
2,House,Udaipur,1000,1200000
3,Flat,Udaipur,1700,13000000
2,Villa,Udaipur,1000,2550000
3,House,Udaipur,1141,10000000
2,Flat,Udaipur,800,3000000
3,Villa,Udaipur,745,2850000
3,Flat,Udaipur,1340,7300000
3,Flat,Udaipur,1150,2900000
2,Flat,Udaipur,625,1900000
2,Flat,Udaipur,850,2200000
3,House,Udaipur,1100,4500000
3,House,Udaipur,2250,12500000
3,Flat,Udaipur,1100,6000000
2,Flat,Udaipur,435,1850000
3,Flat,Udaipur,1250,7400000
2,House,Udaipur,1000,4000000
2,Flat,Udaipur,1420,8100000
3,Flat,Udaipur,1850,5500000
2,House,Udaipur,1600,9000000
3,Flat,Udaipur,1560,3279999
3,House,Udaipur,720,4600000
3,Villa,Udaipur,3200,33000000
2,Flat,Udaipur,550,1400000
3,Flat,Udaipur,1789,5500000
2,Flat,Udaipur,1073,3870000
2,Flat,Udaipur,1125,6200000
3,Villa,Udaipur,1210,5500000
2,Flat,Udaipur,950,4500000
2,Flat,Udaipur,800,1900000
3,Flat,Udaipur,1250,3600000
3,Flat,Udaipur,1300,6000000
2,Villa,Udaipur,1600,6000000
2,Flat,Udaipur,930,2500000
3,Flat,Udaipur,1400,6000000
3,House,Udaipur,1000,7200000
2,House,Udaipur,525,4000000
2,Flat,Udaipur,875,3000000
3,Flat,Udaipur,2310,6500000
3,House,Udaipur,650,3500000
2,Flat,Udaipur,615,2800000
3,Flat,Udaipur,1938,13500000
2,Flat,Udaipur,930,3400000
2,House,Udaipur,920,4000000
2,House,Udaipur,2500,5500000
3,Flat,Udaipur,1200,7500000
3,Flat,Udaipur,1450,5500000
3,Flat,Udaipur,1418,4650000
2,House,Udaipur,1000,2710000
3,Flat,Udaipur,1168,5500000
2,Flat,Udaipur,1430,5200000
3,Flat,Udaipur,1590,18000000
3,House,Udaipur,1500,9500000
3,Flat,Udaipur,1400,13000000
3,Flat,Udaipur,1500,6000000
2,House,Udaipur,1087,5500000
2,Flat,Udaipur,577,6150000
3,Villa,Udaipur,3000,12500000
2,Flat,Udaipur,1270,6350000
2,Flat,Udaipur,950,5200000
2,Flat,Udaipur,930,4500000
3,House,Udaipur,1500,3250000
3,Flat,Udaipur,1355,6000000
2,House,Udaipur,900,2550000
2,Flat,Udaipur,1082,4600000
2,Flat,Udaipur,1418,3200000
2,Flat,Udaipur,625,2000000
3,House,Udaipur,1800,9200000
2,House,Udaipur,1000,3000000
3,Flat,Udaipur,1945,8700000
3,Villa,Udaipur,3200,30000000
2,House,Udaipur,960,4000000
2,Flat,Udaipur,800,4200000
2,House,Udaipur,550,4500000
3,Flat,Udaipur,1400,3800000
2,Flat,Udaipur,620,1850000
2,Flat,Udaipur,1050,4200000
2,Flat,Udaipur,750,5500000
3,Flat,Udaipur,1800,10800000
3,Villa,Udaipur,1800,4000000
2,House,Udaipur,900,12000000
3,Flat,Udaipur,2400,12500000
3,Flat,Udaipur,2247,10000000
2,Flat,Udaipur,1060,3500000
2,Flat,Udaipur,803,4200000
2,Villa,Udaipur,1000,8000000
3,House,Udaipur,2100,17500000
2,House,Udaipur,855,1450000
2,House,Udaipur,1185,5500000
2,Flat,Udaipur,700,2200000
3,Flat,Udaipur,1820,10000000
2,Flat,Udaipur,500,1250000
3,House,Udaipur,1200,6000000
2,Flat,Udaipur,1000,2800000
2,Flat,Udaipur,900,7000000
2,House,Udaipur,750,3750000
3,Flat,Udaipur,1347,7200000
2,Flat,Udaipur,550,2200000
3,Flat,Udaipur,2364,13500000
2,Flat,Udaipur,1070,4750000
3,Flat,Udaipur,1640,3700000
3,House,Udaipur,650,2400000
3,House,Udaipur,1000,4850000
3,Villa,Udaipur,1350,4300000
3,House,Udaipur,1200,7000000
3,House,Udaipur,1300,5100000
3,House,Udaipur,1250,6500000
3,House,Udaipur,1000,6500000
3,Flat,Udaipur,1340,7200000
3,House,Udaipur,1370,7500000
2,Flat,Udaipur,750,4000000
3,Flat,Udaipur,1530,5500000
2,Flat,Udaipur,855,2350000
3,Flat,Udaipur,1157,4500000
2,Flat,Udaipur,1200,4500000
3,Flat,Udaipur,2200,12100000
3,House,Udaipur,906,3200000
3,House,Udaipur,1500,5000000
3,Flat,Udaipur,2317,7000000
3,Villa,Udaipur,1650,5000000
3,Flat,Udaipur,1169,5500000
3,House,Udaipur,1200,5000000
3,House,Udaipur,960,4400000
3,House,Udaipur,1100,4050000
3,House,Udaipur,1350,5100000
2,Flat,Udaipur,793,2500000
3,Flat,Udaipur,1564,4000000
3,Flat,Udaipur,1400,5500000
3,Villa,Udaipur,450,3500000
3,House,Udaipur,900,4500000
3,House,Udaipur,1500,4650000
3,Flat,Udaipur,1020,4500000
3,Flat,Udaipur,2175,9800000
2,House,Udaipur,900,2800000
3,House,Udaipur,1500,7000000
3,House,Udaipur,1668,7900000
3,House,Udaipur,1360,4100000
2,Flat,Udaipur,940,4200000
2,Flat,Udaipur,550,1500000
3,House,Udaipur,1300,2500000
3,House,Udaipur,1291,6500000
3,Flat,Udaipur,150,7000000
3,House,Udaipur,2300,7000000
2,Flat,Udaipur,1550,6500000
2,House,Udaipur,1450,3300000
2,Flat,Udaipur,1250,4000000
2,Flat,Udaipur,1270,4600000
2,House,Udaipur,1200,4800000
3,Flat,Udaipur,1350,6000000
3,Flat,Udaipur,1617,5500000
3,Villa,Udaipur,1500,7500000
3,Flat,Udaipur,1625,5500000
2,Flat,Udaipur,985,2700000
2,Flat,Udaipur,1000,2100000
3,Flat,Udaipur,1250,3500000
2,House,Udaipur,1000,2500000
3,House,Udaipur,2200,5800000
2,House,Udaipur,1350,4600000
3,Villa,Udaipur,1225,4500000
3,Flat,Udaipur,985,6000000
2,House,Udaipur,2014,5200000
3,Flat,Udaipur,2014,6000000
4,Flat,Vadodara,1592,15000000
3,Flat,Vadodara,1200,7800000
3,Flat,Vadodara,1260,6630000
3,Flat,Vadodara,1490,7759999
4,Flat,Vadodara,2892,12700000
4,Flat,Vadodara,1492,14500000
4,Flat,Vadodara,3640,16000000
4,Flat,Vadodara,4100,18900000
4,Flat,Vadodara,1850,12500000
4,Flat,Vadodara,2065,14000000
4,Flat,Vadodara,2192,14000000
4,Flat,Vadodara,2200,14500000
3,Flat,Vadodara,1423,9880000
5,Villa,Vadodara,2025,15500000
5,Flat,Vadodara,2100,10200000
4,Flat,Vadodara,1600,8359999
4,Flat,Vadodara,2432,18300000
3,Flat,Vadodara,938,4950000
4,Flat,Vadodara,2875,8059999
3,Flat,Vadodara,1160,4900000
4,Flat,Vadodara,2456,19000000
4,Flat,Vadodara,2500,13700000
4,Flat,Vadodara,4473,18800000
4,Flat,Vadodara,4280,14000000
3,Flat,Vadodara,1168,6200000
3,Flat,Vadodara,1501,4580000
3,Flat,Vadodara,1800,5700000
4,House,Vadodara,1943,11000000
4,Villa,Vadodara,2250,12000000
3,Flat,Vadodara,1408,8300000
3,Flat,Vadodara,1450,7500000
2,Flat,Vadodara,1305,2350000
1,Flat,Vadodara,500,1700000
2,Flat,Vadodara,760,4500000
2,Flat,Vadodara,780,2200000
2,Flat,Vadodara,579,2450000
4,Flat,Vadodara,3200,13000000
3,Flat,Vadodara,805,4500000
1,Flat,Vadodara,495,1500000
4,House,Vadodara,2150,5980000
3,Flat,Vadodara,1668,10000000
3,Flat,Vadodara,850,3100000
5,Flat,Vadodara,3400,31300000
3,Flat,Vadodara,1000,4900000
3,Flat,Vadodara,1900,7500000
3,Flat,Vadodara,1053,7200000
3,Flat,Vadodara,1442,9000000
3,Flat,Vadodara,1424,8000000
3,Flat,Vadodara,1100,5000000
2,Flat,Vadodara,885,2900000
5,Flat,Vadodara,3000,30000000
2,House,Vadodara,550,3200000
4,House,Vadodara,2600,13500000
3,Flat,Vadodara,1253,7200000
3,House,Vadodara,1650,11000000
2,Flat,Vadodara,1200,3250000
3,House,Vadodara,1900,9000000
3,Flat,Vadodara,2010,7400000
3,Flat,Vadodara,1250,6600000
3,Flat,Vadodara,1144,6500000
2,Flat,Vadodara,810,4200000
3,Flat,Vadodara,920,4500000
2,Flat,Vadodara,625,2500000
3,Flat,Vadodara,940,7300000
2,Flat,Vadodara,800,4000000
4,House,Vadodara,2150,13500000
3,Flat,Vadodara,1316,5500000
4,House,Vadodara,1250,12000000
3,Flat,Vadodara,1250,7890000
3,Flat,Vadodara,1095,9000000
4,House,Vadodara,1000,7000000
3,Flat,Vadodara,1160,4000000
3,Villa,Vadodara,1200,10000000
2,Flat,Vadodara,930,4000000
3,Flat,Vadodara,1369,6100000
2,Flat,Vadodara,700,5200000
3,Flat,Vadodara,1120,7500000
3,Flat,Vadodara,2304,4000000
4,Villa,Vadodara,2100,18500000
2,Flat,Vadodara,940,3850000
4,House,Vadodara,1930,16900000
3,Flat,Vadodara,1331,4900000
2,Flat,Vadodara,800,3000000
3,House,Vadodara,704,6600000
4,Flat,Vadodara,1750,9000000
3,Flat,Vadodara,1200,9000000
2,Flat,Vadodara,750,4200000
3,House,Vadodara,1189,8500000
2,Flat,Vadodara,1326,5600000
2,Flat,Vadodara,824,3600000
3,Flat,Vadodara,1550,5000000
2,Flat,Vadodara,900,3000000
3,Flat,Vadodara,1200,6900000
3,House,Vadodara,1300,5000000
3,Flat,Vadodara,980,5200000
6,Flat,Vadodara,3185,45000000
2,Flat,Vadodara,850,2800000
2,Flat,Vadodara,800,4500000
4,Villa,Vadodara,1000,16200000
2,Flat,Vadodara,650,2850000
5,House,Vadodara,3400,14100000
3,Flat,Vadodara,1104,7000000
3,Flat,Vadodara,1150,7000000
3,Flat,Vadodara,1100,4800000
3,Flat,Vadodara,1476,5400000
2,Flat,Vadodara,700,3400000
3,Flat,Vadodara,1600,5000000
2,Flat,Vadodara,750,3300000
1,Flat,Vadodara,550,2000000
3,Flat,Vadodara,1250,8000000
1,Flat,Vadodara,840,3500000
3,Villa,Vadodara,1900,8200000
3,Flat,Vadodara,1600,7500000
3,Flat,Vadodara,1400,5000000
4,Flat,Vadodara,1267,9000000
3,Flat,Vadodara,1050,6700000
1,Flat,Vadodara,800,1500000
4,House,Vadodara,1580,12500000
3,Flat,Vadodara,1500,5500000
3,Flat,Vadodara,1923,7900000
2,Flat,Vadodara,484,1900000
5,Villa,Vadodara,2860,45000000
2,Flat,Vadodara,625,2200000
2,Flat,Vadodara,740,2250000
2,Flat,Vadodara,750,3500000
3,Flat,Vadodara,1080,5600000
2,Flat,Vadodara,960,3500000
3,Flat,Vadodara,1202,11500000
2,Flat,Vadodara,1089,3100000
3,Flat,Vadodara,1025,4950000
4,Flat,Vadodara,2250,17000000
4,Flat,Vadodara,1800,12900000
3,Villa,Vadodara,600,5500000
3,Flat,Vadodara,1050,5000000
2,House,Vadodara,1020,9000000
3,Flat,Vadodara,1028,4900000
3,Flat,Vadodara,1300,9300000
3,House,Vadodara,1000,6000000
2,Flat,Vadodara,1217,4500000
2,Flat,Vadodara,714,7000000
2,Flat,Vadodara,1000,5000000
3,Flat,Vadodara,1300,6600000
2,Flat,Vadodara,957,3500000
3,Flat,Vadodara,1280,10400000
3,Flat,Vadodara,3760,15000000
4,Villa,Vadodara,1400,15100000
2,Flat,Vadodara,900,2800000
3,Flat,Vadodara,1265,9900000
2,Flat,Vadodara,675,3300000
2,Flat,Vadodara,1210,4800000
3,House,Vadodara,907,7500000
2,Flat,Vadodara,980,4500000
3,Flat,Vadodara,1000,4200000
2,Flat,Vadodara,650,2650000
2,Flat,Vadodara,650,2700000
2,Villa,Vadodara,1848,18800000
2,Flat,Vadodara,550,3500000
3,Flat,Vadodara,1250,3650000
3,Villa,Vadodara,1400,6500000
5,House,Vadodara,2000,19000000
3,Villa,Vadodara,1300,8000000
2,Flat,Vadodara,1050,3900000
3,House,Vadodara,2100,9600000
3,House,Vadodara,2120,17000000
3,Flat,Vadodara,1750,4200000
4,Flat,Vadodara,2100,7500000
2,House,Vadodara,850,3200000
3,Flat,Vadodara,884,4300000
3,Flat,Vadodara,1600,5800000
2,Flat,Vadodara,650,2800000
2,Flat,Vadodara,1153,3100000
2,Flat,Vadodara,823,3400000
2,Flat,Vadodara,1000,3000000
3,House,Vadodara,1670,15000000
2,Flat,Vadodara,650,2900000
2,Flat,Vadodara,1520,5600000
3,Flat,Vadodara,1200,6000000
3,Villa,Vadodara,850,6700000
4,House,Vadodara,1050,8500000
4,Flat,Vadodara,2301,19000000
4,Flat,Vadodara,2080,22000000
3,Flat,Vadodara,2100,8800000
2,Flat,Vadodara,1000,4500000
3,Flat,Vadodara,1250,4500000
2,Flat,Vadodara,700,2600000
3,Flat,Vadodara,1698,4700000
4,House,Vadodara,1800,12500000
3,Flat,Vadodara,1112,7500000
3,Flat,Vadodara,1500,11000000
4,House,Vadodara,2500,20000000
3,Flat,Vadodara,1100,4600000
2,Flat,Vadodara,990,2600000
2,Flat,Vadodara,706,4000000
4,Villa,Vadodara,1650,13500000
3,Flat,Vadodara,860,4200000
3,Flat,Vadodara,1325,6000000
2,Flat,Vadodara,1021,2450000
2,Flat,Vadodara,680,4200000
3,Flat,Vadodara,1331,4500000
4,House,Vadodara,2250,11000000
2,Flat,Vadodara,1150,2300000
4,Villa,Vadodara,1262,13500000
3,Flat,Vadodara,1400,10000000
2,House,Vadodara,2700,17000000
3,Flat,Vadodara,1030,6000000
2,House,Vadodara,1000,9500000
3,Flat,Vadodara,1250,11000000
3,Flat,Vadodara,900,2400000
2,Flat,Vadodara,750,3000000
2,Flat,Vadodara,1430,3000000
3,Flat,Vadodara,1070,5800000
3,Flat,Vadodara,1600,4000000
3,Flat,Vadodara,1350,7300000
3,Flat,Vadodara,1160,3600000
2,Flat,Vadodara,686,3000000
3,Flat,Vadodara,1700,7500000
3,Flat,Vadodara,1200,5700000
3,Flat,Vadodara,1450,3000000
3,Flat,Vadodara,1100,8000000
3,House,Vadodara,1200,8000000
4,Flat,Vadodara,3300,28500000
2,Flat,Vadodara,975,4100000
3,Flat,Vadodara,1300,3500000
3,Flat,Vadodara,1700,7000000
4,Villa,Vadodara,2800,20000000
3,Flat,Vadodara,980,7400000
4,Flat,Vadodara,1950,8000000
4,Villa,Vadodara,1800,9500000
3,Flat,Vadodara,1400,9200000
4,House,Vadodara,1620,8500000
5,Flat,Vadodara,3280,27000000
3,Flat,Vadodara,900,2940000
2,Flat,Vadodara,900,4200000
3,Flat,Vadodara,1200,5600000
4,Flat,Vadodara,2100,14600000
3,Flat,Vadodara,252,5000000
2,Flat,Vadodara,450,3600000
5,Flat,Vadodara,3280,30000000
1,Villa,Vadodara,750,5900000
2,Flat,Vadodara,650,4500000
1,Flat,Vadodara,600,1650000
3,Flat,Vadodara,1170,7200000
3,Flat,Vadodara,1050,4500000
2,Villa,Vadodara,600,4500000
3,Flat,Vadodara,1600,9500000
2,Flat,Vadodara,810,2900000
2,Flat,Vadodara,1200,3700000
3,Flat,Vadodara,850,4200000
2,Flat,Vadodara,939,5200000
3,House,Vadodara,1881,12000000
4,Flat,Vadodara,2200,27599999
3,Flat,Vadodara,980,4600000
2,Flat,Vadodara,700,4450000
2,Flat,Vadodara,670,3500000
3,Flat,Vadodara,1040,8000000
3,Villa,Vadodara,1100,6900000
3,House,Vadodara,2300,11000000
2,Flat,Vadodara,900,5400000
2,Flat,Vadodara,650,1240000
4,House,Vadodara,2700,20000000
4,Flat,Vadodara,1500,6000000
1,House,Vadodara,650,5800000
2,Flat,Vadodara,681,5500000
3,House,Vadodara,1050,8500000
2,Flat,Vadodara,650,3300000
4,House,Vadodara,1948,15000000
3,Flat,Vadodara,1000,6000000
3,House,Vadodara,1500,9900000
3,House,Vadodara,1350,7500000
3,Flat,Vadodara,711,4850000
1,House,Vadodara,300,2100000
3,Flat,Vadodara,1650,12500000
2,House,Vadodara,2500,15500000
2,Flat,Vadodara,1050,2700000
3,House,Vadodara,1015,8000000
3,Flat,Vadodara,1808,4000000
2,Flat,Vadodara,1808,2300000
3,House,Warangal,1300,18000000
2,Flat,Warangal,1320,6800000
2,Flat,Warangal,1085,4800000
3,Villa,Warangal,2000,14000000
2,House,Warangal,1494,19000000
3,House,Warangal,2100,13000000
2,House,Warangal,1700,9500000
2,House,Warangal,1200,7200000
2,House,Warangal,1170,10000000
2,Flat,Warangal,1100,4500000
3,Flat,Warangal,1800,8000000
2,House,Warangal,1500,29400000
2,House,Warangal,1800,15400000
3,Flat,Warangal,1486,7500000
3,Flat,Warangal,1440,6900000
2,House,Warangal,3573,12000000
2,Flat,Warangal,1103,4200000
2,Flat,Warangal,1150,4500000
2,House,Warangal,1100,5500000
2,House,Warangal,1019,13000000
2,Flat,Warangal,1243,5500000
2,House,Warangal,800,3800000
2,House,Warangal,1350,7200000
2,Flat,Warangal,1270,5100000
3,Flat,Warangal,1540,6500000
2,House,Warangal,1800,7000000
2,House,Warangal,1800,7500000
3,House,Warangal,2500,16000000
3,Flat,Warangal,1275,6900000
2,Flat,Warangal,1100,5000000
2,House,Warangal,1872,9500000
3,Flat,Warangal,1300,8000000
3,Flat,Warangal,1550,6200000
2,House,Warangal,1000,9000000
2,House,Warangal,1710,14000000
2,House,Warangal,800,2600000
2,House,Warangal,1591,15000000
2,House,Warangal,1281,7000000
